Workbook

Sheet Terminologies

Sheet Instructions
A1: Sr No | B1: Particulars
A2: 1 | B2: Each Region will have a unique Area Name, OLT ID & Cluster ID.
A3: =A2+1 -> 2 | B3: Every FAT/OLD/FDC/JC will have a unique ID.
A4: =A3+1 -> 3 | B4: Each entity as mentioned in above pt, will have a separate row & respective entry in the tracker | R4: Item Name
A5: =A4+1 -> 4 | B5: Kindly refer Terminologies sheet for model understanding. Alternatively you can also use respective SLDs for the same | R5: FDC
A6: =A5+1 -> 5 | B6: For filling the trackers, regional teams will have to fill cells where Headings are not highlighted. | R6: FAT Box
A7: =A6+1 -> 6 | B7: Central Team will be filling data for cells where Headings are highlighted in Yellow | R7: Duct
A8: =A7+1 -> 7 | B8: Kindly do not fill any cell where headings are highlighted in Green. | R8: Primary Splitter
A9: =A8+1 -> 8 | B9: For all FAT/FDC there will be an entry of separate row in "Node Details" sheet.
A10: =A9+1 -> 9 | B10: Any extension of current path,route will be treated as a new route.
A11: =A10+1 -> 10 | B11: Any new branch getting deployed from same common FAT/FDC which is not part of existing route shall be treated as a New Route.
A12: =A11+1 -> 11 | B12: Fiber Material & Fiber Execution service details are to be entered in "Route Details" & "Node Details" sheet only.
A13: =A12+1 -> 12 | B13: Tracker has to be filled all routes that are RFS/Deployed irrespective of Sign-off.
A14: =A13+1 -> 13 | B14: Billing start date will be HOTO date, when penetration % is >=50% | R14: Secondary Splitter
A15: =A14+1 -> 14 | B15: Kindly enter date in DD_MMM_YYYY format for all columns where date has to be entered. | R15: Pigtail
A16: =A15+1 -> 15 | B16: Kindly do not alter format of the sheet, i.e add or delete rows/columns or do any formatting changes. | R16: Patch Cords
R17: Tiffin Box
R18: FMS

Sheet Route-Details
O1: =SUBTOTAL(9,O3:O1048576) -> 38662 | W1: =SUBTOTAL(9,W3:W1048576) -> 38662 | X1: =SUBTOTAL(9,X3:X1048576) -> 37231 | AE1: =SUBTOTAL(9,AE3:AE1048576) -> 38662 | AL1: =SUBTOTAL(9,AL3:AL1048576) -> 37231 | BB1: =SUBTOTAL(9,BB3:BB1048576) -> 37231 | BC1: =SUBTOTAL(9,BC3:BC1048576) -> 694861
A2: Sr No | B2: Unique Route ID | C2: FDC/FAT Unique ID (Start Point) | D2: Start point Latlong | E2: FDC/FAT Unique ID (End Point) | F2: End point Latlong | G2: Customer | H2: Area Name | I2: City | J2: Telecom Circle | K2: State | L2: OLT ID | M2: Cluster ID | N2: Online AT Date (Delivered) | O2: Online AT Length (Delivered) | P2: HOTO Date | Q2: HOTO Signoff Date | R2: Start Date (Date from which we can bill) | S2: Lock-in Period | T2: Surrender Date | U2: Fresh Delivery/Renewal | V2: Fiber Capacity | W2: OTDR length (in meters) | X2: Customer Billable length (in meters) | Z2: Customer PO no | AA2: PO length | AB2: PO Date | AC2: PO Rate | AE2: Fiber length deployed/used (in meters) | AF2: Fiber Type | AG2: Fiber Capacity | AH2: Fiber Rate per meter (incl Freight) | AI2: Fiber Material Cost | AK2: Execution Vendor Name | AL2: Vendor Billable Length (Fiber laying) | AM2: Fiber Laying Rate | AN2: Fiber Laying/Execution Cost | AO2: OTM Length | AP2: OTM Execution Rate | AQ2: OTM Cost | AR2: Total Vendor Cost | AT2: Vendor PO No | AU2: Vendor PO Date | AV2: Vendor PO Rate | AW2: Vendor PO Cost | AY2: Vendor Invoice No | AZ2: Vendor Invoice Date | BA2: Vendor Invoice Rate | BB2: Vendor Invoiced length | BC2: Invoice Amt | BE2: Route no | BF2: Unique Route ID | BG2: Remark | BH2: Remark2
A3: 1 | B3: 000000AXZ-0000AXZ01 | C3: AXZ | E3: AXZ01 | G3: Airtel | H3: DARIA | I3: Chandigarh | J3: Punjab | K3: Chandigarh | L3: AXZ | M3: AXZ | N3: 46110 | O3: 223 | P3: 46110 | Q3: 46119 | R3: 46110 | U3: Fresh | V3: 24F | W3: 223 | X3: 172 | Z3: PO awaited | AC3: 30.5 | AE3: 223 | AF3: UA | AG3: 24F | AH3: 24.5 | AI3: =IF(AE3<>"",AH3*AE3,0) -> 5463.5 | AK3: DROR Services Private Limited | AL3: 172 | AM3: 18 | AN3: =IF(AL3<>"",AM3*AL3,0) -> 3096 | AQ3: =IF(AO3<>"",AP3*AO3,0) -> 0 | AR3: =AQ3+AN3 -> 3096 | AT3: ET-PO-PUN-2604-0017 | AU3: 46141 | AV3: =AM3 -> 18 | AW3: =AV3*AL3 -> 3096 | AY3: DSHR/2026-27/131 | AZ3: 46153 | BA3: =AM3 -> 18 | BB3: =AL3 -> 172 | BC3: =IF(BB3<>"",BB3*BA3,0) -> 3096 | BE3: R-1 | BF3: 000000AXZ-0000AXZ01 | BG3: FY 2025-26 H2 Data
A4: =A3+1 -> 2 | B4: 000000AXZ-0000AXZ03 | C4: AXZ | E4: AXZ03 | G4: Airtel | H4: DARIA | I4: Chandigarh | J4: Punjab | K4: Chandigarh | L4: AXZ | M4: AXZ | N4: 46110 | O4: 362 | P4: 46110 | Q4: 46119 | R4: 46110 | U4: Fresh | V4: 24F | W4: 362 | X4: 300 | Z4: PO awaited | AC4: 30.5 | AE4: 362 | AF4: UA | AG4: 24F | AH4: 24.5 | AI4: =IF(AE4<>"",AH4*AE4,0) -> 8869 | AK4: DROR Services Private Limited | AL4: 300 | AM4: 18 | AN4: =IF(AL4<>"",AM4*AL4,0) -> 5400 | AQ4: =IF(AO4<>"",AP4*AO4,0) -> 0 | AR4: =AQ4+AN4 -> 5400 | AT4: ET-PO-PUN-2604-0017 | AU4: 46141 | AV4: =AM4 -> 18 | AW4: =AV4*AL4 -> 5400 | AY4: DSHR/2026-27/131 | AZ4: 46153 | BA4: =AM4 -> 18 | BB4: =AL4 -> 300 | BC4: =IF(BB4<>"",BB4*BA4,0) -> 5400 | BE4: R-2 | BF4: 000000AXZ-0000AXZ03 | BG4: FY 2025-26 H2 Data
A5: =A4+1 -> 3 | B5: 0000AXZ01-AXZ010101 | C5: AXZ01 | E5: AXZ010101 | G5: Airtel | H5: DARIA | I5: Chandigarh | J5: Punjab | K5: Chandigarh | L5: AXZ | M5: AXZ | N5: 46110 | O5: 10 | P5: 46110 | Q5: 46119 | R5: 46110 | U5: Fresh | V5: 12F | W5: 10 | X5: 10 | Z5: PO awaited | AC5: 25.5 | AE5: 10 | AF5: UA | AG5: 12F | AH5: 12.5 | AI5: =IF(AE5<>"",AH5*AE5,0) -> 125 | AK5: DROR Services Private Limited | AL5: 10 | AM5: 18 | AN5: =IF(AL5<>"",AM5*AL5,0) -> 180 | AQ5: =IF(AO5<>"",AP5*AO5,0) -> 0 | AR5: =AQ5+AN5 -> 180 | AT5: ET-PO-PUN-2604-0017 | AU5: 46141 | AV5: =AM5 -> 18 | AW5: =AV5*AL5 -> 180 | AY5: DSHR/2026-27/131 | AZ5: 46153 | BA5: =AM5 -> 18 | BB5: =AL5 -> 10 | BC5: =IF(BB5<>"",BB5*BA5,0) -> 180 | BE5: R-3 | BF5: 0000AXZ01-AXZ010101 | BG5: FY 2025-26 H2 Data
A6: =A5+1 -> 4 | B6: 0000AXZ01-AXZ010102 | C6: AXZ01 | E6: AXZ010102 | G6: Airtel | H6: DARIA | I6: Chandigarh | J6: Punjab | K6: Chandigarh | L6: AXZ | M6: AXZ | N6: 46110 | O6: 217 | P6: 46110 | Q6: 46119 | R6: 46110 | U6: Fresh | V6: 12F | W6: 217 | X6: 214 | Z6: PO awaited | AC6: 25.5 | AE6: 217 | AF6: UA | AG6: 12F | AH6: 12.5 | AI6: =IF(AE6<>"",AH6*AE6,0) -> 2712.5 | AK6: DROR Services Private Limited | AL6: 214 | AM6: 18 | AN6: =IF(AL6<>"",AM6*AL6,0) -> 3852 | AQ6: =IF(AO6<>"",AP6*AO6,0) -> 0 | AR6: =AQ6+AN6 -> 3852 | AT6: ET-PO-PUN-2604-0017 | AU6: 46141 | AV6: =AM6 -> 18 | AW6: =AV6*AL6 -> 3852 | AY6: DSHR/2026-27/131 | AZ6: 46153 | BA6: =AM6 -> 18 | BB6: =AL6 -> 214 | BC6: =IF(BB6<>"",BB6*BA6,0) -> 3852 | BE6: R-4 | BF6: 0000AXZ01-AXZ010102 | BG6: FY 2025-26 H2 Data
A7: =A6+1 -> 5 | B7: 0000AXZ01-AXZ010105 | C7: AXZ01 | E7: AXZ010105 | G7: Airtel | H7: DARIA | I7: Chandigarh | J7: Punjab | K7: Chandigarh | L7: AXZ | M7: AXZ | N7: 46110 | O7: 233 | P7: 46110 | Q7: 46119 | R7: 46110 | U7: Fresh | V7: 12F | W7: 233 | X7: 224 | Z7: PO awaited | AC7: 25.5 | AE7: 233 | AF7: UA | AG7: 12F | AH7: 12.5 | AI7: =IF(AE7<>"",AH7*AE7,0) -> 2912.5 | AK7: DROR Services Private Limited | AL7: 224 | AM7: 18 | AN7: =IF(AL7<>"",AM7*AL7,0) -> 4032 | AQ7: =IF(AO7<>"",AP7*AO7,0) -> 0 | AR7: =AQ7+AN7 -> 4032 | AT7: ET-PO-PUN-2604-0017 | AU7: 46141 | AV7: =AM7 -> 18 | AW7: =AV7*AL7 -> 4032 | AY7: DSHR/2026-27/131 | AZ7: 46153 | BA7: =AM7 -> 18 | BB7: =AL7 -> 224 | BC7: =IF(BB7<>"",BB7*BA7,0) -> 4032 | BE7: R-5 | BF7: 0000AXZ01-AXZ010105 | BG7: FY 2025-26 H2 Data
A8: =A7+1 -> 6 | B8: 0000AXZ01-AXZ010202 | C8: AXZ01 | E8: AXZ010202 | G8: Airtel | H8: DARIA | I8: Chandigarh | J8: Punjab | K8: Chandigarh | L8: AXZ | M8: AXZ | N8: 46110 | O8: 456 | P8: 46110 | Q8: 46119 | R8: 46110 | U8: Fresh | V8: 12F | W8: 456 | X8: 441 | Z8: PO awaited | AC8: 25.5 | AE8: 456 | AF8: UA | AG8: 12F | AH8: 12.5 | AI8: =IF(AE8<>"",AH8*AE8,0) -> 5700 | AK8: DROR Services Private Limited | AL8: 441 | AM8: 18 | AN8: =IF(AL8<>"",AM8*AL8,0) -> 7938 | AQ8: =IF(AO8<>"",AP8*AO8,0) -> 0 | AR8: =AQ8+AN8 -> 7938 | AT8: ET-PO-PUN-2604-0017 | AU8: 46141 | AV8: =AM8 -> 18 | AW8: =AV8*AL8 -> 7938 | AY8: DSHR/2026-27/131 | AZ8: 46153 | BA8: =AM8 -> 18 | BB8: =AL8 -> 441 | BC8: =IF(BB8<>"",BB8*BA8,0) -> 7938 | BE8: R-6 | BF8: 0000AXZ01-AXZ010202 | BG8: FY 2025-26 H2 Data
A9: =A8+1 -> 7 | B9: 0000AXZ02-AXZ020101 | C9: AXZ02 | E9: AXZ020101 | G9: Airtel | H9: DARIA | I9: Chandigarh | J9: Punjab | K9: Chandigarh | L9: AXZ | M9: AXZ | N9: 46110 | O9: 10 | P9: 46110 | Q9: 46119 | R9: 46110 | U9: Fresh | V9: 12F | W9: 10 | X9: 10 | Z9: PO awaited | AC9: 25.5 | AE9: 10 | AF9: UA | AG9: 12F | AH9: 12.5 | AI9: =IF(AE9<>"",AH9*AE9,0) -> 125 | AK9: DROR Services Private Limited | AL9: 10 | AM9: 18 | AN9: =IF(AL9<>"",AM9*AL9,0) -> 180 | AQ9: =IF(AO9<>"",AP9*AO9,0) -> 0 | AR9: =AQ9+AN9 -> 180 | AT9: ET-PO-PUN-2604-0017 | AU9: 46141 | AV9: =AM9 -> 18 | AW9: =AV9*AL9 -> 180 | AY9: DSHR/2026-27/131 | AZ9: 46153 | BA9: =AM9 -> 18 | BB9: =AL9 -> 10 | BC9: =IF(BB9<>"",BB9*BA9,0) -> 180 | BE9: R-7 | BF9: 0000AXZ02-AXZ020101 | BG9: FY 2025-26 H2 Data
A10: =A9+1 -> 8 | B10: 0000AXZ02-AXZ020103 | C10: AXZ02 | E10: AXZ020103 | G10: Airtel | H10: DARIA | I10: Chandigarh | J10: Punjab | K10: Chandigarh | L10: AXZ | M10: AXZ | N10: 46110 | O10: 84 | P10: 46110 | Q10: 46119 | R10: 46110 | U10: Fresh | V10: 12F | W10: 84 | X10: 77 | Z10: PO awaited | AC10: 25.5 | AE10: 84 | AF10: UA | AG10: 12F | AH10: 12.5 | AI10: =IF(AE10<>"",AH10*AE10,0) -> 1050 | AK10: DROR Services Private Limited | AL10: 77 | AM10: 18 | AN10: =IF(AL10<>"",AM10*AL10,0) -> 1386 | AQ10: =IF(AO10<>"",AP10*AO10,0) -> 0 | AR10: =AQ10+AN10 -> 1386 | AT10: ET-PO-PUN-2604-0017 | AU10: 46141 | AV10: =AM10 -> 18 | AW10: =AV10*AL10 -> 1386 | AY10: DSHR/2026-27/131 | AZ10: 46153 | BA10: =AM10 -> 18 | BB10: =AL10 -> 77 | BC10: =IF(BB10<>"",BB10*BA10,0) -> 1386 | BE10: R-8 | BF10: 0000AXZ02-AXZ020103 | BG10: FY 2025-26 H2 Data
A11: =A10+1 -> 9 | B11: 0000AXZ02-AXZ020203 | C11: AXZ02 | E11: AXZ020203 | G11: Airtel | H11: DARIA | I11: Chandigarh | J11: Punjab | K11: Chandigarh | L11: AXZ | M11: AXZ | N11: 46110 | O11: 445 | P11: 46110 | Q11: 46119 | R11: 46110 | U11: Fresh | V11: 12F | W11: 445 | X11: 420 | Z11: PO awaited | AC11: 25.5 | AE11: 445 | AF11: UA | AG11: 12F | AH11: 12.5 | AI11: =IF(AE11<>"",AH11*AE11,0) -> 5562.5 | AK11: DROR Services Private Limited | AL11: 420 | AM11: 18 | AN11: =IF(AL11<>"",AM11*AL11,0) -> 7560 | AQ11: =IF(AO11<>"",AP11*AO11,0) -> 0 | AR11: =AQ11+AN11 -> 7560 | AT11: ET-PO-PUN-2604-0017 | AU11: 46141 | AV11: =AM11 -> 18 | AW11: =AV11*AL11 -> 7560 | AY11: DSHR/2026-27/131 | AZ11: 46153 | BA11: =AM11 -> 18 | BB11: =AL11 -> 420 | BC11: =IF(BB11<>"",BB11*BA11,0) -> 7560 | BE11: R-9 | BF11: 0000AXZ02-AXZ020203 | BG11: FY 2025-26 H2 Data
A12: =A11+1 -> 10 | B12: 0000AXZ03-AXZ030101 | C12: AXZ03 | E12: AXZ030101 | G12: Airtel | H12: DARIA | I12: Chandigarh | J12: Punjab | K12: Chandigarh | L12: AXZ | M12: AXZ | N12: 46110 | O12: 10 | P12: 46110 | Q12: 46119 | R12: 46110 | U12: Fresh | V12: 12F | W12: 10 | X12: 10 | Z12: PO awaited | AC12: 25.5 | AE12: 10 | AF12: UA | AG12: 12F | AH12: 12.5 | AI12: =IF(AE12<>"",AH12*AE12,0) -> 125 | AK12: DROR Services Private Limited | AL12: 10 | AM12: 18 | AN12: =IF(AL12<>"",AM12*AL12,0) -> 180 | AQ12: =IF(AO12<>"",AP12*AO12,0) -> 0 | AR12: =AQ12+AN12 -> 180 | AT12: ET-PO-PUN-2604-0017 | AU12: 46141 | AV12: =AM12 -> 18 | AW12: =AV12*AL12 -> 180 | AY12: DSHR/2026-27/131 | AZ12: 46153 | BA12: =AM12 -> 18 | BB12: =AL12 -> 10 | BC12: =IF(BB12<>"",BB12*BA12,0) -> 180 | BE12: R-10 | BF12: 0000AXZ03-AXZ030101 | BG12: FY 2025-26 H2 Data
A13: =A12+1 -> 11 | B13: 0000AXZ03-AXZ030102 | C13: AXZ03 | E13: AXZ030102 | G13: Airtel | H13: DARIA | I13: Chandigarh | J13: Punjab | K13: Chandigarh | L13: AXZ | M13: AXZ | N13: 46110 | O13: 50 | P13: 46110 | Q13: 46119 | R13: 46110 | U13: Fresh | V13: 24F | W13: 50 | X13: 39 | Z13: PO awaited | AC13: 30.5 | AE13: 50 | AF13: UA | AG13: 24F | AH13: 24.5 | AI13: =IF(AE13<>"",AH13*AE13,0) -> 1225 | AK13: DROR Services Private Limited | AL13: 39 | AM13: 18 | AN13: =IF(AL13<>"",AM13*AL13,0) -> 702 | AQ13: =IF(AO13<>"",AP13*AO13,0) -> 0 | AR13: =AQ13+AN13 -> 702 | AT13: ET-PO-PUN-2604-0017 | AU13: 46141 | AV13: =AM13 -> 18 | AW13: =AV13*AL13 -> 702 | AY13: DSHR/2026-27/131 | AZ13: 46153 | BA13: =AM13 -> 18 | BB13: =AL13 -> 39 | BC13: =IF(BB13<>"",BB13*BA13,0) -> 702 | BE13: R-11 | BF13: 0000AXZ03-AXZ030102 | BG13: FY 2025-26 H2 Data
A14: =A13+1 -> 12 | B14: 0000AXZ03-AXZ030104 | C14: AXZ03 | E14: AXZ030104 | G14: Airtel | H14: DARIA | I14: Chandigarh | J14: Punjab | K14: Chandigarh | L14: AXZ | M14: AXZ | N14: 46110 | O14: 152 | P14: 46110 | Q14: 46119 | R14: 46110 | U14: Fresh | V14: 24F | W14: 152 | X14: 130 | Z14: PO awaited | AC14: 30.5 | AE14: 152 | AF14: UA | AG14: 24F | AH14: 24.5 | AI14: =IF(AE14<>"",AH14*AE14,0) -> 3724 | AK14: DROR Services Private Limited | AL14: 130 | AM14: 18 | AN14: =IF(AL14<>"",AM14*AL14,0) -> 2340 | AQ14: =IF(AO14<>"",AP14*AO14,0) -> 0 | AR14: =AQ14+AN14 -> 2340 | AT14: ET-PO-PUN-2604-0017 | AU14: 46141 | AV14: =AM14 -> 18 | AW14: =AV14*AL14 -> 2340 | AY14: DSHR/2026-27/131 | AZ14: 46153 | BA14: =AM14 -> 18 | BB14: =AL14 -> 130 | BC14: =IF(BB14<>"",BB14*BA14,0) -> 2340 | BE14: R-12 | BF14: 0000AXZ03-AXZ030104 | BG14: FY 2025-26 H2 Data
A15: =A14+1 -> 13 | B15: AXZ030104-AXZ030106 | C15: AXZ030104 | E15: AXZ030106 | G15: Airtel | H15: DARIA | I15: Chandigarh | J15: Punjab | K15: Chandigarh | L15: AXZ | M15: AXZ | N15: 46110 | O15: 213 | P15: 46110 | Q15: 46119 | R15: 46110 | U15: Fresh | V15: 24F | W15: 213 | X15: 176 | Z15: PO awaited | AC15: 30.5 | AE15: 213 | AF15: UA | AG15: 24F | AH15: 24.5 | AI15: =IF(AE15<>"",AH15*AE15,0) -> 5218.5 | AK15: DROR Services Private Limited | AL15: 176 | AM15: 18 | AN15: =IF(AL15<>"",AM15*AL15,0) -> 3168 | AQ15: =IF(AO15<>"",AP15*AO15,0) -> 0 | AR15: =AQ15+AN15 -> 3168 | AT15: ET-PO-PUN-2604-0017 | AU15: 46141 | AV15: =AM15 -> 18 | AW15: =AV15*AL15 -> 3168 | AY15: DSHR/2026-27/131 | AZ15: 46153 | BA15: =AM15 -> 18 | BB15: =AL15 -> 176 | BC15: =IF(BB15<>"",BB15*BA15,0) -> 3168 | BE15: R-15 | BF15: AXZ030104-AXZ030106 | BG15: FY 2025-26 H2 Data
... A17: =A16+1 -> 15 | B17: AXZ030201-AXZ030205 | C17: AXZ030201 | E17: AXZ030205 | G17: Airtel | H17: DARIA | I17: Chandigarh | J17: Punjab | K17: Chandigarh | L17: AXZ | M17: AXZ | N17: 46110 | O17: 88 | P17: 46110 | Q17: 46119 | R17: 46110 | U17: Fresh | V17: 12F | W17: 88 | X17: 82 | Z17: PO awaited | AC17: 25.5 | AE17: 88 | AF17: UA | AG17: 12F | AH17: 12.5 | AI17: =IF(AE17<>"",AH17*AE17,0) -> 1100 | AK17: DROR Services Private Limited | AL17: 82 | AM17: 18 | AN17: =IF(AL17<>"",AM17*AL17,0) -> 1476 | AQ17: =IF(AO17<>"",AP17*AO17,0) -> 0 | AR17: =AQ17+AN17 -> 1476 | AT17: ET-PO-PUN-2604-0017 | AU17: 46141 | AV17: =AM17 -> 18 | AW17: =AV17*AL17 -> 1476 | AY17: DSHR/2026-27/131 | AZ17: 46153 | BA17: =AM17 -> 18 | BB17: =AL17 -> 82 | BC17: =IF(BB17<>"",BB17*BA17,0) -> 1476 | BE17: R-14 | BF17: AXZ030201-AXZ030205 | BG17: FY 2025-26 H2 Data
A18: =A17+1 -> 16 | B18: 000000AXY-0000AXY12 | C18: AXY | E18: AXY12 | G18: Airtel | H18: DARIA | I18: Chandigarh | J18: Punjab | K18: Chandigarh | L18: AXY | M18: AXY | N18: 46112 | O18: 931 | P18: 46113 | Q18: 46125 | R18: 46113 | U18: Fresh | V18: 48F | W18: 931 | X18: 811 | Z18: PO awaited | AC18: 35.5 | AE18: 931 | AF18: UA | AG18: 48F | AH18: 38.5 | AI18: =IF(AE18<>"",AH18*AE18,0) -> 35843.5 | AK18: DROR Services Private Limited | AL18: 811 | AM18: 20 | AN18: =IF(AL18<>"",AM18*AL18,0) -> 16220 | AQ18: =IF(AO18<>"",AP18*AO18,0) -> 0 | AR18: =AQ18+AN18 -> 16220 | AT18: ET-PO-PUN-2604-0016 | AU18: 46141 | AV18: =AM18 -> 20 | AW18: =AV18*AL18 -> 16220 | AY18: Invoice Awaited | BA18: =AM18 -> 20 | BB18: =AL18 -> 811 | BC18: =IF(BB18<>"",BB18*BA18,0) -> 16220 | BE18: R-1 | BF18: 000000AXY-0000AXY12 | BG18: FY 2025-26 H2 Data | BH18: Consumption and RFS done in March 2026 but signoff done in April 2026
A19: =A18+1 -> 17 | B19: 000000AXY-0000AXY17 | C19: AXY | E19: AXY17 | G19: Airtel | H19: DARIA | I19: Chandigarh | J19: Punjab | K19: Chandigarh | L19: AXY | M19: AXY | N19: 46112 | O19: 654 | P19: 46113 | Q19: 46125 | R19: 46113 | U19: Fresh | V19: 48F | W19: 654 | X19: 589 | Z19: PO awaited | AC19: 35.5 | AE19: 654 | AF19: UA | AG19: 48F | AH19: 38.5 | AI19: =IF(AE19<>"",AH19*AE19,0) -> 25179 | AK19: DROR Services Private Limited | AL19: 589 | AM19: 20 | AN19: =IF(AL19<>"",AM19*AL19,0) -> 11780 | AQ19: =IF(AO19<>"",AP19*AO19,0) -> 0 | AR19: =AQ19+AN19 -> 11780 | AT19: ET-PO-PUN-2604-0016 | AU19: 46141 | AV19: =AM19 -> 20 | AW19: =AV19*AL19 -> 11780 | AY19: Invoice Awaited | BA19: =AM19 -> 20 | BB19: =AL19 -> 589 | BC19: =IF(BB19<>"",BB19*BA19,0) -> 11780 | BE19: R-2 | BF19: 000000AXY-0000AXY17 | BG19: FY 2025-26 H2 Data | BH19: Consumption and RFS done in March 2026 but signoff done in April 2026
A20: =A19+1 -> 18 | B20: 000000AXY-0000AXY01 | C20: AXY | E20: AXY01 | G20: Airtel | H20: DARIA | I20: Chandigarh | J20: Punjab | K20: Chandigarh | L20: AXY | M20: AXY | N20: 46112 | O20: 129 | P20: 46113 | Q20: 46125 | R20: 46113 | U20: Fresh | V20: 24F | W20: 129 | X20: 128 | Z20: PO awaited | AC20: 30.5 | AE20: 129 | AF20: UA | AG20: 24F | AH20: 24.5 | AI20: =IF(AE20<>"",AH20*AE20,0) -> 3160.5 | AK20: DROR Services Private Limited | AL20: 128 | AM20: 18 | AN20: =IF(AL20<>"",AM20*AL20,0) -> 2304 | AQ20: =IF(AO20<>"",AP20*AO20,0) -> 0 | AR20: =AQ20+AN20 -> 2304 | AT20: ET-PO-PUN-2604-0016 | AU20: 46141 | AV20: =AM20 -> 18 | AW20: =AV20*AL20 -> 2304 | AY20: Invoice Awaited | BA20: =AM20 -> 18 | BB20: =AL20 -> 128 | BC20: =IF(BB20<>"",BB20*BA20,0) -> 2304 | BE20: R-3 | BF20: 000000AXY-0000AXY01 | BG20: FY 2025-26 H2 Data | BH20: Consumption and RFS done in March 2026 but signoff done in April 2026
A21: =A20+1 -> 19 | B21: 0000AXY04-0000AXY05 | C21: AXY04 | E21: AXY05 | G21: Airtel | H21: DARIA | I21: Chandigarh | J21: Punjab | K21: Chandigarh | L21: AXY | M21: AXY | N21: 46112 | O21: 109 | P21: 46113 | Q21: 46125 | R21: 46113 | U21: Fresh | V21: 24F | W21: 109 | X21: 110 | Z21: PO awaited | AC21: 30.5 | AE21: 109 | AF21: UA | AG21: 24F | AH21: 24.5 | AI21: =IF(AE21<>"",AH21*AE21,0) -> 2670.5 | AK21: DROR Services Private Limited | AL21: 110 | AM21: 18 | AN21: =IF(AL21<>"",AM21*AL21,0) -> 1980 | AQ21: =IF(AO21<>"",AP21*AO21,0) -> 0 | AR21: =AQ21+AN21 -> 1980 | AT21: ET-PO-PUN-2604-0016 | AU21: 46141 | AV21: =AM21 -> 18 | AW21: =AV21*AL21 -> 1980 | AY21: Invoice Awaited | BA21: =AM21 -> 18 | BB21: =AL21 -> 110 | BC21: =IF(BB21<>"",BB21*BA21,0) -> 1980 | BE21: R-4 | BF21: 0000AXY04-0000AXY05 | BG21: FY 2025-26 H2 Data | BH21: Consumption and RFS done in March 2026 but signoff done in April 2026
A22: =A21+1 -> 20 | B22: 0000AXY02-0000AXY03 | C22: AXY02 | E22: AXY03 | G22: Airtel | H22: DARIA | I22: Chandigarh | J22: Punjab | K22: Chandigarh | L22: AXY | M22: AXY | N22: 46112 | O22: 62 | P22: 46113 | Q22: 46125 | R22: 46113 | U22: Fresh | V22: 24F | W22: 62 | X22: 62 | Z22: PO awaited | AC22: 30.5 | AE22: 62 | AF22: UA | AG22: 24F | AH22: 24.5 | AI22: =IF(AE22<>"",AH22*AE22,0) -> 1519 | AK22: DROR Services Private Limited | AL22: 62 | AM22: 18 | AN22: =IF(AL22<>"",AM22*AL22,0) -> 1116 | AQ22: =IF(AO22<>"",AP22*AO22,0) -> 0 | AR22: =AQ22+AN22 -> 1116 | AT22: ET-PO-PUN-2604-0016 | AU22: 46141 | AV22: =AM22 -> 18 | AW22: =AV22*AL22 -> 1116 | AY22: Invoice Awaited | BA22: =AM22 -> 18 | BB22: =AL22 -> 62 | BC22: =IF(BB22<>"",BB22*BA22,0) -> 1116 | BE22: R-5 | BF22: 0000AXY02-0000AXY03 | BG22: FY 2025-26 H2 Data | BH22: Consumption and RFS done in March 2026 but signoff done in April 2026
A23: =A22+1 -> 21 | B23: 0000AXY01-AXY010101 | C23: AXY01 | E23: AXY010101 | G23: Airtel | H23: DARIA | I23: Chandigarh | J23: Punjab | K23: Chandigarh | L23: AXY | M23: AXY | N23: 46112 | O23: 10 | P23: 46113 | Q23: 46125 | R23: 46113 | U23: Fresh | V23: 12F | W23: 10 | X23: 10 | Z23: PO awaited | AC23: 25.5 | AE23: 10 | AF23: UA | AG23: 12F | AH23: 12.5 | AI23: =IF(AE23<>"",AH23*AE23,0) -> 125 | AK23: DROR Services Private Limited | AL23: 10 | AM23: 18 | AN23: =IF(AL23<>"",AM23*AL23,0) -> 180 | AQ23: =IF(AO23<>"",AP23*AO23,0) -> 0 | AR23: =AQ23+AN23 -> 180 | AT23: ET-PO-PUN-2604-0016 | AU23: 46141 | AV23: =AM23 -> 18 | AW23: =AV23*AL23 -> 180 | AY23: Invoice Awaited | BA23: =AM23 -> 18 | BB23: =AL23 -> 10 | BC23: =IF(BB23<>"",BB23*BA23,0) -> 180 | BE23: R-6 | BF23: 0000AXY01-AXY010101 | BG23: FY 2025-26 H2 Data | BH23: Consumption and RFS done in March 2026 but signoff done in April 2026
A24: =A23+1 -> 22 | B24: 0000AXY01-AXY010104 | C24: AXY01 | E24: AXY010104 | G24: Airtel | H24: DARIA | I24: Chandigarh | J24: Punjab | K24: Chandigarh | L24: AXY | M24: AXY | N24: 46112 | O24: 114 | P24: 46113 | Q24: 46125 | R24: 46113 | U24: Fresh | V24: 12F | W24: 114 | X24: 106 | Z24: PO awaited | AC24: 25.5 | AE24: 114 | AF24: UA | AG24: 12F | AH24: 12.5 | AI24: =IF(AE24<>"",AH24*AE24,0) -> 1425 | AK24: DROR Services Private Limited | AL24: 106 | AM24: 18 | AN24: =IF(AL24<>"",AM24*AL24,0) -> 1908 | AQ24: =IF(AO24<>"",AP24*AO24,0) -> 0 | AR24: =AQ24+AN24 -> 1908 | AT24: ET-PO-PUN-2604-0016 | AU24: 46141 | AV24: =AM24 -> 18 | AW24: =AV24*AL24 -> 1908 | AY24: Invoice Awaited | BA24: =AM24 -> 18 | BB24: =AL24 -> 106 | BC24: =IF(BB24<>"",BB24*BA24,0) -> 1908 | BE24: R-7 | BF24: 0000AXY01-AXY010104 | BG24: FY 2025-26 H2 Data | BH24: Consumption and RFS done in March 2026 but signoff done in April 2026
A25: =A24+1 -> 23 | B25: 0000AXY01-AXY010102 | C25: AXY01 | E25: AXY010102 | G25: Airtel | H25: DARIA | I25: Chandigarh | J25: Punjab | K25: Chandigarh | L25: AXY | M25: AXY | N25: 46112 | O25: 31 | P25: 46113 | Q25: 46125 | R25: 46113 | U25: Fresh | V25: 12F | W25: 31 | X25: 26 | Z25: PO awaited | AC25: 25.5 | AE25: 31 | AF25: UA | AG25: 12F | AH25: 12.5 | AI25: =IF(AE25<>"",AH25*AE25,0) -> 387.5 | AK25: DROR Services Private Limited | AL25: 26 | AM25: 18 | AN25: =IF(AL25<>"",AM25*AL25,0) -> 468 | AQ25: =IF(AO25<>"",AP25*AO25,0) -> 0 | AR25: =AQ25+AN25 -> 468 | AT25: ET-PO-PUN-2604-0016 | AU25: 46141 | AV25: =AM25 -> 18 | AW25: =AV25*AL25 -> 468 | AY25: Invoice Awaited | BA25: =AM25 -> 18 | BB25: =AL25 -> 26 | BC25: =IF(BB25<>"",BB25*BA25,0) -> 468 | BE25: R-8 | BF25: 0000AXY01-AXY010102 | BG25: FY 2025-26 H2 Data | BH25: Consumption and RFS done in March 2026 but signoff done in April 2026
A26: =A25+1 -> 24 | B26: 0000AXY03-AXY030101 | C26: AXY03 | E26: AXY030101 | G26: Airtel | H26: DARIA | I26: Chandigarh | J26: Punjab | K26: Chandigarh | L26: AXY | M26: AXY | N26: 46112 | O26: 10 | P26: 46113 | Q26: 46125 | R26: 46113 | U26: Fresh | V26: 12F | W26: 10 | X26: 10 | Z26: PO awaited | AC26: 25.5 | AE26: 10 | AF26: UA | AG26: 12F | AH26: 12.5 | AI26: =IF(AE26<>"",AH26*AE26,0) -> 125 | AK26: DROR Services Private Limited | AL26: 10 | AM26: 18 | AN26: =IF(AL26<>"",AM26*AL26,0) -> 180 | AQ26: =IF(AO26<>"",AP26*AO26,0) -> 0 | AR26: =AQ26+AN26 -> 180 | AT26: ET-PO-PUN-2604-0016 | AU26: 46141 | AV26: =AM26 -> 18 | AW26: =AV26*AL26 -> 180 | AY26: Invoice Awaited | BA26: =AM26 -> 18 | BB26: =AL26 -> 10 | BC26: =IF(BB26<>"",BB26*BA26,0) -> 180 | BE26: R-9 | BF26: 0000AXY03-AXY030101 | BG26: FY 2025-26 H2 Data | BH26: Consumption and RFS done in March 2026 but signoff done in April 2026
A27: =A26+1 -> 25 | B27: 0000AXY03-AXY030104 | C27: AXY03 | E27: AXY030104 | G27: Airtel | H27: DARIA | I27: Chandigarh | J27: Punjab | K27: Chandigarh | L27: AXY | M27: AXY | N27: 46112 | O27: 122 | P27: 46113 | Q27: 46125 | R27: 46113 | U27: Fresh | V27: 12F | W27: 122 | X27: 112 | Z27: PO awaited | AC27: 25.5 | AE27: 122 | AF27: UA | AG27: 12F | AH27: 12.5 | AI27: =IF(AE27<>"",AH27*AE27,0) -> 1525 | AK27: DROR Services Private Limited | AL27: 112 | AM27: 18 | AN27: =IF(AL27<>"",AM27*AL27,0) -> 2016 | AQ27: =IF(AO27<>"",AP27*AO27,0) -> 0 | AR27: =AQ27+AN27 -> 2016 | AT27: ET-PO-PUN-2604-0016 | AU27: 46141 | AV27: =AM27 -> 18 | AW27: =AV27*AL27 -> 2016 | AY27: Invoice Awaited | BA27: =AM27 -> 18 | BB27: =AL27 -> 112 | BC27: =IF(BB27<>"",BB27*BA27,0) -> 2016 | BE27: R-10 | BF27: 0000AXY03-AXY030104 | BG27: FY 2025-26 H2 Data | BH27: Consumption and RFS done in March 2026 but signoff done in April 2026
A28: =A27+1 -> 26 | B28: AXY030103-AXY030105 | C28: AXY030103 | E28: AXY030105 | G28: Airtel | H28: DARIA | I28: Chandigarh | J28: Punjab | K28: Chandigarh | L28: AXY | M28: AXY | N28: 46112 | O28: 33 | P28: 46113 | Q28: 46125 | R28: 46113 | U28: Fresh | V28: 12F | W28: 33 | X28: 28 | Z28: PO awaited | AC28: 25.5 | AE28: 33 | AF28: UA | AG28: 12F | AH28: 12.5 | AI28: =IF(AE28<>"",AH28*AE28,0) -> 412.5 | AK28: DROR Services Private Limited | AL28: 28 | AM28: 18 | AN28: =IF(AL28<>"",AM28*AL28,0) -> 504 | AQ28: =IF(AO28<>"",AP28*AO28,0) -> 0 | AR28: =AQ28+AN28 -> 504 | AT28: ET-PO-PUN-2604-0016 | AU28: 46141 | AV28: =AM28 -> 18 | AW28: =AV28*AL28 -> 504 | AY28: Invoice Awaited | BA28: =AM28 -> 18 | BB28: =AL28 -> 28 | BC28: =IF(BB28<>"",BB28*BA28,0) -> 504 | BE28: R-11 | BF28: AXY030103-AXY030105 | BG28: FY 2025-26 H2 Data | BH28: Consumption and RFS done in March 2026 but signoff done in April 2026
A29: =A28+1 -> 27 | B29: 0000AXY03-AXY030108 | C29: AXY03 | E29: AXY030108 | G29: Airtel | H29: DARIA | I29: Chandigarh | J29: Punjab | K29: Chandigarh | L29: AXY | M29: AXY | N29: 46112 | O29: 245 | P29: 46113 | Q29: 46125 | R29: 46113 | U29: Fresh | V29: 24F | W29: 245 | X29: 245 | Z29: PO awaited | AC29: 30.5 | AE29: 245 | AF29: UA | AG29: 24F | AH29: 24.5 | AI29: =IF(AE29<>"",AH29*AE29,0) -> 6002.5 | AK29: DROR Services Private Limited | AL29: 245 | AM29: 18 | AN29: =IF(AL29<>"",AM29*AL29,0) -> 4410 | AQ29: =IF(AO29<>"",AP29*AO29,0) -> 0 | AR29: =AQ29+AN29 -> 4410 | AT29: ET-PO-PUN-2604-0016 | AU29: 46141 | AV29: =AM29 -> 18 | AW29: =AV29*AL29 -> 4410 | AY29: Invoice Awaited | BA29: =AM29 -> 18 | BB29: =AL29 -> 245 | BC29: =IF(BB29<>"",BB29*BA29,0) -> 4410 | BE29: R-12 | BF29: 0000AXY03-AXY030108 | BG29: FY 2025-26 H2 Data | BH29: Consumption and RFS done in March 2026 but signoff done in April 2026
... A74: =A73+1 -> 72 | B74: AXY140202-AXY140203 | C74: AXY140202 | E74: AXY140203 | G74: Airtel | H74: DARIA | I74: Chandigarh | J74: Punjab | K74: Chandigarh | L74: AXY | M74: AXY | N74: 46112 | O74: 41 | P74: 46113 | Q74: 46125 | R74: 46113 | U74: Fresh | V74: 12F | W74: 41 | X74: 39 | Z74: PO awaited | AC74: 25.5 | AE74: 41 | AF74: UA | AG74: 12F | AH74: 12.5 | AI74: =IF(AE74<>"",AH74*AE74,0) -> 512.5 | AK74: DROR Services Private Limited | AL74: 39 | AM74: 18 | AN74: =IF(AL74<>"",AM74*AL74,0) -> 702 | AQ74: =IF(AO74<>"",AP74*AO74,0) -> 0 | AR74: =AQ74+AN74 -> 702 | AT74: ET-PO-PUN-2604-0016 | AU74: 46141 | AV74: =AM74 -> 18 | AW74: =AV74*AL74 -> 702 | AY74: Invoice Awaited | BA74: =AM74 -> 18 | BB74: =AL74 -> 39 | BC74: =IF(BB74<>"",BB74*BA74,0) -> 702 | BE74: R-57 | BF74: AXY140202-AXY140203 | BG74: FY 2025-26 H2 Data | BH74: Consumption and RFS done in March 2026 but signoff done in April 2026
A75: =A74+1 -> 73 | B75: AXY140108-AXY140104 | C75: AXY140108 | E75: AXY140104 | G75: Airtel | H75: DARIA | I75: Chandigarh | J75: Punjab | K75: Chandigarh | L75: AXY | M75: AXY | N75: 46112 | O75: 178 | P75: 46113 | Q75: 46125 | R75: 46113 | U75: Fresh | V75: 12F | W75: 178 | X75: 170 | Z75: PO awaited | AC75: 25.5 | AE75: 178 | AF75: UA | AG75: 12F | AH75: 12.5 | AI75: =IF(AE75<>"",AH75*AE75,0) -> 2225 | AK75: DROR Services Private Limited | AL75: 170 | AM75: 18 | AN75: =IF(AL75<>"",AM75*AL75,0) -> 3060 | AQ75: =IF(AO75<>"",AP75*AO75,0) -> 0 | AR75: =AQ75+AN75 -> 3060 | AT75: ET-PO-PUN-2604-0016 | AU75: 46141 | AV75: =AM75 -> 18 | AW75: =AV75*AL75 -> 3060 | AY75: DSHR/2026-27/130 | AZ75: 46153 | BA75: =AM75 -> 18 | BB75: =AL75 -> 170 | BC75: =IF(BB75<>"",BB75*BA75,0) -> 3060 | BE75: R-58 | BF75: AXY140108-AXY140104 | BG75: FY 2025-26 H2 Data | BH75: Consumption and RFS done in March 2026 but signoff done in April 2026
A76: =A75+1 -> 74 | B76: 0000AXY15-AXY150103 | C76: AXY15 | E76: AXY150103 | G76: Airtel | H76: DARIA | I76: Chandigarh | J76: Punjab | K76: Chandigarh | L76: AXY | M76: AXY | N76: 46112 | O76: 131 | P76: 46113 | Q76: 46125 | R76: 46113 | U76: Fresh | V76: 12F | W76: 131 | X76: 125 | Z76: PO awaited | AC76: 25.5 | AE76: 131 | AF76: UA | AG76: 12F | AH76: 12.5 | AI76: =IF(AE76<>"",AH76*AE76,0) -> 1637.5 | AK76: DROR Services Private Limited | AL76: 125 | AM76: 18 | AN76: =IF(AL76<>"",AM76*AL76,0) -> 2250 | AQ76: =IF(AO76<>"",AP76*AO76,0) -> 0 | AR76: =AQ76+AN76 -> 2250 | AT76: ET-PO-PUN-2604-0016 | AU76: 46141 | AV76: =AM76 -> 18 | AW76: =AV76*AL76 -> 2250 | AY76: DSHR/2026-27/130 | AZ76: 46153 | BA76: =AM76 -> 18 | BB76: =AL76 -> 125 | BC76: =IF(BB76<>"",BB76*BA76,0) -> 2250 | BE76: R-59 | BF76: 0000AXY15-AXY150103 | BG76: FY 2025-26 H2 Data | BH76: Consumption and RFS done in March 2026 but signoff done in April 2026
A77: =A76+1 -> 75 | B77: 0000AXY15-AXY150104 | C77: AXY15 | E77: AXY150104 | G77: Airtel | H77: DARIA | I77: Chandigarh | J77: Punjab | K77: Chandigarh | L77: AXY | M77: AXY | N77: 46112 | O77: 10 | P77: 46113 | Q77: 46125 | R77: 46113 | U77: Fresh | V77: 12F | W77: 10 | X77: 10 | Z77: PO awaited | AC77: 25.5 | AE77: 10 | AF77: UA | AG77: 12F | AH77: 12.5 | AI77: =IF(AE77<>"",AH77*AE77,0) -> 125 | AK77: DROR Services Private Limited | AL77: 10 | AM77: 18 | AN77: =IF(AL77<>"",AM77*AL77,0) -> 180 | AQ77: =IF(AO77<>"",AP77*AO77,0) -> 0 | AR77: =AQ77+AN77 -> 180 | AT77: ET-PO-PUN-2604-0016 | AU77: 46141 | AV77: =AM77 -> 18 | AW77: =AV77*AL77 -> 180 | AY77: DSHR/2026-27/130 | AZ77: 46153 | BA77: =AM77 -> 18 | BB77: =AL77 -> 10 | BC77: =IF(BB77<>"",BB77*BA77,0) -> 180 | BE77: R-60 | BF77: 0000AXY15-AXY150104 | BG77: FY 2025-26 H2 Data | BH77: Consumption and RFS done in March 2026 but signoff done in April 2026
A78: =A77+1 -> 76 | B78: 0000AXY15-AXY150108 | C78: AXY15 | E78: AXY150108 | G78: Airtel | H78: DARIA | I78: Chandigarh | J78: Punjab | K78: Chandigarh | L78: AXY | M78: AXY | N78: 46112 | O78: 139 | P78: 46113 | Q78: 46125 | R78: 46113 | U78: Fresh | V78: 12F | W78: 139 | X78: 133 | Z78: PO awaited | AC78: 25.5 | AE78: 139 | AF78: UA | AG78: 12F | AH78: 12.5 | AI78: =IF(AE78<>"",AH78*AE78,0) -> 1737.5 | AK78: DROR Services Private Limited | AL78: 133 | AM78: 18 | AN78: =IF(AL78<>"",AM78*AL78,0) -> 2394 | AQ78: =IF(AO78<>"",AP78*AO78,0) -> 0 | AR78: =AQ78+AN78 -> 2394 | AT78: ET-PO-PUN-2604-0016 | AU78: 46141 | AV78: =AM78 -> 18 | AW78: =AV78*AL78 -> 2394 | AY78: DSHR/2026-27/130 | AZ78: 46153 | BA78: =AM78 -> 18 | BB78: =AL78 -> 133 | BC78: =IF(BB78<>"",BB78*BA78,0) -> 2394 | BE78: R-61 | BF78: 0000AXY15-AXY150108 | BG78: FY 2025-26 H2 Data | BH78: Consumption and RFS done in March 2026 but signoff done in April 2026
A79: =A78+1 -> 77 | B79: 0000AXY16-AXY160104 | C79: AXY16 | E79: AXY160104 | G79: Airtel | H79: DARIA | I79: Chandigarh | J79: Punjab | K79: Chandigarh | L79: AXY | M79: AXY | N79: 46112 | O79: 10 | P79: 46113 | Q79: 46125 | R79: 46113 | U79: Fresh | V79: 12F | W79: 10 | X79: 10 | Z79: PO awaited | AC79: 25.5 | AE79: 10 | AF79: UA | AG79: 12F | AH79: 12.5 | AI79: =IF(AE79<>"",AH79*AE79,0) -> 125 | AK79: DROR Services Private Limited | AL79: 10 | AM79: 18 | AN79: =IF(AL79<>"",AM79*AL79,0) -> 180 | AQ79: =IF(AO79<>"",AP79*AO79,0) -> 0 | AR79: =AQ79+AN79 -> 180 | AT79: ET-PO-PUN-2604-0016 | AU79: 46141 | AV79: =AM79 -> 18 | AW79: =AV79*AL79 -> 180 | AY79: DSHR/2026-27/130 | AZ79: 46153 | BA79: =AM79 -> 18 | BB79: =AL79 -> 10 | BC79: =IF(BB79<>"",BB79*BA79,0) -> 180 | BE79: R-62 | BF79: 0000AXY16-AXY160104 | BG79: FY 2025-26 H2 Data | BH79: Consumption and RFS done in March 2026 but signoff done in April 2026
A80: =A79+1 -> 78 | B80: 0000AXY16-AXY160103 | C80: AXY16 | E80: AXY160103 | G80: Airtel | H80: DARIA | I80: Chandigarh | J80: Punjab | K80: Chandigarh | L80: AXY | M80: AXY | N80: 46112 | O80: 139 | P80: 46113 | Q80: 46125 | R80: 46113 | U80: Fresh | V80: 12F | W80: 139 | X80: 133 | Z80: PO awaited | AC80: 25.5 | AE80: 139 | AF80: UA | AG80: 12F | AH80: 12.5 | AI80: =IF(AE80<>"",AH80*AE80,0) -> 1737.5 | AK80: DROR Services Private Limited | AL80: 133 | AM80: 18 | AN80: =IF(AL80<>"",AM80*AL80,0) -> 2394 | AQ80: =IF(AO80<>"",AP80*AO80,0) -> 0 | AR80: =AQ80+AN80 -> 2394 | AT80: ET-PO-PUN-2604-0016 | AU80: 46141 | AV80: =AM80 -> 18 | AW80: =AV80*AL80 -> 2394 | AY80: DSHR/2026-27/130 | AZ80: 46153 | BA80: =AM80 -> 18 | BB80: =AL80 -> 133 | BC80: =IF(BB80<>"",BB80*BA80,0) -> 2394 | BE80: R-63 | BF80: 0000AXY16-AXY160103 | BG80: FY 2025-26 H2 Data | BH80: Consumption and RFS done in March 2026 but signoff done in April 2026
A81: =A80+1 -> 79 | B81: 0000AXY16-AXY160107 | C81: AXY16 | E81: AXY160107 | G81: Airtel | H81: DARIA | I81: Chandigarh | J81: Punjab | K81: Chandigarh | L81: AXY | M81: AXY | N81: 46112 | O81: 133 | P81: 46113 | Q81: 46125 | R81: 46113 | U81: Fresh | V81: 12F | W81: 133 | X81: 127 | Z81: PO awaited | AC81: 25.5 | AE81: 133 | AF81: UA | AG81: 12F | AH81: 12.5 | AI81: =IF(AE81<>"",AH81*AE81,0) -> 1662.5 | AK81: DROR Services Private Limited | AL81: 127 | AM81: 18 | AN81: =IF(AL81<>"",AM81*AL81,0) -> 2286 | AQ81: =IF(AO81<>"",AP81*AO81,0) -> 0 | AR81: =AQ81+AN81 -> 2286 | AT81: ET-PO-PUN-2604-0016 | AU81: 46141 | AV81: =AM81 -> 18 | AW81: =AV81*AL81 -> 2286 | AY81: DSHR/2026-27/130 | AZ81: 46153 | BA81: =AM81 -> 18 | BB81: =AL81 -> 127 | BC81: =IF(BB81<>"",BB81*BA81,0) -> 2286 | BE81: R-64 | BF81: 0000AXY16-AXY160107 | BG81: FY 2025-26 H2 Data | BH81: Consumption and RFS done in March 2026 but signoff done in April 2026
A82: =A81+1 -> 80 | B82: 0000AXY16-AXY160108 | C82: AXY16 | E82: AXY160108 | G82: Airtel | H82: DARIA | I82: Chandigarh | J82: Punjab | K82: Chandigarh | L82: AXY | M82: AXY | N82: 46112 | O82: 68 | P82: 46113 | Q82: 46125 | R82: 46113 | U82: Fresh | V82: 12F | W82: 68 | X82: 66 | Z82: PO awaited | AC82: 25.5 | AE82: 68 | AF82: UA | AG82: 12F | AH82: 12.5 | AI82: =IF(AE82<>"",AH82*AE82,0) -> 850 | AK82: DROR Services Private Limited | AL82: 66 | AM82: 18 | AN82: =IF(AL82<>"",AM82*AL82,0) -> 1188 | AQ82: =IF(AO82<>"",AP82*AO82,0) -> 0 | AR82: =AQ82+AN82 -> 1188 | AT82: ET-PO-PUN-2604-0016 | AU82: 46141 | AV82: =AM82 -> 18 | AW82: =AV82*AL82 -> 1188 | AY82: DSHR/2026-27/130 | AZ82: 46153 | BA82: =AM82 -> 18 | BB82: =AL82 -> 66 | BC82: =IF(BB82<>"",BB82*BA82,0) -> 1188 | BE82: R-65 | BF82: 0000AXY16-AXY160108 | BG82: FY 2025-26 H2 Data | BH82: Consumption and RFS done in March 2026 but signoff done in April 2026
A83: =A82+1 -> 81 | B83: 0000AXY17-AXY170101 | C83: AXY17 | E83: AXY170101 | G83: Airtel | H83: DARIA | I83: Chandigarh | J83: Punjab | K83: Chandigarh | L83: AXY | M83: AXY | N83: 46112 | O83: 10 | P83: 46113 | Q83: 46125 | R83: 46113 | U83: Fresh | V83: 12F | W83: 10 | X83: 10 | Z83: PO awaited | AC83: 25.5 | AE83: 10 | AF83: UA | AG83: 12F | AH83: 12.5 | AI83: =IF(AE83<>"",AH83*AE83,0) -> 125 | AK83: DROR Services Private Limited | AL83: 10 | AM83: 18 | AN83: =IF(AL83<>"",AM83*AL83,0) -> 180 | AQ83: =IF(AO83<>"",AP83*AO83,0) -> 0 | AR83: =AQ83+AN83 -> 180 | AT83: ET-PO-PUN-2604-0016 | AU83: 46141 | AV83: =AM83 -> 18 | AW83: =AV83*AL83 -> 180 | AY83: DSHR/2026-27/130 | AZ83: 46153 | BA83: =AM83 -> 18 | BB83: =AL83 -> 10 | BC83: =IF(BB83<>"",BB83*BA83,0) -> 180 | BE83: R-66 | BF83: 0000AXY17-AXY170101 | BG83: FY 2025-26 H2 Data | BH83: Consumption and RFS done in March 2026 but signoff done in April 2026
A84: =A83+1 -> 82 | B84: 0000AXY17-AXY170107 | C84: AXY17 | E84: AXY170107 | G84: Airtel | H84: DARIA | I84: Chandigarh | J84: Punjab | K84: Chandigarh | L84: AXY | M84: AXY | N84: 46112 | O84: 91 | P84: 46113 | Q84: 46125 | R84: 46113 | U84: Fresh | V84: 24F | W84: 91 | X84: 91 | Z84: PO awaited | AC84: 30.5 | AE84: 91 | AF84: UA | AG84: 24F | AH84: 24.5 | AI84: =IF(AE84<>"",AH84*AE84,0) -> 2229.5 | AK84: DROR Services Private Limited | AL84: 91 | AM84: 18 | AN84: =IF(AL84<>"",AM84*AL84,0) -> 1638 | AQ84: =IF(AO84<>"",AP84*AO84,0) -> 0 | AR84: =AQ84+AN84 -> 1638 | AT84: ET-PO-PUN-2604-0016 | AU84: 46141 | AV84: =AM84 -> 18 | AW84: =AV84*AL84 -> 1638 | AY84: DSHR/2026-27/130 | AZ84: 46153 | BA84: =AM84 -> 18 | BB84: =AL84 -> 91 | BC84: =IF(BB84<>"",BB84*BA84,0) -> 1638 | BE84: R-67 | BF84: 0000AXY17-AXY170107 | BG84: FY 2025-26 H2 Data | BH84: Consumption and RFS done in March 2026 but signoff done in April 2026
A85: =A84+1 -> 83 | B85: 0000AXY17-AXY170201 | C85: AXY17 | E85: AXY170201 | G85: Airtel | H85: DARIA | I85: Chandigarh | J85: Punjab | K85: Chandigarh | L85: AXY | M85: AXY | N85: 46112 | O85: 110 | P85: 46113 | Q85: 46125 | R85: 46113 | U85: Fresh | V85: 12F | W85: 110 | X85: 104 | Z85: PO awaited | AC85: 25.5 | AE85: 110 | AF85: UA | AG85: 12F | AH85: 12.5 | AI85: =IF(AE85<>"",AH85*AE85,0) -> 1375 | AK85: DROR Services Private Limited | AL85: 104 | AM85: 18 | AN85: =IF(AL85<>"",AM85*AL85,0) -> 1872 | AQ85: =IF(AO85<>"",AP85*AO85,0) -> 0 | AR85: =AQ85+AN85 -> 1872 | AT85: ET-PO-PUN-2604-0016 | AU85: 46141 | AV85: =AM85 -> 18 | AW85: =AV85*AL85 -> 1872 | AY85: DSHR/2026-27/130 | AZ85: 46153 | BA85: =AM85 -> 18 | BB85: =AL85 -> 104 | BC85: =IF(BB85<>"",BB85*BA85,0) -> 1872 | BE85: R-69 | BF85: 0000AXY17-AXY170201 | BG85: FY 2025-26 H2 Data | BH85: Consumption and RFS done in March 2026 but signoff done in April 2026
A86: =A85+1 -> 84 | B86: AXY170103-AXY170107 | C86: AXY170103 | E86: AXY170107 | G86: Airtel | H86: DARIA | I86: Chandigarh | J86: Punjab | K86: Chandigarh | L86: AXY | M86: AXY | N86: 46112 | O86: 122 | P86: 46113 | Q86: 46125 | R86: 46113 | U86: Fresh | V86: 12F | W86: 122 | X86: 117 | Z86: PO awaited | AC86: 25.5 | AE86: 122 | AF86: UA | AG86: 12F | AH86: 12.5 | AI86: =IF(AE86<>"",AH86*AE86,0) -> 1525 | AK86: DROR Services Private Limited | AL86: 117 | AM86: 18 | AN86: =IF(AL86<>"",AM86*AL86,0) -> 2106 | AQ86: =IF(AO86<>"",AP86*AO86,0) -> 0 | AR86: =AQ86+AN86 -> 2106 | AT86: ET-PO-PUN-2604-0016 | AU86: 46141 | AV86: =AM86 -> 18 | AW86: =AV86*AL86 -> 2106 | AY86: DSHR/2026-27/130 | AZ86: 46153 | BA86: =AM86 -> 18 | BB86: =AL86 -> 117 | BC86: =IF(BB86<>"",BB86*BA86,0) -> 2106 | BE86: R-68 | BF86: AXY170103-AXY170107 | BG86: FY 2025-26 H2 Data | BH86: Consumption and RFS done in March 2026 but signoff done in April 2026
... A156: =A155+1 -> 154 | B156: 0000AXW17-AXW170201 | C156: AXW17 | E156: AXW170201 | G156: Airtel | H156: DARIA | I156: Chandigarh | J156: Punjab | K156: Chandigarh | L156: AXW | M156: AXW | N156: 46112 | O156: 202 | P156: 46114 | Q156: 46147 | R156: 46114 | U156: Fresh | V156: 12F | W156: 202 | X156: 202 | Z156: PO awaited | AC156: 25.5 | AE156: 202 | AF156: UA | AG156: 12F | AH156: 12.5 | AI156: =IF(AE156<>"",AH156*AE156,0) -> 2525 | AK156: DROR Services Private Limited | AL156: 202 | AM156: 18 | AN156: =IF(AL156<>"",AM156*AL156,0) -> 3636 | AQ156: =IF(AO156<>"",AP156*AO156,0) -> 0 | AR156: =AQ156+AN156 -> 3636 | AT156: ET-PO-PUN-2605-0006 | AU156: 46146 | AV156: =AM156 -> 18 | AW156: =AV156*AL156 -> 3636 | AY156: DSHR/2026-27/157 | AZ156: 46156 | BA156: =AM156 -> 18 | BB156: =AL156 -> 202 | BC156: =IF(BB156<>"",BB156*BA156,0) -> 3636 | BE156: R-70 | BF156: 0000AXW17-AXW170201 | BG156: FY 2025-26 H2 Data | BH156: Consumption and RFS done in March 2026 but signoff done in April 2026
A157: =A156+1 -> 155 | B157: 0000AXW18-AXW180101 | C157: AXW18 | E157: AXW180101 | G157: Airtel | H157: DARIA | I157: Chandigarh | J157: Punjab | K157: Chandigarh | L157: AXW | M157: AXW | N157: 46112 | O157: 10 | P157: 46114 | Q157: 46147 | R157: 46114 | U157: Fresh | V157: 12F | W157: 10 | X157: 10 | Z157: PO awaited | AC157: 25.5 | AE157: 10 | AF157: UA | AG157: 12F | AH157: 12.5 | AI157: =IF(AE157<>"",AH157*AE157,0) -> 125 | AK157: DROR Services Private Limited | AL157: 10 | AM157: 18 | AN157: =IF(AL157<>"",AM157*AL157,0) -> 180 | AQ157: =IF(AO157<>"",AP157*AO157,0) -> 0 | AR157: =AQ157+AN157 -> 180 | AT157: PO Awaited | AV157: =AM157 -> 18 | AW157: =AV157*AL157 -> 180 | AY157: Invoice Awaited | BA157: =AM157 -> 18 | BB157: =AL157 -> 10 | BC157: =IF(BB157<>"",BB157*BA157,0) -> 180 | BE157: R-71 | BF157: 0000AXW18-AXW180101 | BG157: FY 2025-26 H2 Data | BH157: Consumption and RFS done in March 2026 but signoff done in April 2026
A158: =A157+1 -> 156 | B158: 0000AXW18-AXW180105 | C158: AXW18 | E158: AXW180105 | G158: Airtel | H158: DARIA | I158: Chandigarh | J158: Punjab | K158: Chandigarh | L158: AXW | M158: AXW | N158: 46112 | O158: 156 | P158: 46114 | Q158: 46147 | R158: 46114 | U158: Fresh | V158: 12F | W158: 156 | X158: 156 | Z158: PO awaited | AC158: 25.5 | AE158: 156 | AF158: UA | AG158: 12F | AH158: 12.5 | AI158: =IF(AE158<>"",AH158*AE158,0) -> 1950 | AK158: DROR Services Private Limited | AL158: 156 | AM158: 18 | AN158: =IF(AL158<>"",AM158*AL158,0) -> 2808 | AQ158: =IF(AO158<>"",AP158*AO158,0) -> 0 | AR158: =AQ158+AN158 -> 2808 | AT158: ET-PO-PUN-2605-0006 | AU158: 46146 | AV158: =AM158 -> 18 | AW158: =AV158*AL158 -> 2808 | AY158: DSHR/2026-27/157 | AZ158: 46156 | BA158: =AM158 -> 18 | BB158: =AL158 -> 156 | BC158: =IF(BB158<>"",BB158*BA158,0) -> 2808 | BE158: R-72 | BF158: 0000AXW18-AXW180105 | BG158: FY 2025-26 H2 Data | BH158: Consumption and RFS done in March 2026 but signoff done in April 2026
A159: =A158+1 -> 157 | B159: 0000AXW18-AXW180106 | C159: AXW18 | E159: AXW180106 | G159: Airtel | H159: DARIA | I159: Chandigarh | J159: Punjab | K159: Chandigarh | L159: AXW | M159: AXW | N159: 46112 | O159: 53 | P159: 46114 | Q159: 46147 | R159: 46114 | U159: Fresh | V159: 24F | W159: 53 | X159: 50 | Z159: PO awaited | AC159: 30.5 | AE159: 53 | AF159: UA | AG159: 24F | AH159: 24.5 | AI159: =IF(AE159<>"",AH159*AE159,0) -> 1298.5 | AK159: DROR Services Private Limited | AL159: 50 | AM159: 18 | AN159: =IF(AL159<>"",AM159*AL159,0) -> 900 | AQ159: =IF(AO159<>"",AP159*AO159,0) -> 0 | AR159: =AQ159+AN159 -> 900 | AT159: PO Awaited | AV159: =AM159 -> 18 | AW159: =AV159*AL159 -> 900 | AY159: Invoice Awaited | BA159: =AM159 -> 18 | BB159: =AL159 -> 50 | BC159: =IF(BB159<>"",BB159*BA159,0) -> 900 | BE159: R-73 | BF159: 0000AXW18-AXW180106 | BG159: FY 2025-26 H2 Data | BH159: Consumption and RFS done in March 2026 but signoff done in April 2026
A160: =A159+1 -> 158 | B160: AXW180106-AXW180108 | C160: AXW180106 | E160: AXW180108 | G160: Airtel | H160: DARIA | I160: Chandigarh | J160: Punjab | K160: Chandigarh | L160: AXW | M160: AXW | N160: 46112 | O160: 76 | P160: 46114 | Q160: 46147 | R160: 46114 | U160: Fresh | V160: 12F | W160: 76 | X160: 76 | Z160: PO awaited | AC160: 25.5 | AE160: 76 | AF160: UA | AG160: 12F | AH160: 12.5 | AI160: =IF(AE160<>"",AH160*AE160,0) -> 950 | AK160: DROR Services Private Limited | AL160: 76 | AM160: 18 | AN160: =IF(AL160<>"",AM160*AL160,0) -> 1368 | AQ160: =IF(AO160<>"",AP160*AO160,0) -> 0 | AR160: =AQ160+AN160 -> 1368 | AT160: PO Awaited | AV160: =AM160 -> 18 | AW160: =AV160*AL160 -> 1368 | AY160: Invoice Awaited | BA160: =AM160 -> 18 | BB160: =AL160 -> 76 | BC160: =IF(BB160<>"",BB160*BA160,0) -> 1368 | BE160: R-74 | BF160: AXW180106-AXW180108 | BG160: FY 2025-26 H2 Data | BH160: Consumption and RFS done in March 2026 but signoff done in April 2026
A161: =A160+1 -> 159 | B161: 0000AXW19-AXW190101 | C161: AXW19 | E161: AXW190101 | G161: Airtel | H161: DARIA | I161: Chandigarh | J161: Punjab | K161: Chandigarh | L161: AXW | M161: AXW | N161: 46112 | O161: 11 | P161: 46114 | Q161: 46147 | R161: 46114 | U161: Fresh | V161: 12F | W161: 11 | X161: 11 | Z161: PO awaited | AC161: 25.5 | AE161: 11 | AF161: UA | AG161: 12F | AH161: 12.5 | AI161: =IF(AE161<>"",AH161*AE161,0) -> 137.5 | AK161: DROR Services Private Limited | AL161: 11 | AM161: 18 | AN161: =IF(AL161<>"",AM161*AL161,0) -> 198 | AQ161: =IF(AO161<>"",AP161*AO161,0) -> 0 | AR161: =AQ161+AN161 -> 198 | AT161: ET-PO-PUN-2605-0006 | AU161: 46146 | AV161: =AM161 -> 18 | AW161: =AV161*AL161 -> 198 | AY161: DSHR/2026-27/157 | AZ161: 46156 | BA161: =AM161 -> 18 | BB161: =AL161 -> 11 | BC161: =IF(BB161<>"",BB161*BA161,0) -> 198 | BE161: R-75 | BF161: 0000AXW19-AXW190101 | BG161: FY 2025-26 H2 Data | BH161: Consumption and RFS done in March 2026 but signoff done in April 2026
A162: =A161+1 -> 160 | B162: 0000AXW19-AXW190104 | C162: AXW19 | E162: AXW190104 | G162: Airtel | H162: DARIA | I162: Chandigarh | J162: Punjab | K162: Chandigarh | L162: AXW | M162: AXW | N162: 46112 | O162: 122 | P162: 46114 | Q162: 46147 | R162: 46114 | U162: Fresh | V162: 12F | W162: 122 | X162: 122 | Z162: PO awaited | AC162: 25.5 | AE162: 122 | AF162: UA | AG162: 12F | AH162: 12.5 | AI162: =IF(AE162<>"",AH162*AE162,0) -> 1525 | AK162: DROR Services Private Limited | AL162: 122 | AM162: 18 | AN162: =IF(AL162<>"",AM162*AL162,0) -> 2196 | AQ162: =IF(AO162<>"",AP162*AO162,0) -> 0 | AR162: =AQ162+AN162 -> 2196 | AT162: PO Awaited | AV162: =AM162 -> 18 | AW162: =AV162*AL162 -> 2196 | AY162: Invoice Awaited | BA162: =AM162 -> 18 | BB162: =AL162 -> 122 | BC162: =IF(BB162<>"",BB162*BA162,0) -> 2196 | BE162: R-76 | BF162: 0000AXW19-AXW190104 | BG162: FY 2025-26 H2 Data | BH162: Consumption and RFS done in March 2026 but signoff done in April 2026
A163: =A162+1 -> 161 | B163: 0000AXW19-AXW190108 | C163: AXW19 | E163: AXW190108 | G163: Airtel | H163: DARIA | I163: Chandigarh | J163: Punjab | K163: Chandigarh | L163: AXW | M163: AXW | N163: 46112 | O163: 189 | P163: 46114 | Q163: 46147 | R163: 46114 | U163: Fresh | V163: 12F | W163: 189 | X163: 189 | Z163: PO awaited | AC163: 25.5 | AE163: 189 | AF163: UA | AG163: 12F | AH163: 12.5 | AI163: =IF(AE163<>"",AH163*AE163,0) -> 2362.5 | AK163: DROR Services Private Limited | AL163: 189 | AM163: 18 | AN163: =IF(AL163<>"",AM163*AL163,0) -> 3402 | AQ163: =IF(AO163<>"",AP163*AO163,0) -> 0 | AR163: =AQ163+AN163 -> 3402 | AT163: PO Awaited | AV163: =AM163 -> 18 | AW163: =AV163*AL163 -> 3402 | AY163: Invoice Awaited | BA163: =AM163 -> 18 | BB163: =AL163 -> 189 | BC163: =IF(BB163<>"",BB163*BA163,0) -> 3402 | BE163: R-77 | BF163: 0000AXW19-AXW190108 | BG163: FY 2025-26 H2 Data | BH163: Consumption and RFS done in March 2026 but signoff done in April 2026
A164: =A163+1 -> 162 | B164: 0000AXW20-AXW200101 | C164: AXW20 | E164: AXW200101 | G164: Airtel | H164: DARIA | I164: Chandigarh | J164: Punjab | K164: Chandigarh | L164: AXW | M164: AXW | N164: 46112 | O164: 11 | P164: 46114 | Q164: 46147 | R164: 46114 | U164: Fresh | V164: 12F | W164: 11 | X164: 11 | Z164: PO awaited | AC164: 25.5 | AE164: 11 | AF164: UA | AG164: 12F | AH164: 12.5 | AI164: =IF(AE164<>"",AH164*AE164,0) -> 137.5 | AK164: DROR Services Private Limited | AL164: 11 | AM164: 18 | AN164: =IF(AL164<>"",AM164*AL164,0) -> 198 | AQ164: =IF(AO164<>"",AP164*AO164,0) -> 0 | AR164: =AQ164+AN164 -> 198 | AT164: ET-PO-PUN-2605-0006 | AU164: 46146 | AV164: =AM164 -> 18 | AW164: =AV164*AL164 -> 198 | AY164: DSHR/2026-27/157 | AZ164: 46156 | BA164: =AM164 -> 18 | BB164: =AL164 -> 11 | BC164: =IF(BB164<>"",BB164*BA164,0) -> 198 | BE164: R-78 | BF164: 0000AXW20-AXW200101 | BG164: FY 2025-26 H2 Data | BH164: Consumption and RFS done in March 2026 but signoff done in April 2026
A165: =A164+1 -> 163 | B165: 0000AXW20-AXW200107 | C165: AXW20 | E165: AXW200107 | G165: Airtel | H165: DARIA | I165: Chandigarh | J165: Punjab | K165: Chandigarh | L165: AXW | M165: AXW | N165: 46112 | O165: 135 | P165: 46114 | Q165: 46147 | R165: 46114 | U165: Fresh | V165: 24F | W165: 135 | X165: 123 | Z165: PO awaited | AC165: 30.5 | AE165: 135 | AF165: UA | AG165: 24F | AH165: 24.5 | AI165: =IF(AE165<>"",AH165*AE165,0) -> 3307.5 | AK165: DROR Services Private Limited | AL165: 123 | AM165: 18 | AN165: =IF(AL165<>"",AM165*AL165,0) -> 2214 | AQ165: =IF(AO165<>"",AP165*AO165,0) -> 0 | AR165: =AQ165+AN165 -> 2214 | AT165: PO Awaited | AV165: =AM165 -> 18 | AW165: =AV165*AL165 -> 2214 | AY165: Invoice Awaited | BA165: =AM165 -> 18 | BB165: =AL165 -> 123 | BC165: =IF(BB165<>"",BB165*BA165,0) -> 2214 | BE165: R-79 | BF165: 0000AXW20-AXW200107 | BG165: FY 2025-26 H2 Data | BH165: Consumption and RFS done in March 2026 but signoff done in April 2026
A166: =A165+1 -> 164 | B166: AXW200104-AXW200106 | C166: AXW200104 | E166: AXW200106 | G166: Airtel | H166: DARIA | I166: Chandigarh | J166: Punjab | K166: Chandigarh | L166: AXW | M166: AXW | N166: 46112 | O166: 60 | P166: 46114 | Q166: 46147 | R166: 46114 | U166: Fresh | V166: 12F | W166: 60 | X166: 60 | Z166: PO awaited | AC166: 25.5 | AE166: 60 | AF166: UA | AG166: 12F | AH166: 12.5 | AI166: =IF(AE166<>"",AH166*AE166,0) -> 750 | AK166: DROR Services Private Limited | AL166: 60 | AM166: 18 | AN166: =IF(AL166<>"",AM166*AL166,0) -> 1080 | AQ166: =IF(AO166<>"",AP166*AO166,0) -> 0 | AR166: =AQ166+AN166 -> 1080 | AT166: PO Awaited | AV166: =AM166 -> 18 | AW166: =AV166*AL166 -> 1080 | AY166: Invoice Awaited | BA166: =AM166 -> 18 | BB166: =AL166 -> 60 | BC166: =IF(BB166<>"",BB166*BA166,0) -> 1080 | BE166: R-80 | BF166: AXW200104-AXW200106 | BG166: FY 2025-26 H2 Data | BH166: Consumption and RFS done in March 2026 but signoff done in April 2026
A167: =A166+1 -> 165 | B167: AXW200107-AXW200201 | C167: AXW200107 | E167: AXW200201 | G167: Airtel | H167: DARIA | I167: Chandigarh | J167: Punjab | K167: Chandigarh | L167: AXW | M167: AXW | N167: 46112 | O167: 74 | P167: 46114 | Q167: 46147 | R167: 46114 | U167: Fresh | V167: 12F | W167: 74 | X167: 74 | Z167: PO awaited | AC167: 25.5 | AE167: 74 | AF167: UA | AG167: 12F | AH167: 12.5 | AI167: =IF(AE167<>"",AH167*AE167,0) -> 925 | AK167: DROR Services Private Limited | AL167: 74 | AM167: 18 | AN167: =IF(AL167<>"",AM167*AL167,0) -> 1332 | AQ167: =IF(AO167<>"",AP167*AO167,0) -> 0 | AR167: =AQ167+AN167 -> 1332 | AT167: PO Awaited | AV167: =AM167 -> 18 | AW167: =AV167*AL167 -> 1332 | AY167: Invoice Awaited | BA167: =AM167 -> 18 | BB167: =AL167 -> 74 | BC167: =IF(BB167<>"",BB167*BA167,0) -> 1332 | BE167: R-81 | BF167: AXW200107-AXW200201 | BG167: FY 2025-26 H2 Data | BH167: Consumption and RFS done in March 2026 but signoff done in April 2026
A168: =A167+1 -> 166 | B168: AXW200107-AXW200203 | C168: AXW200107 | E168: AXW200203 | G168: Airtel | H168: DARIA | I168: Chandigarh | J168: Punjab | K168: Chandigarh | L168: AXW | M168: AXW | N168: 46112 | O168: 76 | P168: 46114 | Q168: 46147 | R168: 46114 | U168: Fresh | V168: 12F | W168: 76 | X168: 76 | Z168: PO awaited | AC168: 25.5 | AE168: 76 | AF168: UA | AG168: 12F | AH168: 12.5 | AI168: =IF(AE168<>"",AH168*AE168,0) -> 950 | AK168: DROR Services Private Limited | AL168: 76 | AM168: 18 | AN168: =IF(AL168<>"",AM168*AL168,0) -> 1368 | AQ168: =IF(AO168<>"",AP168*AO168,0) -> 0 | AR168: =AQ168+AN168 -> 1368 | AT168: PO Awaited | AV168: =AM168 -> 18 | AW168: =AV168*AL168 -> 1368 | AY168: Invoice Awaited | BA168: =AM168 -> 18 | BB168: =AL168 -> 76 | BC168: =IF(BB168<>"",BB168*BA168,0) -> 1368 | BE168: R-82 | BF168: AXW200107-AXW200203 | BG168: FY 2025-26 H2 Data | BH168: Consumption and RFS done in March 2026 but signoff done in April 2026
A169: =A168+1 -> 167 | B169: 0000AXW20-AXW200204 | C169: AXW20 | E169: AXW200204 | G169: Airtel | H169: DARIA | I169: Chandigarh | J169: Punjab | K169: Chandigarh | L169: AXW | M169: AXW | N169: 46112 | O169: 12 | P169: 46114 | Q169: 46147 | R169: 46114 | U169: Fresh | V169: 12F | W169: 12 | X169: 12 | Z169: PO awaited | AC169: 25.5 | AE169: 12 | AF169: UA | AG169: 12F | AH169: 12.5 | AI169: =IF(AE169<>"",AH169*AE169,0) -> 150 | AK169: DROR Services Private Limited | AL169: 12 | AM169: 18 | AN169: =IF(AL169<>"",AM169*AL169,0) -> 216 | AQ169: =IF(AO169<>"",AP169*AO169,0) -> 0 | AR169: =AQ169+AN169 -> 216 | AT169: ET-PO-PUN-2605-0006 | AU169: 46146 | AV169: =AM169 -> 18 | AW169: =AV169*AL169 -> 216 | AY169: DSHR/2026-27/157 | AZ169: 46156 | BA169: =AM169 -> 18 | BB169: =AL169 -> 12 | BC169: =IF(BB169<>"",BB169*BA169,0) -> 216 | BE169: R-83 | BF169: 0000AXW20-AXW200204 | BG169: FY 2025-26 H2 Data | BH169: Consumption and RFS done in March 2026 but signoff done in April 2026
A170: =A169+1 -> 168 | B170: 0000AXW21-AXW210101 | C170: AXW21 | E170: AXW210101 | G170: Airtel | H170: DARIA | I170: Chandigarh | J170: Punjab | K170: Chandigarh | L170: AXW | M170: AXW | N170: 46112 | O170: 10 | P170: 46114 | Q170: 46147 | R170: 46114 | U170: Fresh | V170: 12F | W170: 10 | X170: 10 | Z170: PO awaited | AC170: 25.5 | AE170: 10 | AF170: UA | AG170: 12F | AH170: 12.5 | AI170: =IF(AE170<>"",AH170*AE170,0) -> 125 | AK170: DROR Services Private Limited | AL170: 10 | AM170: 18 | AN170: =IF(AL170<>"",AM170*AL170,0) -> 180 | AQ170: =IF(AO170<>"",AP170*AO170,0) -> 0 | AR170: =AQ170+AN170 -> 180 | AT170: PO Awaited | AV170: =AM170 -> 18 | AW170: =AV170*AL170 -> 180 | AY170: Invoice Awaited | BA170: =AM170 -> 18 | BB170: =AL170 -> 10 | BC170: =IF(BB170<>"",BB170*BA170,0) -> 180 | BE170: R-84 | BF170: 0000AXW21-AXW210101 | BG170: FY 2025-26 H2 Data | BH170: Consumption and RFS done in March 2026 but signoff done in April 2026
A171: =A170+1 -> 169 | B171: 0000AXW21-AXW210102 | C171: AXW21 | E171: AXW210102 | G171: Airtel | H171: DARIA | I171: Chandigarh | J171: Punjab | K171: Chandigarh | L171: AXW | M171: AXW | N171: 46112 | O171: 36 | P171: 46114 | Q171: 46147 | R171: 46114 | U171: Fresh | V171: 12F | W171: 36 | X171: 36 | Z171: PO awaited | AC171: 25.5 | AE171: 36 | AF171: UA | AG171: 12F | AH171: 12.5 | AI171: =IF(AE171<>"",AH171*AE171,0) -> 450 | AK171: DROR Services Private Limited | AL171: 36 | AM171: 18 | AN171: =IF(AL171<>"",AM171*AL171,0) -> 648 | AQ171: =IF(AO171<>"",AP171*AO171,0) -> 0 | AR171: =AQ171+AN171 -> 648 | AT171: PO Awaited | AV171: =AM171 -> 18 | AW171: =AV171*AL171 -> 648 | AY171: Invoice Awaited | BA171: =AM171 -> 18 | BB171: =AL171 -> 36 | BC171: =IF(BB171<>"",BB171*BA171,0) -> 648 | BE171: R-85 | BF171: 0000AXW21-AXW210102 | BG171: FY 2025-26 H2 Data | BH171: Consumption and RFS done in March 2026 but signoff done in April 2026
A172: =A171+1 -> 170 | B172: 0000AXW21-AXW210105 | C172: AXW21 | E172: AXW210105 | G172: Airtel | H172: DARIA | I172: Chandigarh | J172: Punjab | K172: Chandigarh | L172: AXW | M172: AXW | N172: 46112 | O172: 78 | P172: 46114 | Q172: 46147 | R172: 46114 | U172: Fresh | V172: 24F | W172: 78 | X172: 69 | Z172: PO awaited | AC172: 30.5 | AE172: 78 | AF172: UA | AG172: 24F | AH172: 24.5 | AI172: =IF(AE172<>"",AH172*AE172,0) -> 1911 | AK172: DROR Services Private Limited | AL172: 69 | AM172: 18 | AN172: =IF(AL172<>"",AM172*AL172,0) -> 1242 | AQ172: =IF(AO172<>"",AP172*AO172,0) -> 0 | AR172: =AQ172+AN172 -> 1242 | AT172: PO Awaited | AV172: =AM172 -> 18 | AW172: =AV172*AL172 -> 1242 | AY172: Invoice Awaited | BA172: =AM172 -> 18 | BB172: =AL172 -> 69 | BC172: =IF(BB172<>"",BB172*BA172,0) -> 1242 | BE172: R-86 | BF172: 0000AXW21-AXW210105 | BG172: FY 2025-26 H2 Data | BH172: Consumption and RFS done in March 2026 but signoff done in April 2026
A173: =A172+1 -> 171 | B173: AXW210105-AXW210107 | C173: AXW210105 | E173: AXW210107 | G173: Airtel | H173: DARIA | I173: Chandigarh | J173: Punjab | K173: Chandigarh | L173: AXW | M173: AXW | N173: 46112 | O173: 100 | P173: 46114 | Q173: 46147 | R173: 46114 | U173: Fresh | V173: 12F | W173: 100 | X173: 100 | Z173: PO awaited | AC173: 25.5 | AE173: 100 | AF173: UA | AG173: 12F | AH173: 12.5 | AI173: =IF(AE173<>"",AH173*AE173,0) -> 1250 | AK173: DROR Services Private Limited | AL173: 100 | AM173: 18 | AN173: =IF(AL173<>"",AM173*AL173,0) -> 1800 | AQ173: =IF(AO173<>"",AP173*AO173,0) -> 0 | AR173: =AQ173+AN173 -> 1800 | AT173: PO Awaited | AV173: =AM173 -> 18 | AW173: =AV173*AL173 -> 1800 | AY173: Invoice Awaited | BA173: =AM173 -> 18 | BB173: =AL173 -> 100 | BC173: =IF(BB173<>"",BB173*BA173,0) -> 1800 | BE173: R-87 | BF173: AXW210105-AXW210107 | BG173: FY 2025-26 H2 Data | BH173: Consumption and RFS done in March 2026 but signoff done in April 2026
A174: =A173+1 -> 172 | B174: AXW210103-AXW210108 | C174: AXW210103 | E174: AXW210108 | G174: Airtel | H174: DARIA | I174: Chandigarh | J174: Punjab | K174: Chandigarh | L174: AXW | M174: AXW | N174: 46112 | O174: 36 | P174: 46114 | Q174: 46147 | R174: 46114 | U174: Fresh | V174: 12F | W174: 36 | X174: 36 | Z174: PO awaited | AC174: 25.5 | AE174: 36 | AF174: UA | AG174: 12F | AH174: 12.5 | AI174: =IF(AE174<>"",AH174*AE174,0) -> 450 | AK174: DROR Services Private Limited | AL174: 36 | AM174: 18 | AN174: =IF(AL174<>"",AM174*AL174,0) -> 648 | AQ174: =IF(AO174<>"",AP174*AO174,0) -> 0 | AR174: =AQ174+AN174 -> 648 | AT174: PO Awaited | AV174: =AM174 -> 18 | AW174: =AV174*AL174 -> 648 | AY174: Invoice Awaited | BA174: =AM174 -> 18 | BB174: =AL174 -> 36 | BC174: =IF(BB174<>"",BB174*BA174,0) -> 648 | BE174: R-88 | BF174: AXW210103-AXW210108 | BG174: FY 2025-26 H2 Data | BH174: Consumption and RFS done in March 2026 but signoff done in April 2026
A175: =A174+1 -> 173 | B175: 0000AXW21-AXW210201 | C175: AXW21 | E175: AXW210201 | G175: Airtel | H175: DARIA | I175: Chandigarh | J175: Punjab | K175: Chandigarh | L175: AXW | M175: AXW | N175: 46112 | O175: 63 | P175: 46114 | Q175: 46147 | R175: 46114 | U175: Fresh | V175: 12F | W175: 63 | X175: 63 | Z175: PO awaited | AC175: 25.5 | AE175: 63 | AF175: UA | AG175: 12F | AH175: 12.5 | AI175: =IF(AE175<>"",AH175*AE175,0) -> 787.5 | AK175: DROR Services Private Limited | AL175: 63 | AM175: 18 | AN175: =IF(AL175<>"",AM175*AL175,0) -> 1134 | AQ175: =IF(AO175<>"",AP175*AO175,0) -> 0 | AR175: =AQ175+AN175 -> 1134 | AT175: PO Awaited | AV175: =AM175 -> 18 | AW175: =AV175*AL175 -> 1134 | AY175: Invoice Awaited | BA175: =AM175 -> 18 | BB175: =AL175 -> 63 | BC175: =IF(BB175<>"",BB175*BA175,0) -> 1134 | BE175: R-89 | BF175: 0000AXW21-AXW210201 | BG175: FY 2025-26 H2 Data | BH175: Consumption and RFS done in March 2026 but signoff done in April 2026
A176: =A175+1 -> 174 | B176: 0000AXW22-AXW220103 | C176: AXW22 | E176: AXW220103 | G176: Airtel | H176: DARIA | I176: Chandigarh | J176: Punjab | K176: Chandigarh | L176: AXW | M176: AXW | N176: 46112 | O176: 80 | P176: 46114 | Q176: 46147 | R176: 46114 | U176: Fresh | V176: 12F | W176: 80 | X176: 80 | Z176: PO awaited | AC176: 25.5 | AE176: 80 | AF176: UA | AG176: 12F | AH176: 12.5 | AI176: =IF(AE176<>"",AH176*AE176,0) -> 1000 | AK176: DROR Services Private Limited | AL176: 80 | AM176: 18 | AN176: =IF(AL176<>"",AM176*AL176,0) -> 1440 | AQ176: =IF(AO176<>"",AP176*AO176,0) -> 0 | AR176: =AQ176+AN176 -> 1440 | AT176: PO Awaited | AV176: =AM176 -> 18 | AW176: =AV176*AL176 -> 1440 | AY176: Invoice Awaited | BA176: =AM176 -> 18 | BB176: =AL176 -> 80 | BC176: =IF(BB176<>"",BB176*BA176,0) -> 1440 | BE176: R-90 | BF176: 0000AXW22-AXW220103 | BG176: FY 2025-26 H2 Data | BH176: Consumption and RFS done in March 2026 but signoff done in April 2026
A177: =A176+1 -> 175 | B177: 0000AXW22-AXW220104 | C177: AXW22 | E177: AXW220104 | G177: Airtel | H177: DARIA | I177: Chandigarh | J177: Punjab | K177: Chandigarh | L177: AXW | M177: AXW | N177: 46112 | O177: 68 | P177: 46114 | Q177: 46147 | R177: 46114 | U177: Fresh | V177: 24F | W177: 68 | X177: 65 | Z177: PO awaited | AC177: 30.5 | AE177: 68 | AF177: UA | AG177: 24F | AH177: 24.5 | AI177: =IF(AE177<>"",AH177*AE177,0) -> 1666 | AK177: DROR Services Private Limited | AL177: 65 | AM177: 18 | AN177: =IF(AL177<>"",AM177*AL177,0) -> 1170 | AQ177: =IF(AO177<>"",AP177*AO177,0) -> 0 | AR177: =AQ177+AN177 -> 1170 | AT177: PO Awaited | AV177: =AM177 -> 18 | AW177: =AV177*AL177 -> 1170 | AY177: Invoice Awaited | BA177: =AM177 -> 18 | BB177: =AL177 -> 65 | BC177: =IF(BB177<>"",BB177*BA177,0) -> 1170 | BE177: R-91 | BF177: 0000AXW22-AXW220104 | BG177: FY 2025-26 H2 Data | BH177: Consumption and RFS done in March 2026 but signoff done in April 2026
A178: =A177+1 -> 176 | B178: AXW220104-AXW220106 | C178: AXW220104 | E178: AXW220106 | G178: Airtel | H178: DARIA | I178: Chandigarh | J178: Punjab | K178: Chandigarh | L178: AXW | M178: AXW | N178: 46112 | O178: 81 | P178: 46114 | Q178: 46147 | R178: 46114 | U178: Fresh | V178: 12F | W178: 81 | X178: 81 | Z178: PO awaited | AC178: 25.5 | AE178: 81 | AF178: UA | AG178: 12F | AH178: 12.5 | AI178: =IF(AE178<>"",AH178*AE178,0) -> 1012.5 | AK178: DROR Services Private Limited | AL178: 81 | AM178: 18 | AN178: =IF(AL178<>"",AM178*AL178,0) -> 1458 | AQ178: =IF(AO178<>"",AP178*AO178,0) -> 0 | AR178: =AQ178+AN178 -> 1458 | AT178: PO Awaited | AV178: =AM178 -> 18 | AW178: =AV178*AL178 -> 1458 | AY178: Invoice Awaited | BA178: =AM178 -> 18 | BB178: =AL178 -> 81 | BC178: =IF(BB178<>"",BB178*BA178,0) -> 1458 | BE178: R-92 | BF178: AXW220104-AXW220106 | BG178: FY 2025-26 H2 Data | BH178: Consumption and RFS done in March 2026 but signoff done in April 2026
A179: =A178+1 -> 177 | B179: 0000AXW22-AXW220107 | C179: AXW22 | E179: AXW220107 | G179: Airtel | H179: DARIA | I179: Chandigarh | J179: Punjab | K179: Chandigarh | L179: AXW | M179: AXW | N179: 46112 | O179: 58 | P179: 46114 | Q179: 46147 | R179: 46114 | U179: Fresh | V179: 24F | W179: 58 | X179: 55 | Z179: PO awaited | AC179: 30.5 | AE179: 58 | AF179: UA | AG179: 24F | AH179: 24.5 | AI179: =IF(AE179<>"",AH179*AE179,0) -> 1421 | AK179: DROR Services Private Limited | AL179: 55 | AM179: 18 | AN179: =IF(AL179<>"",AM179*AL179,0) -> 990 | AQ179: =IF(AO179<>"",AP179*AO179,0) -> 0 | AR179: =AQ179+AN179 -> 990 | AT179: PO Awaited | AV179: =AM179 -> 18 | AW179: =AV179*AL179 -> 990 | AY179: Invoice Awaited | BA179: =AM179 -> 18 | BB179: =AL179 -> 55 | BC179: =IF(BB179<>"",BB179*BA179,0) -> 990 | BE179: R-93 | BF179: 0000AXW22-AXW220107 | BG179: FY 2025-26 H2 Data | BH179: Consumption and RFS done in March 2026 but signoff done in April 2026
A180: =A179+1 -> 178 | B180: AXW220107-AXW220202 | C180: AXW220107 | E180: AXW220202 | G180: Airtel | H180: DARIA | I180: Chandigarh | J180: Punjab | K180: Chandigarh | L180: AXW | M180: AXW | N180: 46112 | O180: 132 | P180: 46114 | Q180: 46147 | R180: 46114 | U180: Fresh | V180: 12F | W180: 132 | X180: 132 | Z180: PO awaited | AC180: 25.5 | AE180: 132 | AF180: UA | AG180: 12F | AH180: 12.5 | AI180: =IF(AE180<>"",AH180*AE180,0) -> 1650 | AK180: DROR Services Private Limited | AL180: 132 | AM180: 18 | AN180: =IF(AL180<>"",AM180*AL180,0) -> 2376 | AQ180: =IF(AO180<>"",AP180*AO180,0) -> 0 | AR180: =AQ180+AN180 -> 2376 | AT180: PO Awaited | AV180: =AM180 -> 18 | AW180: =AV180*AL180 -> 2376 | AY180: Invoice Awaited | BA180: =AM180 -> 18 | BB180: =AL180 -> 132 | BC180: =IF(BB180<>"",BB180*BA180,0) -> 2376 | BE180: R-94 | BF180: AXW220107-AXW220202 | BG180: FY 2025-26 H2 Data | BH180: Consumption and RFS done in March 2026 but signoff done in April 2026
A181: =A180+1 -> 179 | B181: 0000AXW22-00AXW-FMS | C181: AXW22 | E181: AXW-FMS | G181: Airtel | H181: DARIA | I181: Chandigarh | J181: Punjab | K181: Chandigarh | L181: AXW | M181: AXW | N181: 46112 | O181: 44 | P181: 46114 | Q181: 46147 | R181: 46114 | U181: Fresh | V181: 24F | W181: 44 | X181: 41 | Z181: PO awaited | AC181: 30.5 | AE181: 44 | AF181: UA | AG181: 24F | AH181: 24.5 | AI181: =IF(AE181<>"",AH181*AE181,0) -> 1078 | AK181: DROR Services Private Limited | AL181: 41 | AM181: 18 | AN181: =IF(AL181<>"",AM181*AL181,0) -> 738 | AQ181: =IF(AO181<>"",AP181*AO181,0) -> 0 | AR181: =AQ181+AN181 -> 738 | AT181: PO Awaited | AV181: =AM181 -> 18 | AW181: =AV181*AL181 -> 738 | AY181: Invoice Awaited | BA181: =AM181 -> 18 | BB181: =AL181 -> 41 | BC181: =IF(BB181<>"",BB181*BA181,0) -> 738 | BE181: R-95 | BF181: 0000AXW22-00AXW-FMS | BG181: FY 2025-26 H2 Data | BH181: Consumption and RFS done in March 2026 but signoff done in April 2026
A182: =A181+1 -> 180 | B182: 0000AXW02-AXW020204 | C182: AXW02 | E182: AXW020204 | G182: Airtel | H182: DARIA | I182: Chandigarh | J182: Punjab | K182: Chandigarh | L182: AXW | M182: AXW | N182: 46112 | O182: 52 | P182: 46114 | Q182: 46147 | R182: 46114 | U182: Fresh | V182: 24F | W182: 52 | X182: 47 | Z182: PO awaited | AC182: 30.5 | AE182: 52 | AF182: UA | AG182: 24F | AH182: 24.5 | AI182: =IF(AE182<>"",AH182*AE182,0) -> 1274 | AK182: DROR Services Private Limited | AL182: 47 | AM182: 18 | AN182: =IF(AL182<>"",AM182*AL182,0) -> 846 | AQ182: =IF(AO182<>"",AP182*AO182,0) -> 0 | AR182: =AQ182+AN182 -> 846 | AT182: PO Awaited | AV182: =AM182 -> 18 | AW182: =AV182*AL182 -> 846 | AY182: Invoice Awaited | BA182: =AM182 -> 18 | BB182: =AL182 -> 47 | BC182: =IF(BB182<>"",BB182*BA182,0) -> 846 | BE182: R-96 | BF182: 0000AXW02-AXW020204 | BG182: FY 2025-26 H2 Data | BH182: Consumption and RFS done in March 2026 but signoff done in April 2026
A183: =A182+1 -> 181 | B183: 000000CM3-0000CM310 | C183: CM3 | E183: CM310 | G183: Airtel | H183: Mani Majra | I183: Chandigarh | J183: Punjab | K183: Chandigarh | L183: CM3 | M183: CM3 | N183: 46142 | O183: 1033 | P183: 46149 | Q183: 46149 | R183: 46149 | U183: Fresh | V183: 48F | W183: 1033 | X183: 1023 | Z183: PO awaited | AC183: 35.5 | AE183: 1033 | AF183: UA | AG183: 48F | AH183: 38.5 | AI183: =IF(AE183<>"",AH183*AE183,0) -> 39770.5 | AK183: DROR Services Private Limited | AL183: 1023 | AM183: 20 | AN183: =IF(AL183<>"",AM183*AL183,0) -> 20460 | AQ183: =IF(AO183<>"",AP183*AO183,0) -> 0 | AR183: =AQ183+AN183 -> 20460 | AT183: ET-PO-PUN-2604-0018 | AU183: 46141 | AV183: =AM183 -> 20 | AW183: =AV183*AL183 -> 20460 | AY183: DSHR/2026-27/158 | AZ183: 46156 | BA183: =AM183 -> 20 | BB183: =AL183 -> 1023 | BC183: =IF(BB183<>"",BB183*BA183,0) -> 20460 | BE183: R-1 | BF183: 000000CM3-0000CM310 | BG183: FY 2026-76 H1 Data
A184: =A183+1 -> 182 | B184: 000000CM3-0000CM325 | C184: CM3 | E184: CM325 | G184: Airtel | H184: Mani Majra | I184: Chandigarh | J184: Punjab | K184: Chandigarh | L184: CM3 | M184: CM3 | N184: 46142 | O184: 1939 | P184: 46149 | Q184: 46149 | R184: 46149 | U184: Fresh | V184: 48F | W184: 1939 | X184: 1877 | Z184: PO awaited | AC184: 35.5 | AE184: 1939 | AF184: UA | AG184: 48F | AH184: 38.5 | AI184: =IF(AE184<>"",AH184*AE184,0) -> 74651.5 | AK184: DROR Services Private Limited | AL184: 1877 | AM184: 20 | AN184: =IF(AL184<>"",AM184*AL184,0) -> 37540 | AQ184: =IF(AO184<>"",AP184*AO184,0) -> 0 | AR184: =AQ184+AN184 -> 37540 | AT184: ET-PO-PUN-2604-0018 | AU184: 46141 | AV184: =AM184 -> 20 | AW184: =AV184*AL184 -> 37540 | AY184: DSHR/2026-27/158 | AZ184: 46156 | BA184: =AM184 -> 20 | BB184: =AL184 -> 1877 | BC184: =IF(BB184<>"",BB184*BA184,0) -> 37540 | BE184: R-2 | BF184: 000000CM3-0000CM325 | BG184: FY 2026-76 H1 Data
A185: =A184+1 -> 183 | B185: 000000CM3-0000CM325 | C185: CM3 | E185: CM325 | G185: Airtel | H185: Mani Majra | I185: Chandigarh | J185: Punjab | K185: Chandigarh | L185: CM3 | M185: CM3 | N185: 46142 | O185: 84 | P185: 46149 | Q185: 46149 | R185: 46149 | U185: Fresh | V185: 48F | W185: 84 | X185: 84 | Z185: PO awaited | AC185: 35.5 | AE185: 84 | AF185: UA | AG185: 48F | AH185: 38.5 | AI185: =IF(AE185<>"",AH185*AE185,0) -> 3234 | AK185: DROR Services Private Limited | AL185: 84 | AM185: 20 | AN185: =IF(AL185<>"",AM185*AL185,0) -> 1680 | AQ185: =IF(AO185<>"",AP185*AO185,0) -> 0 | AR185: =AQ185+AN185 -> 1680 | AT185: ET-PO-PUN-2605-0008 | AU185: 46160 | AV185: =AM185 -> 20 | AW185: =AV185*AL185 -> 1680 | AY185: Invoice Awaited | BA185: =AM185 -> 20 | BB185: =AL185 -> 84 | BC185: =IF(BB185<>"",BB185*BA185,0) -> 1680 | BE185: R-2 | BF185: 000000CM3-0000CM325 | BG185: FY 2026-76 H1 Data
A186: =A185+1 -> 184 | B186: 0000CM313-0000CM315 | C186: CM313 | E186: CM315 | G186: Airtel | H186: Mani Majra | I186: Chandigarh | J186: Punjab | K186: Chandigarh | L186: CM3 | M186: CM3 | N186: 46142 | O186: 255 | P186: 46149 | Q186: 46149 | R186: 46149 | U186: Fresh | V186: 24F | W186: 255 | X186: 230 | Z186: PO awaited | AC186: 30.5 | AE186: 255 | AF186: UA | AG186: 24F | AH186: 24.5 | AI186: =IF(AE186<>"",AH186*AE186,0) -> 6247.5 | AK186: DROR Services Private Limited | AL186: 230 | AM186: 18 | AN186: =IF(AL186<>"",AM186*AL186,0) -> 4140 | AQ186: =IF(AO186<>"",AP186*AO186,0) -> 0 | AR186: =AQ186+AN186 -> 4140 | AT186: ET-PO-PUN-2604-0018 | AU186: 46141 | AV186: =AM186 -> 18 | AW186: =AV186*AL186 -> 4140 | AY186: DSHR/2026-27/158 | AZ186: 46156 | BA186: =AM186 -> 18 | BB186: =AL186 -> 230 | BC186: =IF(BB186<>"",BB186*BA186,0) -> 4140 | BE186: R-3 | BF186: 0000CM313-0000CM315 | BG186: FY 2026-76 H1 Data
A187: =A186+1 -> 185 | B187: 0000CM314-0000CM316 | C187: CM314 | E187: CM316 | G187: Airtel | H187: Mani Majra | I187: Chandigarh | J187: Punjab | K187: Chandigarh | L187: CM3 | M187: CM3 | N187: 46142 | O187: 131 | P187: 46149 | Q187: 46149 | R187: 46149 | U187: Fresh | V187: 24F | W187: 131 | X187: 103 | Z187: PO awaited | AC187: 30.5 | AE187: 131 | AF187: UA | AG187: 24F | AH187: 24.5 | AI187: =IF(AE187<>"",AH187*AE187,0) -> 3209.5 | AK187: DROR Services Private Limited | AL187: 103 | AM187: 18 | AN187: =IF(AL187<>"",AM187*AL187,0) -> 1854 | AQ187: =IF(AO187<>"",AP187*AO187,0) -> 0 | AR187: =AQ187+AN187 -> 1854 | AT187: ET-PO-PUN-2604-0018 | AU187: 46141 | AV187: =AM187 -> 18 | AW187: =AV187*AL187 -> 1854 | AY187: DSHR/2026-27/158 | AZ187: 46156 | BA187: =AM187 -> 18 | BB187: =AL187 -> 103 | BC187: =IF(BB187<>"",BB187*BA187,0) -> 1854 | BE187: R-4 | BF187: 0000CM314-0000CM316 | BG187: FY 2026-76 H1 Data
A188: =A187+1 -> 186 | B188: 0000CM304-0000CM305 | C188: CM304 | E188: CM305 | G188: Airtel | H188: Mani Majra | I188: Chandigarh | J188: Punjab | K188: Chandigarh | L188: CM3 | M188: CM3 | N188: 46142 | O188: 109 | P188: 46149 | Q188: 46149 | R188: 46149 | U188: Fresh | V188: 6F | W188: 109 | X188: 109 | Z188: PO awaited | AC188: 20.5 | AE188: 109 | AF188: UA | AG188: 6F | AH188: 9.5 | AI188: =IF(AE188<>"",AH188*AE188,0) -> 1035.5 | AK188: DROR Services Private Limited | AL188: 109 | AM188: 18 | AN188: =IF(AL188<>"",AM188*AL188,0) -> 1962 | AQ188: =IF(AO188<>"",AP188*AO188,0) -> 0 | AR188: =AQ188+AN188 -> 1962 | AT188: ET-PO-PUN-2604-0018 | AU188: 46141 | AV188: =AM188 -> 18 | AW188: =AV188*AL188 -> 1962 | AY188: DSHR/2026-27/158 | AZ188: 46156 | BA188: =AM188 -> 18 | BB188: =AL188 -> 109 | BC188: =IF(BB188<>"",BB188*BA188,0) -> 1962 | BE188: R-5 | BF188: 0000CM304-0000CM305 | BG188: FY 2026-76 H1 Data
A189: =A188+1 -> 187 | B189: 0000CM306-0000CM307 | C189: CM306 | E189: CM307 | G189: Airtel | H189: Mani Majra | I189: Chandigarh | J189: Punjab | K189: Chandigarh | L189: CM3 | M189: CM3 | N189: 46142 | O189: 120 | P189: 46149 | Q189: 46149 | R189: 46149 | U189: Fresh | V189: 6F | W189: 120 | X189: 120 | Z189: PO awaited | AC189: 20.5 | AE189: 120 | AF189: UA | AG189: 6F | AH189: 9.5 | AI189: =IF(AE189<>"",AH189*AE189,0) -> 1140 | AK189: DROR Services Private Limited | AL189: 120 | AM189: 18 | AN189: =IF(AL189<>"",AM189*AL189,0) -> 2160 | AQ189: =IF(AO189<>"",AP189*AO189,0) -> 0 | AR189: =AQ189+AN189 -> 2160 | AT189: ET-PO-PUN-2604-0018 | AU189: 46141 | AV189: =AM189 -> 18 | AW189: =AV189*AL189 -> 2160 | AY189: DSHR/2026-27/158 | AZ189: 46156 | BA189: =AM189 -> 18 | BB189: =AL189 -> 120 | BC189: =IF(BB189<>"",BB189*BA189,0) -> 2160 | BE189: R-6 | BF189: 0000CM306-0000CM307 | BG189: FY 2026-76 H1 Data
A190: =A189+1 -> 188 | B190: 0000CM301-CM3010102 | C190: CM301 | E190: CM3010102 | G190: Airtel | H190: Mani Majra | I190: Chandigarh | J190: Punjab | K190: Chandigarh | L190: CM3 | M190: CM3 | N190: 46142 | O190: 10 | P190: 46149 | Q190: 46149 | R190: 46149 | U190: Fresh | V190: 12F | W190: 10 | X190: 10 | Z190: PO awaited | AC190: 25.5 | AE190: 10 | AF190: UA | AG190: 12F | AH190: 12.5 | AI190: =IF(AE190<>"",AH190*AE190,0) -> 125 | AK190: DROR Services Private Limited | AL190: 10 | AM190: 18 | AN190: =IF(AL190<>"",AM190*AL190,0) -> 180 | AQ190: =IF(AO190<>"",AP190*AO190,0) -> 0 | AR190: =AQ190+AN190 -> 180 | AT190: ET-PO-PUN-2604-0018 | AU190: 46141 | AV190: =AM190 -> 18 | AW190: =AV190*AL190 -> 180 | AY190: DSHR/2026-27/158 | AZ190: 46156 | BA190: =AM190 -> 18 | BB190: =AL190 -> 10 | BC190: =IF(BB190<>"",BB190*BA190,0) -> 180 | BE190: R-7 | BF190: 0000CM301-CM3010102 | BG190: FY 2026-76 H1 Data
A191: =A190+1 -> 189 | B191: 0000CM301-CM3010101 | C191: CM301 | E191: CM3010101 | G191: Airtel | H191: Mani Majra | I191: Chandigarh | J191: Punjab | K191: Chandigarh | L191: CM3 | M191: CM3 | N191: 46142 | O191: 59 | P191: 46149 | Q191: 46149 | R191: 46149 | U191: Fresh | V191: 12F | W191: 59 | X191: 54 | Z191: PO awaited | AC191: 25.5 | AE191: 59 | AF191: UA | AG191: 12F | AH191: 12.5 | AI191: =IF(AE191<>"",AH191*AE191,0) -> 737.5 | AK191: DROR Services Private Limited | AL191: 54 | AM191: 18 | AN191: =IF(AL191<>"",AM191*AL191,0) -> 972 | AQ191: =IF(AO191<>"",AP191*AO191,0) -> 0 | AR191: =AQ191+AN191 -> 972 | AT191: ET-PO-PUN-2604-0018 | AU191: 46141 | AV191: =AM191 -> 18 | AW191: =AV191*AL191 -> 972 | AY191: DSHR/2026-27/158 | AZ191: 46156 | BA191: =AM191 -> 18 | BB191: =AL191 -> 54 | BC191: =IF(BB191<>"",BB191*BA191,0) -> 972 | BE191: R-8 | BF191: 0000CM301-CM3010101 | BG191: FY 2026-76 H1 Data
A192: =A191+1 -> 190 | B192: 0000CM301-CM3010106 | C192: CM301 | E192: CM3010106 | G192: Airtel | H192: Mani Majra | I192: Chandigarh | J192: Punjab | K192: Chandigarh | L192: CM3 | M192: CM3 | N192: 46142 | O192: 158 | P192: 46149 | Q192: 46149 | R192: 46149 | U192: Fresh | V192: 12F | W192: 158 | X192: 143 | Z192: PO awaited | AC192: 25.5 | AE192: 158 | AF192: UA | AG192: 12F | AH192: 12.5 | AI192: =IF(AE192<>"",AH192*AE192,0) -> 1975 | AK192: DROR Services Private Limited | AL192: 143 | AM192: 18 | AN192: =IF(AL192<>"",AM192*AL192,0) -> 2574 | AQ192: =IF(AO192<>"",AP192*AO192,0) -> 0 | AR192: =AQ192+AN192 -> 2574 | AT192: ET-PO-PUN-2604-0018 | AU192: 46141 | AV192: =AM192 -> 18 | AW192: =AV192*AL192 -> 2574 | AY192: DSHR/2026-27/158 | AZ192: 46156 | BA192: =AM192 -> 18 | BB192: =AL192 -> 143 | BC192: =IF(BB192<>"",BB192*BA192,0) -> 2574 | BE192: R-9 | BF192: 0000CM301-CM3010106 | BG192: FY 2026-76 H1 Data
A193: =A192+1 -> 191 | B193: 0000CM302-CM3020101 | C193: CM302 | E193: CM3020101 | G193: Airtel | H193: Mani Majra | I193: Chandigarh | J193: Punjab | K193: Chandigarh | L193: CM3 | M193: CM3 | N193: 46142 | O193: 10 | P193: 46149 | Q193: 46149 | R193: 46149 | U193: Fresh | V193: 12F | W193: 10 | X193: 10 | Z193: PO awaited | AC193: 25.5 | AE193: 10 | AF193: UA | AG193: 12F | AH193: 12.5 | AI193: =IF(AE193<>"",AH193*AE193,0) -> 125 | AK193: DROR Services Private Limited | AL193: 10 | AM193: 18 | AN193: =IF(AL193<>"",AM193*AL193,0) -> 180 | AQ193: =IF(AO193<>"",AP193*AO193,0) -> 0 | AR193: =AQ193+AN193 -> 180 | AT193: ET-PO-PUN-2604-0018 | AU193: 46141 | AV193: =AM193 -> 18 | AW193: =AV193*AL193 -> 180 | AY193: DSHR/2026-27/158 | AZ193: 46156 | BA193: =AM193 -> 18 | BB193: =AL193 -> 10 | BC193: =IF(BB193<>"",BB193*BA193,0) -> 180 | BE193: R-10 | BF193: 0000CM302-CM3020101 | BG193: FY 2026-76 H1 Data
A194: =A193+1 -> 192 | B194: 0000CM302-CM3020104 | C194: CM302 | E194: CM3020104 | G194: Airtel | H194: Mani Majra | I194: Chandigarh | J194: Punjab | K194: Chandigarh | L194: CM3 | M194: CM3 | N194: 46142 | O194: 119 | P194: 46149 | Q194: 46149 | R194: 46149 | U194: Fresh | V194: 12F | W194: 119 | X194: 109 | Z194: PO awaited | AC194: 25.5 | AE194: 119 | AF194: UA | AG194: 12F | AH194: 12.5 | AI194: =IF(AE194<>"",AH194*AE194,0) -> 1487.5 | AK194: DROR Services Private Limited | AL194: 109 | AM194: 18 | AN194: =IF(AL194<>"",AM194*AL194,0) -> 1962 | AQ194: =IF(AO194<>"",AP194*AO194,0) -> 0 | AR194: =AQ194+AN194 -> 1962 | AT194: ET-PO-PUN-2604-0018 | AU194: 46141 | AV194: =AM194 -> 18 | AW194: =AV194*AL194 -> 1962 | AY194: DSHR/2026-27/158 | AZ194: 46156 | BA194: =AM194 -> 18 | BB194: =AL194 -> 109 | BC194: =IF(BB194<>"",BB194*BA194,0) -> 1962 | BE194: R-11 | BF194: 0000CM302-CM3020104 | BG194: FY 2026-76 H1 Data
A195: =A194+1 -> 193 | B195: 0000CM303-CM3030105 | C195: CM303 | E195: CM3030105 | G195: Airtel | H195: Mani Majra | I195: Chandigarh | J195: Punjab | K195: Chandigarh | L195: CM3 | M195: CM3 | N195: 46142 | O195: 10 | P195: 46149 | Q195: 46149 | R195: 46149 | U195: Fresh | V195: 12F | W195: 10 | X195: 10 | Z195: PO awaited | AC195: 25.5 | AE195: 10 | AF195: UA | AG195: 12F | AH195: 12.5 | AI195: =IF(AE195<>"",AH195*AE195,0) -> 125 | AK195: DROR Services Private Limited | AL195: 10 | AM195: 18 | AN195: =IF(AL195<>"",AM195*AL195,0) -> 180 | AQ195: =IF(AO195<>"",AP195*AO195,0) -> 0 | AR195: =AQ195+AN195 -> 180 | AT195: ET-PO-PUN-2604-0018 | AU195: 46141 | AV195: =AM195 -> 18 | AW195: =AV195*AL195 -> 180 | AY195: DSHR/2026-27/158 | AZ195: 46156 | BA195: =AM195 -> 18 | BB195: =AL195 -> 10 | BC195: =IF(BB195<>"",BB195*BA195,0) -> 180 | BE195: R-12 | BF195: 0000CM303-CM3030105 | BG195: FY 2026-76 H1 Data
A196: =A195+1 -> 194 | B196: 0000CM303-CM3030102 | C196: CM303 | E196: CM3030102 | G196: Airtel | H196: Mani Majra | I196: Chandigarh | J196: Punjab | K196: Chandigarh | L196: CM3 | M196: CM3 | N196: 46142 | O196: 104 | P196: 46149 | Q196: 46149 | R196: 46149 | U196: Fresh | V196: 12F | W196: 104 | X196: 94 | Z196: PO awaited | AC196: 25.5 | AE196: 104 | AF196: UA | AG196: 12F | AH196: 12.5 | AI196: =IF(AE196<>"",AH196*AE196,0) -> 1300 | AK196: DROR Services Private Limited | AL196: 94 | AM196: 18 | AN196: =IF(AL196<>"",AM196*AL196,0) -> 1692 | AQ196: =IF(AO196<>"",AP196*AO196,0) -> 0 | AR196: =AQ196+AN196 -> 1692 | AT196: ET-PO-PUN-2604-0018 | AU196: 46141 | AV196: =AM196 -> 18 | AW196: =AV196*AL196 -> 1692 | AY196: DSHR/2026-27/158 | AZ196: 46156 | BA196: =AM196 -> 18 | BB196: =AL196 -> 94 | BC196: =IF(BB196<>"",BB196*BA196,0) -> 1692 | BE196: R-13 | BF196: 0000CM303-CM3030102 | BG196: FY 2026-76 H1 Data
A197: =A196+1 -> 195 | B197: 0000CM303-CM3030103 | C197: CM303 | E197: CM3030103 | G197: Airtel | H197: Mani Majra | I197: Chandigarh | J197: Punjab | K197: Chandigarh | L197: CM3 | M197: CM3 | N197: 46142 | O197: 51 | P197: 46149 | Q197: 46149 | R197: 46149 | U197: Fresh | V197: 12F | W197: 51 | X197: 56 | Z197: PO awaited | AC197: 25.5 | AE197: 51 | AF197: UA | AG197: 12F | AH197: 12.5 | AI197: =IF(AE197<>"",AH197*AE197,0) -> 637.5 | AK197: DROR Services Private Limited | AL197: 56 | AM197: 18 | AN197: =IF(AL197<>"",AM197*AL197,0) -> 1008 | AQ197: =IF(AO197<>"",AP197*AO197,0) -> 0 | AR197: =AQ197+AN197 -> 1008 | AT197: ET-PO-PUN-2604-0018 | AU197: 46141 | AV197: =AM197 -> 18 | AW197: =AV197*AL197 -> 1008 | AY197: DSHR/2026-27/158 | AZ197: 46156 | BA197: =AM197 -> 18 | BB197: =AL197 -> 56 | BC197: =IF(BB197<>"",BB197*BA197,0) -> 1008 | BE197: R-14 | BF197: 0000CM303-CM3030103 | BG197: FY 2026-76 H1 Data
... A261: =A260+1 -> 259 | B261: 0000CM325-CM3250107 | C261: CM325 | E261: CM3250107 | G261: Airtel | H261: Mani Majra | I261: Chandigarh | J261: Punjab | K261: Chandigarh | L261: CM3 | M261: CM3 | N261: 46142 | O261: 227 | P261: 46149 | Q261: 46149 | R261: 46149 | U261: Fresh | V261: 12F | W261: 227 | X261: 216 | Z261: PO awaited | AC261: 25.5 | AE261: 227 | AF261: UA | AG261: 12F | AH261: 12.5 | AI261: =IF(AE261<>"",AH261*AE261,0) -> 2837.5 | AK261: DROR Services Private Limited | AL261: 216 | AM261: 18 | AN261: =IF(AL261<>"",AM261*AL261,0) -> 3888 | AQ261: =IF(AO261<>"",AP261*AO261,0) -> 0 | AR261: =AQ261+AN261 -> 3888 | AT261: ET-PO-PUN-2604-0018 | AU261: 46141 | AV261: =AM261 -> 18 | AW261: =AV261*AL261 -> 3888 | AY261: DSHR/2026-27/158 | AZ261: 46156 | BA261: =AM261 -> 18 | BB261: =AL261 -> 216 | BC261: =IF(BB261<>"",BB261*BA261,0) -> 3888 | BE261: R-78 | BF261: 0000CM325-CM3250107 | BG261: FY 2026-76 H1 Data
A262: =A261+1 -> 260 | B262: 000000CM4-0000CM418 | C262: CM4 | E262: CM418 | G262: Airtel | H262: Mani Majra | I262: Chandigarh | J262: Punjab | K262: Chandigarh | L262: CM4 | M262: CM4 | N262: 46142 | O262: 1475 | P262: 46148 | Q262: 46149 | R262: 46148 | V262: 48F | W262: 1475 | X262: 1442 | Z262: PO awaited | AC262: 35.5 | AE262: 1475 | AF262: UA | AG262: 48F | AH262: 38.5 | AI262: =IF(AE262<>"",AH262*AE262,0) -> 56787.5 | AK262: Sudhist Infocom Private Limited | AL262: 1442 | AM262: 20 | AN262: =IF(AL262<>"",AM262*AL262,0) -> 28840 | AQ262: =IF(AO262<>"",AP262*AO262,0) -> 0 | AR262: =AQ262+AN262 -> 28840 | AT262: PO Awaited | AV262: =AM262 -> 20 | AW262: =AV262*AL262 -> 28840 | AY262: Invoice Awaited | BA262: =AM262 -> 20 | BB262: =AL262 -> 1442 | BC262: =IF(BB262<>"",BB262*BA262,0) -> 28840 | BE262: R-1 | BF262: 000000CM4-0000CM418 | BG262: FY 2026-76 H1 Data
A263: =A262+1 -> 261 | B263: 000000CM4-0000CM408 | C263: CM4 | E263: CM408 | G263: Airtel | H263: Mani Majra | I263: Chandigarh | J263: Punjab | K263: Chandigarh | L263: CM4 | M263: CM4 | N263: 46142 | O263: 800 | P263: 46148 | Q263: 46149 | R263: 46148 | V263: 48F | W263: 800 | X263: 795 | Z263: PO awaited | AC263: 35.5 | AE263: 800 | AF263: UA | AG263: 48F | AH263: 38.5 | AI263: =IF(AE263<>"",AH263*AE263,0) -> 30800 | AK263: Sudhist Infocom Private Limited | AL263: 795 | AM263: 20 | AN263: =IF(AL263<>"",AM263*AL263,0) -> 15900 | AQ263: =IF(AO263<>"",AP263*AO263,0) -> 0 | AR263: =AQ263+AN263 -> 15900 | AT263: PO Awaited | AV263: =AM263 -> 20 | AW263: =AV263*AL263 -> 15900 | AY263: Invoice Awaited | BA263: =AM263 -> 20 | BB263: =AL263 -> 795 | BC263: =IF(BB263<>"",BB263*BA263,0) -> 15900 | BE263: R-2 | BF263: 000000CM4-0000CM408 | BG263: FY 2026-76 H1 Data
A264: =A263+1 -> 262 | B264: 000000CM4-0000CM403 | C264: CM4 | E264: CM403 | G264: Airtel | H264: Mani Majra | I264: Chandigarh | J264: Punjab | K264: Chandigarh | L264: CM4 | M264: CM4 | N264: 46142 | O264: 635 | P264: 46148 | Q264: 46149 | R264: 46148 | V264: 24F | W264: 635 | X264: 618 | Z264: PO awaited | AC264: 30.5 | AE264: 635 | AF264: UA | AG264: 24F | AH264: 24.5 | AI264: =IF(AE264<>"",AH264*AE264,0) -> 15557.5 | AK264: Sudhist Infocom Private Limited | AL264: 618 | AM264: 19 | AN264: =IF(AL264<>"",AM264*AL264,0) -> 11742 | AQ264: =IF(AO264<>"",AP264*AO264,0) -> 0 | AR264: =AQ264+AN264 -> 11742 | AT264: PO Awaited | AV264: =AM264 -> 19 | AW264: =AV264*AL264 -> 11742 | AY264: Invoice Awaited | BA264: =AM264 -> 19 | BB264: =AL264 -> 618 | BC264: =IF(BB264<>"",BB264*BA264,0) -> 11742 | BE264: R-3 | BF264: 000000CM4-0000CM403 | BG264: FY 2026-76 H1 Data
A265: =A264+1 -> 263 | B265: 0000CM402-0000CM404 | C265: CM402 | E265: CM404 | G265: Airtel | H265: Mani Majra | I265: Chandigarh | J265: Punjab | K265: Chandigarh | L265: CM4 | M265: CM4 | N265: 46142 | O265: 132 | P265: 46148 | Q265: 46149 | R265: 46148 | V265: 24F | W265: 132 | X265: 132 | Z265: PO awaited | AC265: 30.5 | AE265: 132 | AF265: UA | AG265: 24F | AH265: 24.5 | AI265: =IF(AE265<>"",AH265*AE265,0) -> 3234 | AK265: Sudhist Infocom Private Limited | AL265: 132 | AM265: 19 | AN265: =IF(AL265<>"",AM265*AL265,0) -> 2508 | AQ265: =IF(AO265<>"",AP265*AO265,0) -> 0 | AR265: =AQ265+AN265 -> 2508 | AT265: PO Awaited | AV265: =AM265 -> 19 | AW265: =AV265*AL265 -> 2508 | AY265: Invoice Awaited | BA265: =AM265 -> 19 | BB265: =AL265 -> 132 | BC265: =IF(BB265<>"",BB265*BA265,0) -> 2508 | BE265: R-4 | BF265: 0000CM402-0000CM404 | BG265: FY 2026-76 H1 Data
A266: =A265+1 -> 264 | B266: 0000CM411-0000CM412 | C266: CM411 | E266: CM412 | G266: Airtel | H266: Mani Majra | I266: Chandigarh | J266: Punjab | K266: Chandigarh | L266: CM4 | M266: CM4 | N266: 46142 | O266: 122 | P266: 46148 | Q266: 46149 | R266: 46148 | V266: 24F | W266: 122 | X266: 110 | Z266: PO awaited | AC266: 30.5 | AE266: 122 | AF266: UA | AG266: 24F | AH266: 24.5 | AI266: =IF(AE266<>"",AH266*AE266,0) -> 2989 | AK266: Sudhist Infocom Private Limited | AL266: 110 | AM266: 19 | AN266: =IF(AL266<>"",AM266*AL266,0) -> 2090 | AQ266: =IF(AO266<>"",AP266*AO266,0) -> 0 | AR266: =AQ266+AN266 -> 2090 | AT266: PO Awaited | AV266: =AM266 -> 19 | AW266: =AV266*AL266 -> 2090 | AY266: Invoice Awaited | BA266: =AM266 -> 19 | BB266: =AL266 -> 110 | BC266: =IF(BB266<>"",BB266*BA266,0) -> 2090 | BE266: R-5 | BF266: 0000CM411-0000CM412 | BG266: FY 2026-76 H1 Data
A267: =A266+1 -> 265 | B267: 0000CM415-0000CM416 | C267: CM415 | E267: CM416 | G267: Airtel | H267: Mani Majra | I267: Chandigarh | J267: Punjab | K267: Chandigarh | L267: CM4 | M267: CM4 | N267: 46142 | O267: 109 | P267: 46148 | Q267: 46149 | R267: 46148 | V267: 24F | W267: 109 | X267: 97 | Z267: PO awaited | AC267: 30.5 | AE267: 109 | AF267: UA | AG267: 24F | AH267: 24.5 | AI267: =IF(AE267<>"",AH267*AE267,0) -> 2670.5 | AK267: Sudhist Infocom Private Limited | AL267: 97 | AM267: 19 | AN267: =IF(AL267<>"",AM267*AL267,0) -> 1843 | AQ267: =IF(AO267<>"",AP267*AO267,0) -> 0 | AR267: =AQ267+AN267 -> 1843 | AT267: PO Awaited | AV267: =AM267 -> 19 | AW267: =AV267*AL267 -> 1843 | AY267: Invoice Awaited | BA267: =AM267 -> 19 | BB267: =AL267 -> 97 | BC267: =IF(BB267<>"",BB267*BA267,0) -> 1843 | BE267: R-6 | BF267: 0000CM415-0000CM416 | BG267: FY 2026-76 H1 Data
A268: =A267+1 -> 266 | B268: 000000CM4-0000CM421 | C268: CM4 | E268: CM421 | G268: Airtel | H268: Mani Majra | I268: Chandigarh | J268: Punjab | K268: Chandigarh | L268: CM4 | M268: CM4 | N268: 46142 | O268: 629 | P268: 46148 | Q268: 46149 | R268: 46148 | V268: 24F | W268: 629 | X268: 596 | Z268: PO awaited | AC268: 30.5 | AE268: 629 | AF268: UA | AG268: 24F | AH268: 24.5 | AI268: =IF(AE268<>"",AH268*AE268,0) -> 15410.5 | AK268: Sudhist Infocom Private Limited | AL268: 596 | AM268: 19 | AN268: =IF(AL268<>"",AM268*AL268,0) -> 11324 | AQ268: =IF(AO268<>"",AP268*AO268,0) -> 0 | AR268: =AQ268+AN268 -> 11324 | AT268: PO Awaited | AV268: =AM268 -> 19 | AW268: =AV268*AL268 -> 11324 | AY268: Invoice Awaited | BA268: =AM268 -> 19 | BB268: =AL268 -> 596 | BC268: =IF(BB268<>"",BB268*BA268,0) -> 11324 | BE268: R-7 | BF268: 000000CM4-0000CM421 | BG268: FY 2026-76 H1 Data
A269: =A268+1 -> 267 | B269: 0000CM401-CM4010101 | C269: CM401 | E269: CM4010101 | G269: Airtel | H269: Mani Majra | I269: Chandigarh | J269: Punjab | K269: Chandigarh | L269: CM4 | M269: CM4 | N269: 46142 | O269: 10 | P269: 46148 | Q269: 46149 | R269: 46148 | V269: 12F | W269: 10 | X269: 10 | Z269: PO awaited | AC269: 25.5 | AE269: 10 | AF269: UA | AG269: 12F | AH269: 12.5 | AI269: =IF(AE269<>"",AH269*AE269,0) -> 125 | AK269: Sudhist Infocom Private Limited | AL269: 10 | AM269: 19 | AN269: =IF(AL269<>"",AM269*AL269,0) -> 190 | AQ269: =IF(AO269<>"",AP269*AO269,0) -> 0 | AR269: =AQ269+AN269 -> 190 | AT269: PO Awaited | AV269: =AM269 -> 19 | AW269: =AV269*AL269 -> 190 | AY269: Invoice Awaited | BA269: =AM269 -> 19 | BB269: =AL269 -> 10 | BC269: =IF(BB269<>"",BB269*BA269,0) -> 190 | BE269: R-8 | BF269: 0000CM401-CM4010101 | BG269: FY 2026-76 H1 Data
A270: =A269+1 -> 268 | B270: 0000CM401-CM4010102 | C270: CM401 | E270: CM4010102 | G270: Airtel | H270: Mani Majra | I270: Chandigarh | J270: Punjab | K270: Chandigarh | L270: CM4 | M270: CM4 | N270: 46142 | O270: 34 | P270: 46148 | Q270: 46149 | R270: 46148 | V270: 12F | W270: 34 | X270: 34 | Z270: PO awaited | AC270: 25.5 | AE270: 34 | AF270: UA | AG270: 12F | AH270: 12.5 | AI270: =IF(AE270<>"",AH270*AE270,0) -> 425 | AK270: Sudhist Infocom Private Limited | AL270: 34 | AM270: 19 | AN270: =IF(AL270<>"",AM270*AL270,0) -> 646 | AQ270: =IF(AO270<>"",AP270*AO270,0) -> 0 | AR270: =AQ270+AN270 -> 646 | AT270: PO Awaited | AV270: =AM270 -> 19 | AW270: =AV270*AL270 -> 646 | AY270: Invoice Awaited | BA270: =AM270 -> 19 | BB270: =AL270 -> 34 | BC270: =IF(BB270<>"",BB270*BA270,0) -> 646 | BE270: R-9 | BF270: 0000CM401-CM4010102 | BG270: FY 2026-76 H1 Data
A271: =A270+1 -> 269 | B271: 0000CM401-CM4010104 | C271: CM401 | E271: CM4010104 | G271: Airtel | H271: Mani Majra | I271: Chandigarh | J271: Punjab | K271: Chandigarh | L271: CM4 | M271: CM4 | N271: 46142 | O271: 151 | P271: 46148 | Q271: 46149 | R271: 46148 | V271: 12F | W271: 151 | X271: 148 | Z271: PO awaited | AC271: 25.5 | AE271: 151 | AF271: UA | AG271: 12F | AH271: 12.5 | AI271: =IF(AE271<>"",AH271*AE271,0) -> 1887.5 | AK271: Sudhist Infocom Private Limited | AL271: 148 | AM271: 19 | AN271: =IF(AL271<>"",AM271*AL271,0) -> 2812 | AQ271: =IF(AO271<>"",AP271*AO271,0) -> 0 | AR271: =AQ271+AN271 -> 2812 | AT271: PO Awaited | AV271: =AM271 -> 19 | AW271: =AV271*AL271 -> 2812 | AY271: Invoice Awaited | BA271: =AM271 -> 19 | BB271: =AL271 -> 148 | BC271: =IF(BB271<>"",BB271*BA271,0) -> 2812 | BE271: R-10 | BF271: 0000CM401-CM4010104 | BG271: FY 2026-76 H1 Data
A272: =A271+1 -> 270 | B272: CM4010106-CM4010108 | C272: CM4010106 | E272: CM4010108 | G272: Airtel | H272: Mani Majra | I272: Chandigarh | J272: Punjab | K272: Chandigarh | L272: CM4 | M272: CM4 | N272: 46142 | O272: 82 | P272: 46148 | Q272: 46149 | R272: 46148 | V272: 12F | W272: 82 | X272: 82 | Z272: PO awaited | AC272: 25.5 | AE272: 82 | AF272: UA | AG272: 12F | AH272: 12.5 | AI272: =IF(AE272<>"",AH272*AE272,0) -> 1025 | AK272: Sudhist Infocom Private Limited | AL272: 82 | AM272: 19 | AN272: =IF(AL272<>"",AM272*AL272,0) -> 1558 | AQ272: =IF(AO272<>"",AP272*AO272,0) -> 0 | AR272: =AQ272+AN272 -> 1558 | AT272: PO Awaited | AV272: =AM272 -> 19 | AW272: =AV272*AL272 -> 1558 | AY272: Invoice Awaited | BA272: =AM272 -> 19 | BB272: =AL272 -> 82 | BC272: =IF(BB272<>"",BB272*BA272,0) -> 1558 | BE272: R-11 | BF272: CM4010106-CM4010108 | BG272: FY 2026-76 H1 Data
A273: =A272+1 -> 271 | B273: 0000CM402-CM4020104 | C273: CM402 | E273: CM4020104 | G273: Airtel | H273: Mani Majra | I273: Chandigarh | J273: Punjab | K273: Chandigarh | L273: CM4 | M273: CM4 | N273: 46142 | O273: 125 | P273: 46148 | Q273: 46149 | R273: 46148 | V273: 12F | W273: 125 | X273: 120 | Z273: PO awaited | AC273: 25.5 | AE273: 125 | AF273: UA | AG273: 12F | AH273: 12.5 | AI273: =IF(AE273<>"",AH273*AE273,0) -> 1562.5 | AK273: Sudhist Infocom Private Limited | AL273: 120 | AM273: 19 | AN273: =IF(AL273<>"",AM273*AL273,0) -> 2280 | AQ273: =IF(AO273<>"",AP273*AO273,0) -> 0 | AR273: =AQ273+AN273 -> 2280 | AT273: PO Awaited | AV273: =AM273 -> 19 | AW273: =AV273*AL273 -> 2280 | AY273: Invoice Awaited | BA273: =AM273 -> 19 | BB273: =AL273 -> 120 | BC273: =IF(BB273<>"",BB273*BA273,0) -> 2280 | BE273: R-12 | BF273: 0000CM402-CM4020104 | BG273: FY 2026-76 H1 Data
... A331: =A330+1 -> 329 | B331: 0000CM421-CM4210105 | C331: CM421 | E331: CM4210105 | G331: Airtel | H331: Mani Majra | I331: Chandigarh | J331: Punjab | K331: Chandigarh | L331: CM4 | M331: CM4 | N331: 46142 | O331: 59 | P331: 46148 | Q331: 46149 | R331: 46148 | V331: 12F | W331: 59 | X331: 57 | Z331: PO awaited | AC331: 25.5 | AE331: 59 | AF331: UA | AG331: 12F | AH331: 12.5 | AI331: =IF(AE331<>"",AH331*AE331,0) -> 737.5 | AK331: Sudhist Infocom Private Limited | AL331: 57 | AM331: 19 | AN331: =IF(AL331<>"",AM331*AL331,0) -> 1083 | AQ331: =IF(AO331<>"",AP331*AO331,0) -> 0 | AR331: =AQ331+AN331 -> 1083 | AT331: PO Awaited | AV331: =AM331 -> 19 | AW331: =AV331*AL331 -> 1083 | AY331: Invoice Awaited | BA331: =AM331 -> 19 | BB331: =AL331 -> 57 | BC331: =IF(BB331<>"",BB331*BA331,0) -> 1083 | BE331: R-70 | BF331: 0000CM421-CM4210105 | BG331: FY 2026-76 H1 Data

Sheet Node Details
E1: =MATCH(E2,'Route-Details'!$B$2:$X$2,0) -> 6 | F1: =MATCH(F2,'Route-Details'!$B$2:$X$2,0) -> 7 | G1: =MATCH(G2,'Route-Details'!$B$2:$X$2,0) -> 8 | H1: =MATCH(H2,'Route-Details'!$B$2:$X$2,0) -> 9 | I1: =MATCH(I2,'Route-Details'!$B$2:$X$2,0) -> 11 | J1: =MATCH(J2,'Route-Details'!$B$2:$X$2,0) -> 12 | S1: =SUBTOTAL(9,S3:S1048576) -> 0
A2: Sr No | B2: FDC/FAT Unique ID (End Point) | C2: Latlong | D2: Route ID (Route on which FAT/FDC is connected) | E2: Customer | F2: Area Name | G2: City | H2: Telecom Circle | I2: OLT ID | J2: Cluster ID | K2: Online AT Date (Delivered) | L2: HOTO Date | M2: HOTO Signoff Date | N2: Start Date (Date from which we can bill) | O2: Lock-in Period | P2: Surrender Date | Q2: Any Additional Fiber used for connectivity | R2: Fiber Capacity | S2: Online AT Length (Delivered) | T2: OTDR length (in meters) | U2: Customer Billable length (in meters) | W2: Customer PO no | X2: PO length | Y2: PO Date | Z2: PO Rate | AB2: Fiber length deployed/used (in meters) | AC2: Fiber Type | AD2: Fiber Capacity | AE2: Fiber Rate per meter (incl Freight) | AF2: Fiber Material Cost | AH2: Execution Vendor Name | AI2: Vendor Billable Length (Fiber laying) | AJ2: Fiber Laying Rate | AK2: Fiber Laying/Execution Cost | AL2: OTM Length | AM2: OTM Execution Rate | AN2: OTM Cost | AO2: Total Vendor Cost | AQ2: Vendor PO No | AR2: Vendor PO Date | AS2: Vendor PO Rate | AT2: Vendor PO Cost | AV2: Vendor Invoice No | AW2: Vendor Invoice Date | AX2: Vendor Invoice Rate | AY2: Vendor Invoiced length | AZ2: Invoice Amt | BB2: Route no | BC2: Remark
A3: 1 | B3: AXZ01 | D3: 000000AXZ-0000AXZ01 | E3: =_xlfn.IFNA(VLOOKUP($D3,'Route-Details'!$B$2:$X$1048576,'Node Details'!E$1,0),"") -> Airtel | F3: =_xlfn.IFNA(VLOOKUP($D3,'Route-Details'!$B$2:$X$1048576,'Node Details'!F$1,0),"") -> DARIA | G3: =_xlfn.IFNA(VLOOKUP($D3,'Route-Details'!$B$2:$X$1048576,'Node Details'!G$1,0),"") -> Chandigarh | H3: =_xlfn.IFNA(VLOOKUP($D4,'Route-Details'!$B$2:$X$1048576,'Node Details'!H$1,0),"") -> Punjab | I3: =_xlfn.IFNA(VLOOKUP($D3,'Route-Details'!$B$2:$X$1048576,'Node Details'!I$1,0),"") -> AXZ | J3: =_xlfn.IFNA(VLOOKUP($D3,'Route-Details'!$B$2:$X$1048576,'Node Details'!J$1,0),"") -> AXZ | K3: 46110 | L3: 46110 | M3: 46119 | N3: 46110 | Q3: No | AF3: =IF(AB3<>"",AE3*AB3,0) -> 0 | AK3: =IF(AI3<>"",AJ3*AI3,0) -> 0 | AN3: =IF(AL3<>"",AM3*AL3,0) -> 0 | AO3: =AN3+AK3 -> 0 | AS3: =AJ3 -> 0 | AT3: =AS3*AI3 -> 0 | AX3: =AJ3 -> 0 | AY3: =AI3 -> 0 | AZ3: =IF(AY3<>"",AY3*AX3,0) -> 0 | BB3: R-1 | BC3: FY 2025-26 H2 Data
A4: =A3+1 -> 2 | B4: AXZ010101 | D4: 0000AXZ01-AXZ010101 | E4: =_xlfn.IFNA(VLOOKUP($D4,'Route-Details'!$B$2:$X$1048576,'Node Details'!E$1,0),"") -> Airtel | F4: =_xlfn.IFNA(VLOOKUP($D4,'Route-Details'!$B$2:$X$1048576,'Node Details'!F$1,0),"") -> DARIA | G4: =_xlfn.IFNA(VLOOKUP($D4,'Route-Details'!$B$2:$X$1048576,'Node Details'!G$1,0),"") -> Chandigarh | H4: =_xlfn.IFNA(VLOOKUP($D5,'Route-Details'!$B$2:$X$1048576,'Node Details'!H$1,0),"") -> Punjab | I4: =_xlfn.IFNA(VLOOKUP($D4,'Route-Details'!$B$2:$X$1048576,'Node Details'!I$1,0),"") -> AXZ | J4: =_xlfn.IFNA(VLOOKUP($D4,'Route-Details'!$B$2:$X$1048576,'Node Details'!J$1,0),"") -> AXZ | K4: 46110 | L4: 46110 | M4: 46119 | N4: 46110 | Q4: No | AF4: =IF(AB4<>"",AE4*AB4,0) -> 0 | AK4: =IF(AI4<>"",AJ4*AI4,0) -> 0 | AN4: =IF(AL4<>"",AM4*AL4,0) -> 0 | AO4: =AN4+AK4 -> 0 | AS4: =AJ4 -> 0 | AT4: =AS4*AI4 -> 0 | AX4: =AJ4 -> 0 | AY4: =AI4 -> 0 | AZ4: =IF(AY4<>"",AY4*AX4,0) -> 0 | BB4: R-3 | BC4: FY 2025-26 H2 Data
A5: =A4+1 -> 3 | B5: AXZ010102 | D5: 0000AXZ01-AXZ010102 | E5: =_xlfn.IFNA(VLOOKUP($D5,'Route-Details'!$B$2:$X$1048576,'Node Details'!E$1,0),"") -> Airtel | F5: =_xlfn.IFNA(VLOOKUP($D5,'Route-Details'!$B$2:$X$1048576,'Node Details'!F$1,0),"") -> DARIA | G5: =_xlfn.IFNA(VLOOKUP($D5,'Route-Details'!$B$2:$X$1048576,'Node Details'!G$1,0),"") -> Chandigarh | H5: =_xlfn.IFNA(VLOOKUP($D6,'Route-Details'!$B$2:$X$1048576,'Node Details'!H$1,0),"") -> Punjab | I5: =_xlfn.IFNA(VLOOKUP($D5,'Route-Details'!$B$2:$X$1048576,'Node Details'!I$1,0),"") -> AXZ | J5: =_xlfn.IFNA(VLOOKUP($D5,'Route-Details'!$B$2:$X$1048576,'Node Details'!J$1,0),"") -> AXZ | K5: 46110 | L5: 46110 | M5: 46119 | N5: 46110 | Q5: No | AF5: =IF(AB5<>"",AE5*AB5,0) -> 0 | AK5: =IF(AI5<>"",AJ5*AI5,0) -> 0 | AN5: =IF(AL5<>"",AM5*AL5,0) -> 0 | AO5: =AN5+AK5 -> 0 | AS5: =AJ5 -> 0 | AT5: =AS5*AI5 -> 0 | AX5: =AJ5 -> 0 | AY5: =AI5 -> 0 | AZ5: =IF(AY5<>"",AY5*AX5,0) -> 0 | BB5: R-4 | BC5: FY 2025-26 H2 Data
A6: =A5+1 -> 4 | B6: AXZ010103 | D6: 0000AXZ01-AXZ010105 | E6: =_xlfn.IFNA(VLOOKUP($D6,'Route-Details'!$B$2:$X$1048576,'Node Details'!E$1,0),"") -> Airtel | F6: =_xlfn.IFNA(VLOOKUP($D6,'Route-Details'!$B$2:$X$1048576,'Node Details'!F$1,0),"") -> DARIA | G6: =_xlfn.IFNA(VLOOKUP($D6,'Route-Details'!$B$2:$X$1048576,'Node Details'!G$1,0),"") -> Chandigarh | H6: =_xlfn.IFNA(VLOOKUP($D7,'Route-Details'!$B$2:$X$1048576,'Node Details'!H$1,0),"") -> Punjab | I6: =_xlfn.IFNA(VLOOKUP($D6,'Route-Details'!$B$2:$X$1048576,'Node Details'!I$1,0),"") -> AXZ | J6: =_xlfn.IFNA(VLOOKUP($D6,'Route-Details'!$B$2:$X$1048576,'Node Details'!J$1,0),"") -> AXZ | K6: 46110 | L6: 46110 | M6: 46119 | N6: 46110 | Q6: No | AF6: =IF(AB6<>"",AE6*AB6,0) -> 0 | AK6: =IF(AI6<>"",AJ6*AI6,0) -> 0 | AN6: =IF(AL6<>"",AM6*AL6,0) -> 0 | AO6: =AN6+AK6 -> 0 | AS6: =AJ6 -> 0 | AT6: =AS6*AI6 -> 0 | AX6: =AJ6 -> 0 | AY6: =AI6 -> 0 | AZ6: =IF(AY6<>"",AY6*AX6,0) -> 0 | BB6: R-5 | BC6: FY 2025-26 H2 Data
A7: =A6+1 -> 5 | B7: AXZ010104 | D7: 0000AXZ01-AXZ010105 | E7: =_xlfn.IFNA(VLOOKUP($D7,'Route-Details'!$B$2:$X$1048576,'Node Details'!E$1,0),"") -> Airtel | F7: =_xlfn.IFNA(VLOOKUP($D7,'Route-Details'!$B$2:$X$1048576,'Node Details'!F$1,0),"") -> DARIA | G7: =_xlfn.IFNA(VLOOKUP($D7,'Route-Details'!$B$2:$X$1048576,'Node Details'!G$1,0),"") -> Chandigarh | H7: =_xlfn.IFNA(VLOOKUP($D8,'Route-Details'!$B$2:$X$1048576,'Node Details'!H$1,0),"") -> Punjab | I7: =_xlfn.IFNA(VLOOKUP($D7,'Route-Details'!$B$2:$X$1048576,'Node Details'!I$1,0),"") -> AXZ | J7: =_xlfn.IFNA(VLOOKUP($D7,'Route-Details'!$B$2:$X$1048576,'Node Details'!J$1,0),"") -> AXZ | K7: 46110 | L7: 46110 | M7: 46119 | N7: 46110 | Q7: No | AF7: =IF(AB7<>"",AE7*AB7,0) -> 0 | AK7: =IF(AI7<>"",AJ7*AI7,0) -> 0 | AN7: =IF(AL7<>"",AM7*AL7,0) -> 0 | AO7: =AN7+AK7 -> 0 | AS7: =AJ7 -> 0 | AT7: =AS7*AI7 -> 0 | AX7: =AJ7 -> 0 | AY7: =AI7 -> 0 | AZ7: =IF(AY7<>"",AY7*AX7,0) -> 0 | BB7: R-5 | BC7: FY 2025-26 H2 Data
A8: =A7+1 -> 6 | B8: AXZ010105 | D8: 0000AXZ01-AXZ010105 | E8: =_xlfn.IFNA(VLOOKUP($D8,'Route-Details'!$B$2:$X$1048576,'Node Details'!E$1,0),"") -> Airtel | F8: =_xlfn.IFNA(VLOOKUP($D8,'Route-Details'!$B$2:$X$1048576,'Node Details'!F$1,0),"") -> DARIA | G8: =_xlfn.IFNA(VLOOKUP($D8,'Route-Details'!$B$2:$X$1048576,'Node Details'!G$1,0),"") -> Chandigarh | H8: =_xlfn.IFNA(VLOOKUP($D9,'Route-Details'!$B$2:$X$1048576,'Node Details'!H$1,0),"") -> Punjab | I8: =_xlfn.IFNA(VLOOKUP($D8,'Route-Details'!$B$2:$X$1048576,'Node Details'!I$1,0),"") -> AXZ | J8: =_xlfn.IFNA(VLOOKUP($D8,'Route-Details'!$B$2:$X$1048576,'Node Details'!J$1,0),"") -> AXZ | K8: 46110 | L8: 46110 | M8: 46119 | N8: 46110 | Q8: No | AF8: =IF(AB8<>"",AE8*AB8,0) -> 0 | AK8: =IF(AI8<>"",AJ8*AI8,0) -> 0 | AN8: =IF(AL8<>"",AM8*AL8,0) -> 0 | AO8: =AN8+AK8 -> 0 | AS8: =AJ8 -> 0 | AT8: =AS8*AI8 -> 0 | AX8: =AJ8 -> 0 | AY8: =AI8 -> 0 | AZ8: =IF(AY8<>"",AY8*AX8,0) -> 0 | BB8: R-5 | BC8: FY 2025-26 H2 Data
A9: =A8+1 -> 7 | B9: AXZ010106 | D9: 0000AXZ01-AXZ010202 | E9: =_xlfn.IFNA(VLOOKUP($D9,'Route-Details'!$B$2:$X$1048576,'Node Details'!E$1,0),"") -> Airtel | F9: =_xlfn.IFNA(VLOOKUP($D9,'Route-Details'!$B$2:$X$1048576,'Node Details'!F$1,0),"") -> DARIA | G9: =_xlfn.IFNA(VLOOKUP($D9,'Route-Details'!$B$2:$X$1048576,'Node Details'!G$1,0),"") -> Chandigarh | H9: =_xlfn.IFNA(VLOOKUP($D10,'Route-Details'!$B$2:$X$1048576,'Node Details'!H$1,0),"") -> Punjab | I9: =_xlfn.IFNA(VLOOKUP($D9,'Route-Details'!$B$2:$X$1048576,'Node Details'!I$1,0),"") -> AXZ | J9: =_xlfn.IFNA(VLOOKUP($D9,'Route-Details'!$B$2:$X$1048576,'Node Details'!J$1,0),"") -> AXZ | K9: 46110 | L9: 46110 | M9: 46119 | N9: 46110 | Q9: No | AF9: =IF(AB9<>"",AE9*AB9,0) -> 0 | AK9: =IF(AI9<>"",AJ9*AI9,0) -> 0 | AN9: =IF(AL9<>"",AM9*AL9,0) -> 0 | AO9: =AN9+AK9 -> 0 | AS9: =AJ9 -> 0 | AT9: =AS9*AI9 -> 0 | AX9: =AJ9 -> 0 | AY9: =AI9 -> 0 | AZ9: =IF(AY9<>"",AY9*AX9,0) -> 0 | BB9: R-6 | BC9: FY 2025-26 H2 Data
A10: =A9+1 -> 8 | B10: AXZ010107 | D10: 0000AXZ01-AXZ010202 | E10: =_xlfn.IFNA(VLOOKUP($D10,'Route-Details'!$B$2:$X$1048576,'Node Details'!E$1,0),"") -> Airtel | F10: =_xlfn.IFNA(VLOOKUP($D10,'Route-Details'!$B$2:$X$1048576,'Node Details'!F$1,0),"") -> DARIA | G10: =_xlfn.IFNA(VLOOKUP($D10,'Route-Details'!$B$2:$X$1048576,'Node Details'!G$1,0),"") -> Chandigarh | H10: =_xlfn.IFNA(VLOOKUP($D11,'Route-Details'!$B$2:$X$1048576,'Node Details'!H$1,0),"") -> Punjab | I10: =_xlfn.IFNA(VLOOKUP($D10,'Route-Details'!$B$2:$X$1048576,'Node Details'!I$1,0),"") -> AXZ | J10: =_xlfn.IFNA(VLOOKUP($D10,'Route-Details'!$B$2:$X$1048576,'Node Details'!J$1,0),"") -> AXZ | K10: 46110 | L10: 46110 | M10: 46119 | N10: 46110 | Q10: No | AF10: =IF(AB10<>"",AE10*AB10,0) -> 0 | AK10: =IF(AI10<>"",AJ10*AI10,0) -> 0 | AN10: =IF(AL10<>"",AM10*AL10,0) -> 0 | AO10: =AN10+AK10 -> 0 | AS10: =AJ10 -> 0 | AT10: =AS10*AI10 -> 0 | AX10: =AJ10 -> 0 | AY10: =AI10 -> 0 | AZ10: =IF(AY10<>"",AY10*AX10,0) -> 0 | BB10: R-6 | BC10: FY 2025-26 H2 Data
A11: =A10+1 -> 9 | B11: AXZ010108 | D11: 0000AXZ01-AXZ010202 | E11: =_xlfn.IFNA(VLOOKUP($D11,'Route-Details'!$B$2:$X$1048576,'Node Details'!E$1,0),"") -> Airtel | F11: =_xlfn.IFNA(VLOOKUP($D11,'Route-Details'!$B$2:$X$1048576,'Node Details'!F$1,0),"") -> DARIA | G11: =_xlfn.IFNA(VLOOKUP($D11,'Route-Details'!$B$2:$X$1048576,'Node Details'!G$1,0),"") -> Chandigarh | H11: =_xlfn.IFNA(VLOOKUP($D12,'Route-Details'!$B$2:$X$1048576,'Node Details'!H$1,0),"") -> Punjab | I11: =_xlfn.IFNA(VLOOKUP($D11,'Route-Details'!$B$2:$X$1048576,'Node Details'!I$1,0),"") -> AXZ | J11: =_xlfn.IFNA(VLOOKUP($D11,'Route-Details'!$B$2:$X$1048576,'Node Details'!J$1,0),"") -> AXZ | K11: 46110 | L11: 46110 | M11: 46119 | N11: 46110 | Q11: No | AF11: =IF(AB11<>"",AE11*AB11,0) -> 0 | AK11: =IF(AI11<>"",AJ11*AI11,0) -> 0 | AN11: =IF(AL11<>"",AM11*AL11,0) -> 0 | AO11: =AN11+AK11 -> 0 | AS11: =AJ11 -> 0 | AT11: =AS11*AI11 -> 0 | AX11: =AJ11 -> 0 | AY11: =AI11 -> 0 | AZ11: =IF(AY11<>"",AY11*AX11,0) -> 0 | BB11: R-6 | BC11: FY 2025-26 H2 Data
A12: =A11+1 -> 10 | B12: AXZ010201 | D12: 0000AXZ01-AXZ010202 | E12: =_xlfn.IFNA(VLOOKUP($D12,'Route-Details'!$B$2:$X$1048576,'Node Details'!E$1,0),"") -> Airtel | F12: =_xlfn.IFNA(VLOOKUP($D12,'Route-Details'!$B$2:$X$1048576,'Node Details'!F$1,0),"") -> DARIA | G12: =_xlfn.IFNA(VLOOKUP($D12,'Route-Details'!$B$2:$X$1048576,'Node Details'!G$1,0),"") -> Chandigarh | H12: =_xlfn.IFNA(VLOOKUP($D13,'Route-Details'!$B$2:$X$1048576,'Node Details'!H$1,0),"") -> Punjab | I12: =_xlfn.IFNA(VLOOKUP($D12,'Route-Details'!$B$2:$X$1048576,'Node Details'!I$1,0),"") -> AXZ | J12: =_xlfn.IFNA(VLOOKUP($D12,'Route-Details'!$B$2:$X$1048576,'Node Details'!J$1,0),"") -> AXZ | K12: 46110 | L12: 46110 | M12: 46119 | N12: 46110 | Q12: No | AF12: =IF(AB12<>"",AE12*AB12,0) -> 0 | AK12: =IF(AI12<>"",AJ12*AI12,0) -> 0 | AN12: =IF(AL12<>"",AM12*AL12,0) -> 0 | AO12: =AN12+AK12 -> 0 | AS12: =AJ12 -> 0 | AT12: =AS12*AI12 -> 0 | AX12: =AJ12 -> 0 | AY12: =AI12 -> 0 | AZ12: =IF(AY12<>"",AY12*AX12,0) -> 0 | BB12: R-6 | BC12: FY 2025-26 H2 Data
A13: =A12+1 -> 11 | B13: AXZ010202 | D13: 0000AXZ01-AXZ010202 | E13: =_xlfn.IFNA(VLOOKUP($D13,'Route-Details'!$B$2:$X$1048576,'Node Details'!E$1,0),"") -> Airtel | F13: =_xlfn.IFNA(VLOOKUP($D13,'Route-Details'!$B$2:$X$1048576,'Node Details'!F$1,0),"") -> DARIA | G13: =_xlfn.IFNA(VLOOKUP($D13,'Route-Details'!$B$2:$X$1048576,'Node Details'!G$1,0),"") -> Chandigarh | H13: =_xlfn.IFNA(VLOOKUP($D14,'Route-Details'!$B$2:$X$1048576,'Node Details'!H$1,0),"") -> Punjab | I13: =_xlfn.IFNA(VLOOKUP($D13,'Route-Details'!$B$2:$X$1048576,'Node Details'!I$1,0),"") -> AXZ | J13: =_xlfn.IFNA(VLOOKUP($D13,'Route-Details'!$B$2:$X$1048576,'Node Details'!J$1,0),"") -> AXZ | K13: 46110 | L13: 46110 | M13: 46119 | N13: 46110 | Q13: No | AF13: =IF(AB13<>"",AE13*AB13,0) -> 0 | AK13: =IF(AI13<>"",AJ13*AI13,0) -> 0 | AN13: =IF(AL13<>"",AM13*AL13,0) -> 0 | AO13: =AN13+AK13 -> 0 | AS13: =AJ13 -> 0 | AT13: =AS13*AI13 -> 0 | AX13: =AJ13 -> 0 | AY13: =AI13 -> 0 | AZ13: =IF(AY13<>"",AY13*AX13,0) -> 0 | BB13: R-6 | BC13: FY 2025-26 H2 Data
A14: =A13+1 -> 12 | B14: AXZ02 | D14: 000000AXZ-0000AXZ03 | E14: =_xlfn.IFNA(VLOOKUP($D14,'Route-Details'!$B$2:$X$1048576,'Node Details'!E$1,0),"") -> Airtel | F14: =_xlfn.IFNA(VLOOKUP($D14,'Route-Details'!$B$2:$X$1048576,'Node Details'!F$1,0),"") -> DARIA | G14: =_xlfn.IFNA(VLOOKUP($D14,'Route-Details'!$B$2:$X$1048576,'Node Details'!G$1,0),"") -> Chandigarh | H14: =_xlfn.IFNA(VLOOKUP($D15,'Route-Details'!$B$2:$X$1048576,'Node Details'!H$1,0),"") -> Punjab | I14: =_xlfn.IFNA(VLOOKUP($D14,'Route-Details'!$B$2:$X$1048576,'Node Details'!I$1,0),"") -> AXZ | J14: =_xlfn.IFNA(VLOOKUP($D14,'Route-Details'!$B$2:$X$1048576,'Node Details'!J$1,0),"") -> AXZ | K14: 46110 | L14: 46110 | M14: 46119 | N14: 46110 | Q14: No | AF14: =IF(AB14<>"",AE14*AB14,0) -> 0 | AK14: =IF(AI14<>"",AJ14*AI14,0) -> 0 | AN14: =IF(AL14<>"",AM14*AL14,0) -> 0 | AO14: =AN14+AK14 -> 0 | AS14: =AJ14 -> 0 | AT14: =AS14*AI14 -> 0 | AX14: =AJ14 -> 0 | AY14: =AI14 -> 0 | AZ14: =IF(AY14<>"",AY14*AX14,0) -> 0 | BB14: R-2 | BC14: FY 2025-26 H2 Data
A15: =A14+1 -> 13 | B15: AXZ020101 | D15: 0000AXZ02-AXZ020101 | E15: =_xlfn.IFNA(VLOOKUP($D15,'Route-Details'!$B$2:$X$1048576,'Node Details'!E$1,0),"") -> Airtel | F15: =_xlfn.IFNA(VLOOKUP($D15,'Route-Details'!$B$2:$X$1048576,'Node Details'!F$1,0),"") -> DARIA | G15: =_xlfn.IFNA(VLOOKUP($D15,'Route-Details'!$B$2:$X$1048576,'Node Details'!G$1,0),"") -> Chandigarh | H15: =_xlfn.IFNA(VLOOKUP($D16,'Route-Details'!$B$2:$X$1048576,'Node Details'!H$1,0),"") -> Punjab | I15: =_xlfn.IFNA(VLOOKUP($D15,'Route-Details'!$B$2:$X$1048576,'Node Details'!I$1,0),"") -> AXZ | J15: =_xlfn.IFNA(VLOOKUP($D15,'Route-Details'!$B$2:$X$1048576,'Node Details'!J$1,0),"") -> AXZ | K15: 46110 | L15: 46110 | M15: 46119 | N15: 46110 | Q15: No | AF15: =IF(AB15<>"",AE15*AB15,0) -> 0 | AK15: =IF(AI15<>"",AJ15*AI15,0) -> 0 | AN15: =IF(AL15<>"",AM15*AL15,0) -> 0 | AO15: =AN15+AK15 -> 0 | AS15: =AJ15 -> 0 | AT15: =AS15*AI15 -> 0 | AX15: =AJ15 -> 0 | AY15: =AI15 -> 0 | AZ15: =IF(AY15<>"",AY15*AX15,0) -> 0 | BB15: R-7 | BC15: FY 2025-26 H2 Data
... A40: =A39+1 -> 38 | B40: AXZ | D40: 000000AXZ-0000AXZ01 | E40: =_xlfn.IFNA(VLOOKUP($D40,'Route-Details'!$B$2:$X$1048576,'Node Details'!E$1,0),"") -> Airtel | F40: =_xlfn.IFNA(VLOOKUP($D40,'Route-Details'!$B$2:$X$1048576,'Node Details'!F$1,0),"") -> DARIA | G40: =_xlfn.IFNA(VLOOKUP($D40,'Route-Details'!$B$2:$X$1048576,'Node Details'!G$1,0),"") -> Chandigarh | H40: =_xlfn.IFNA(VLOOKUP($D41,'Route-Details'!$B$2:$X$1048576,'Node Details'!H$1,0),"") -> Punjab | I40: =_xlfn.IFNA(VLOOKUP($D40,'Route-Details'!$B$2:$X$1048576,'Node Details'!I$1,0),"") -> AXZ | J40: =_xlfn.IFNA(VLOOKUP($D40,'Route-Details'!$B$2:$X$1048576,'Node Details'!J$1,0),"") -> AXZ | K40: 46110 | L40: 46110 | M40: 46119 | N40: 46110 | Q40: No | AF40: =IF(AB40<>"",AE40*AB40,0) -> 0 | AK40: =IF(AI40<>"",AJ40*AI40,0) -> 0 | AN40: =IF(AL40<>"",AM40*AL40,0) -> 0 | AO40: =AN40+AK40 -> 0 | AS40: =AJ40 -> 0 | AT40: =AS40*AI40 -> 0 | AX40: =AJ40 -> 0 | AY40: =AI40 -> 0 | AZ40: =IF(AY40<>"",AY40*AX40,0) -> 0 | BB40: R-1 | BC40: FY 2025-26 H2 Data
A41: =A40+1 -> 39 | B41: AXY01 | D41: 000000AXY-0000AXY01 | E41: =_xlfn.IFNA(VLOOKUP($D41,'Route-Details'!$B$2:$X$1048576,'Node Details'!E$1,0),"") -> Airtel | F41: =_xlfn.IFNA(VLOOKUP($D41,'Route-Details'!$B$2:$X$1048576,'Node Details'!F$1,0),"") -> DARIA | G41: =_xlfn.IFNA(VLOOKUP($D41,'Route-Details'!$B$2:$X$1048576,'Node Details'!G$1,0),"") -> Chandigarh | H41: =_xlfn.IFNA(VLOOKUP($D42,'Route-Details'!$B$2:$X$1048576,'Node Details'!H$1,0),"") -> Punjab | I41: =_xlfn.IFNA(VLOOKUP($D41,'Route-Details'!$B$2:$X$1048576,'Node Details'!I$1,0),"") -> AXY | J41: =_xlfn.IFNA(VLOOKUP($D41,'Route-Details'!$B$2:$X$1048576,'Node Details'!J$1,0),"") -> AXY | K41: 46112 | L41: 46113 | M41: 46125 | N41: 46112 | Q41: No | BB41: R-3 | BC41: FY 2025-26 H2 Data
A42: =A41+1 -> 40 | B42: AXY010101 | D42: 0000AXY01-AXY010101 | E42: =_xlfn.IFNA(VLOOKUP($D42,'Route-Details'!$B$2:$X$1048576,'Node Details'!E$1,0),"") -> Airtel | F42: =_xlfn.IFNA(VLOOKUP($D42,'Route-Details'!$B$2:$X$1048576,'Node Details'!F$1,0),"") -> DARIA | G42: =_xlfn.IFNA(VLOOKUP($D42,'Route-Details'!$B$2:$X$1048576,'Node Details'!G$1,0),"") -> Chandigarh | H42: =_xlfn.IFNA(VLOOKUP($D43,'Route-Details'!$B$2:$X$1048576,'Node Details'!H$1,0),"") -> Punjab | I42: =_xlfn.IFNA(VLOOKUP($D42,'Route-Details'!$B$2:$X$1048576,'Node Details'!I$1,0),"") -> AXY | J42: =_xlfn.IFNA(VLOOKUP($D42,'Route-Details'!$B$2:$X$1048576,'Node Details'!J$1,0),"") -> AXY | K42: 46112 | L42: 46113 | M42: 46125 | N42: 46112 | Q42: No | BB42: R-6 | BC42: FY 2025-26 H2 Data
A43: =A42+1 -> 41 | B43: AXY010103 | D43: 0000AXY01-AXY010104 | E43: =_xlfn.IFNA(VLOOKUP($D43,'Route-Details'!$B$2:$X$1048576,'Node Details'!E$1,0),"") -> Airtel | F43: =_xlfn.IFNA(VLOOKUP($D43,'Route-Details'!$B$2:$X$1048576,'Node Details'!F$1,0),"") -> DARIA | G43: =_xlfn.IFNA(VLOOKUP($D43,'Route-Details'!$B$2:$X$1048576,'Node Details'!G$1,0),"") -> Chandigarh | H43: =_xlfn.IFNA(VLOOKUP($D44,'Route-Details'!$B$2:$X$1048576,'Node Details'!H$1,0),"") -> Punjab | I43: =_xlfn.IFNA(VLOOKUP($D43,'Route-Details'!$B$2:$X$1048576,'Node Details'!I$1,0),"") -> AXY | J43: =_xlfn.IFNA(VLOOKUP($D43,'Route-Details'!$B$2:$X$1048576,'Node Details'!J$1,0),"") -> AXY | K43: 46112 | L43: 46113 | M43: 46125 | N43: 46112 | Q43: No | BB43: R-7 | BC43: FY 2025-26 H2 Data
A44: =A43+1 -> 42 | B44: AXY010104 | D44: 0000AXY01-AXY010104 | E44: =_xlfn.IFNA(VLOOKUP($D44,'Route-Details'!$B$2:$X$1048576,'Node Details'!E$1,0),"") -> Airtel | F44: =_xlfn.IFNA(VLOOKUP($D44,'Route-Details'!$B$2:$X$1048576,'Node Details'!F$1,0),"") -> DARIA | G44: =_xlfn.IFNA(VLOOKUP($D44,'Route-Details'!$B$2:$X$1048576,'Node Details'!G$1,0),"") -> Chandigarh | H44: =_xlfn.IFNA(VLOOKUP($D45,'Route-Details'!$B$2:$X$1048576,'Node Details'!H$1,0),"") -> Punjab | I44: =_xlfn.IFNA(VLOOKUP($D44,'Route-Details'!$B$2:$X$1048576,'Node Details'!I$1,0),"") -> AXY | J44: =_xlfn.IFNA(VLOOKUP($D44,'Route-Details'!$B$2:$X$1048576,'Node Details'!J$1,0),"") -> AXY | K44: 46112 | L44: 46113 | M44: 46125 | N44: 46112 | Q44: No | BB44: R-7 | BC44: FY 2025-26 H2 Data
A45: =A44+1 -> 43 | B45: AXY010102 | D45: 0000AXY01-AXY010102 | E45: =_xlfn.IFNA(VLOOKUP($D45,'Route-Details'!$B$2:$X$1048576,'Node Details'!E$1,0),"") -> Airtel | F45: =_xlfn.IFNA(VLOOKUP($D45,'Route-Details'!$B$2:$X$1048576,'Node Details'!F$1,0),"") -> DARIA | G45: =_xlfn.IFNA(VLOOKUP($D45,'Route-Details'!$B$2:$X$1048576,'Node Details'!G$1,0),"") -> Chandigarh | H45: =_xlfn.IFNA(VLOOKUP($D46,'Route-Details'!$B$2:$X$1048576,'Node Details'!H$1,0),"") -> Punjab | I45: =_xlfn.IFNA(VLOOKUP($D45,'Route-Details'!$B$2:$X$1048576,'Node Details'!I$1,0),"") -> AXY | J45: =_xlfn.IFNA(VLOOKUP($D45,'Route-Details'!$B$2:$X$1048576,'Node Details'!J$1,0),"") -> AXY | K45: 46112 | L45: 46113 | M45: 46125 | N45: 46112 | Q45: No | BB45: R-8 | BC45: FY 2025-26 H2 Data
A46: =A45+1 -> 44 | B46: AXY03 | D46: 0000AXY02-0000AXY03 | E46: =_xlfn.IFNA(VLOOKUP($D46,'Route-Details'!$B$2:$X$1048576,'Node Details'!E$1,0),"") -> Airtel | F46: =_xlfn.IFNA(VLOOKUP($D46,'Route-Details'!$B$2:$X$1048576,'Node Details'!F$1,0),"") -> DARIA | G46: =_xlfn.IFNA(VLOOKUP($D46,'Route-Details'!$B$2:$X$1048576,'Node Details'!G$1,0),"") -> Chandigarh | H46: =_xlfn.IFNA(VLOOKUP($D47,'Route-Details'!$B$2:$X$1048576,'Node Details'!H$1,0),"") -> Punjab | I46: =_xlfn.IFNA(VLOOKUP($D46,'Route-Details'!$B$2:$X$1048576,'Node Details'!I$1,0),"") -> AXY | J46: =_xlfn.IFNA(VLOOKUP($D46,'Route-Details'!$B$2:$X$1048576,'Node Details'!J$1,0),"") -> AXY | K46: 46112 | L46: 46113 | M46: 46125 | N46: 46112 | Q46: No | BB46: R-5 | BC46: FY 2025-26 H2 Data
A47: =A46+1 -> 45 | B47: AXY030101 | D47: 0000AXY03-AXY030101 | E47: =_xlfn.IFNA(VLOOKUP($D47,'Route-Details'!$B$2:$X$1048576,'Node Details'!E$1,0),"") -> Airtel | F47: =_xlfn.IFNA(VLOOKUP($D47,'Route-Details'!$B$2:$X$1048576,'Node Details'!F$1,0),"") -> DARIA | G47: =_xlfn.IFNA(VLOOKUP($D47,'Route-Details'!$B$2:$X$1048576,'Node Details'!G$1,0),"") -> Chandigarh | H47: =_xlfn.IFNA(VLOOKUP($D48,'Route-Details'!$B$2:$X$1048576,'Node Details'!H$1,0),"") -> Punjab | I47: =_xlfn.IFNA(VLOOKUP($D47,'Route-Details'!$B$2:$X$1048576,'Node Details'!I$1,0),"") -> AXY | J47: =_xlfn.IFNA(VLOOKUP($D47,'Route-Details'!$B$2:$X$1048576,'Node Details'!J$1,0),"") -> AXY | K47: 46112 | L47: 46113 | M47: 46125 | N47: 46112 | Q47: No | BB47: R-9 | BC47: FY 2025-26 H2 Data
A48: =A47+1 -> 46 | B48: AXY030103 | D48: 0000AXY03-AXY030104 | E48: =_xlfn.IFNA(VLOOKUP($D48,'Route-Details'!$B$2:$X$1048576,'Node Details'!E$1,0),"") -> Airtel | F48: =_xlfn.IFNA(VLOOKUP($D48,'Route-Details'!$B$2:$X$1048576,'Node Details'!F$1,0),"") -> DARIA | G48: =_xlfn.IFNA(VLOOKUP($D48,'Route-Details'!$B$2:$X$1048576,'Node Details'!G$1,0),"") -> Chandigarh | H48: =_xlfn.IFNA(VLOOKUP($D49,'Route-Details'!$B$2:$X$1048576,'Node Details'!H$1,0),"") -> Punjab | I48: =_xlfn.IFNA(VLOOKUP($D48,'Route-Details'!$B$2:$X$1048576,'Node Details'!I$1,0),"") -> AXY | J48: =_xlfn.IFNA(VLOOKUP($D48,'Route-Details'!$B$2:$X$1048576,'Node Details'!J$1,0),"") -> AXY | K48: 46112 | L48: 46113 | M48: 46125 | N48: 46112 | Q48: No | BB48: R-10 | BC48: FY 2025-26 H2 Data
A49: =A48+1 -> 47 | B49: AXY030104 | D49: 0000AXY03-AXY030104 | E49: =_xlfn.IFNA(VLOOKUP($D49,'Route-Details'!$B$2:$X$1048576,'Node Details'!E$1,0),"") -> Airtel | F49: =_xlfn.IFNA(VLOOKUP($D49,'Route-Details'!$B$2:$X$1048576,'Node Details'!F$1,0),"") -> DARIA | G49: =_xlfn.IFNA(VLOOKUP($D49,'Route-Details'!$B$2:$X$1048576,'Node Details'!G$1,0),"") -> Chandigarh | H49: =_xlfn.IFNA(VLOOKUP($D50,'Route-Details'!$B$2:$X$1048576,'Node Details'!H$1,0),"") -> Punjab | I49: =_xlfn.IFNA(VLOOKUP($D49,'Route-Details'!$B$2:$X$1048576,'Node Details'!I$1,0),"") -> AXY | J49: =_xlfn.IFNA(VLOOKUP($D49,'Route-Details'!$B$2:$X$1048576,'Node Details'!J$1,0),"") -> AXY | K49: 46112 | L49: 46113 | M49: 46125 | N49: 46112 | Q49: No | BB49: R-10 | BC49: FY 2025-26 H2 Data
A50: =A49+1 -> 48 | B50: AXY030105 | D50: AXY030103-AXY030105 | E50: =_xlfn.IFNA(VLOOKUP($D50,'Route-Details'!$B$2:$X$1048576,'Node Details'!E$1,0),"") -> Airtel | F50: =_xlfn.IFNA(VLOOKUP($D50,'Route-Details'!$B$2:$X$1048576,'Node Details'!F$1,0),"") -> DARIA | G50: =_xlfn.IFNA(VLOOKUP($D50,'Route-Details'!$B$2:$X$1048576,'Node Details'!G$1,0),"") -> Chandigarh | H50: =_xlfn.IFNA(VLOOKUP($D51,'Route-Details'!$B$2:$X$1048576,'Node Details'!H$1,0),"") -> Punjab | I50: =_xlfn.IFNA(VLOOKUP($D50,'Route-Details'!$B$2:$X$1048576,'Node Details'!I$1,0),"") -> AXY | J50: =_xlfn.IFNA(VLOOKUP($D50,'Route-Details'!$B$2:$X$1048576,'Node Details'!J$1,0),"") -> AXY | K50: 46112 | L50: 46113 | M50: 46125 | N50: 46112 | Q50: No | BB50: R-11 | BC50: FY 2025-26 H2 Data
A51: =A50+1 -> 49 | B51: AXY030107 | D51: 0000AXY03-AXY030108 | E51: =_xlfn.IFNA(VLOOKUP($D51,'Route-Details'!$B$2:$X$1048576,'Node Details'!E$1,0),"") -> Airtel | F51: =_xlfn.IFNA(VLOOKUP($D51,'Route-Details'!$B$2:$X$1048576,'Node Details'!F$1,0),"") -> DARIA | G51: =_xlfn.IFNA(VLOOKUP($D51,'Route-Details'!$B$2:$X$1048576,'Node Details'!G$1,0),"") -> Chandigarh | H51: =_xlfn.IFNA(VLOOKUP($D52,'Route-Details'!$B$2:$X$1048576,'Node Details'!H$1,0),"") -> Punjab | I51: =_xlfn.IFNA(VLOOKUP($D51,'Route-Details'!$B$2:$X$1048576,'Node Details'!I$1,0),"") -> AXY | J51: =_xlfn.IFNA(VLOOKUP($D51,'Route-Details'!$B$2:$X$1048576,'Node Details'!J$1,0),"") -> AXY | K51: 46112 | L51: 46113 | M51: 46125 | N51: 46112 | Q51: No | BB51: R-12 | BC51: FY 2025-26 H2 Data
A52: =A51+1 -> 50 | B52: AXY030108 | D52: 0000AXY03-AXY030108 | E52: =_xlfn.IFNA(VLOOKUP($D52,'Route-Details'!$B$2:$X$1048576,'Node Details'!E$1,0),"") -> Airtel | F52: =_xlfn.IFNA(VLOOKUP($D52,'Route-Details'!$B$2:$X$1048576,'Node Details'!F$1,0),"") -> DARIA | G52: =_xlfn.IFNA(VLOOKUP($D52,'Route-Details'!$B$2:$X$1048576,'Node Details'!G$1,0),"") -> Chandigarh | H52: =_xlfn.IFNA(VLOOKUP($D53,'Route-Details'!$B$2:$X$1048576,'Node Details'!H$1,0),"") -> Punjab | I52: =_xlfn.IFNA(VLOOKUP($D52,'Route-Details'!$B$2:$X$1048576,'Node Details'!I$1,0),"") -> AXY | J52: =_xlfn.IFNA(VLOOKUP($D52,'Route-Details'!$B$2:$X$1048576,'Node Details'!J$1,0),"") -> AXY | K52: 46112 | L52: 46113 | M52: 46125 | N52: 46112 | Q52: No | BB52: R-12 | BC52: FY 2025-26 H2 Data
... A676: =A675+1 -> 674 | B676: CM4210105 | D676: 0000CM421-CM4210105 | E676: =_xlfn.IFNA(VLOOKUP($D676,'Route-Details'!$B$2:$X$1048576,'Node Details'!E$1,0),"") -> Airtel | F676: =_xlfn.IFNA(VLOOKUP($D676,'Route-Details'!$B$2:$X$1048576,'Node Details'!F$1,0),"") -> Mani Majra | G676: =_xlfn.IFNA(VLOOKUP($D676,'Route-Details'!$B$2:$X$1048576,'Node Details'!G$1,0),"") -> Chandigarh | H676: =_xlfn.IFNA(VLOOKUP($D677,'Route-Details'!$B$2:$X$1048576,'Node Details'!H$1,0),"") | I676: =_xlfn.IFNA(VLOOKUP($D676,'Route-Details'!$B$2:$X$1048576,'Node Details'!I$1,0),"") -> CM4 | J676: =_xlfn.IFNA(VLOOKUP($D676,'Route-Details'!$B$2:$X$1048576,'Node Details'!J$1,0),"") -> CM4 | K676: 46142 | L676: 46148 | M676: 46149 | N676: 46148 | Q676: No | BB676: R-70 | BC676: FY 2026-27 H1 Data

Sheet Other Material
C1: 3 | D1: =MATCH(D2,'Node Details'!$B$2:$U$2,0) -> 9 | E1: =MATCH(E2,'Node Details'!$B$2:$U$2,0) -> 4 | I1: =SUBTOTAL(9,I3:I1048576) -> 3201 | K1: =SUBTOTAL(9,K3:K1048576) -> 758724 | Q1: =SUBTOTAL(9,Q3:Q1048576) -> 193158
A2: Sr No | B2: FDC/FAT Unique ID | C2: Route ID (Route on which FAT/FDC is connected) | D2: Cluster ID | E2: Customer | F2: HOTO Date | H2: Item Name | I2: Qty used | J2: Rate Per Unit | K2: Total Cost | L2: Installation Date | N2: Vendor PO No | O2: Vendor PO Date | P2: Vendor PO Rate | Q2: Vendor PO Cost | S2: Vendor Invoice No | T2: Vendor Invoice Date | U2: Vendor Invoice Rate | V2: Vendor Invoiced length | W2: Invoice Amt | X2: Circle | Y2: Remark
A3: 1 | B3: AXZ010101 | C3: =IF($B3<>"",_xlfn.IFNA(VLOOKUP($B3,'Node Details'!$B:$U,C$1,0),"Check"),"") -> 0000AXZ01-AXZ010101 | D3: =IF($B3<>"",_xlfn.IFNA(VLOOKUP($B3,'Node Details'!$B:$U,D$1,0),"Check"),"") -> AXZ | E3: =IF($B3<>"",_xlfn.IFNA(VLOOKUP($B3,'Node Details'!$B:$U,E$1,0),"Check"),"") -> Airtel | F3: 46110 | H3: Pigtail | I3: 2 | J3: 42 | K3: =IF(I3<>"",J3*I3,0) -> 84 | L3: 46110 | P3: =J3 -> 42 | Q3: =P3*I3 -> 84 | U3: =J3 -> 42 | V3: =I3 -> 2 | W3: =IF(V3<>"",V3*U3,0) -> 84 | X3: Punjab | Y3: FY 2025-26 H2 Data
A4: =A3+1 -> 2 | B4: AXZ010102 | C4: =IF($B4<>"",_xlfn.IFNA(VLOOKUP($B4,'Node Details'!$B:$U,C$1,0),"Check"),"") -> 0000AXZ01-AXZ010102 | D4: =IF($B4<>"",_xlfn.IFNA(VLOOKUP($B4,'Node Details'!$B:$U,D$1,0),"Check"),"") -> AXZ | E4: =IF($B4<>"",_xlfn.IFNA(VLOOKUP($B4,'Node Details'!$B:$U,E$1,0),"Check"),"") -> Airtel | F4: 46110 | H4: Pigtail | I4: 2 | J4: 42 | K4: =IF(I4<>"",J4*I4,0) -> 84 | L4: 46110 | P4: =J4 -> 42 | Q4: =P4*I4 -> 84 | U4: =J4 -> 42 | V4: =I4 -> 2 | W4: =IF(V4<>"",V4*U4,0) -> 84 | X4: Punjab | Y4: FY 2025-26 H2 Data
A5: =A4+1 -> 3 | B5: AXZ010103 | C5: =IF($B5<>"",_xlfn.IFNA(VLOOKUP($B5,'Node Details'!$B:$U,C$1,0),"Check"),"") -> 0000AXZ01-AXZ010105 | D5: =IF($B5<>"",_xlfn.IFNA(VLOOKUP($B5,'Node Details'!$B:$U,D$1,0),"Check"),"") -> AXZ | E5: =IF($B5<>"",_xlfn.IFNA(VLOOKUP($B5,'Node Details'!$B:$U,E$1,0),"Check"),"") -> Airtel | F5: 46110 | H5: Pigtail | I5: 2 | J5: 42 | K5: =IF(I5<>"",J5*I5,0) -> 84 | L5: 46110 | P5: =J5 -> 42 | Q5: =P5*I5 -> 84 | U5: =J5 -> 42 | V5: =I5 -> 2 | W5: =IF(V5<>"",V5*U5,0) -> 84 | X5: Punjab | Y5: FY 2025-26 H2 Data
A6: =A5+1 -> 4 | B6: AXZ010104 | C6: =IF($B6<>"",_xlfn.IFNA(VLOOKUP($B6,'Node Details'!$B:$U,C$1,0),"Check"),"") -> 0000AXZ01-AXZ010105 | D6: =IF($B6<>"",_xlfn.IFNA(VLOOKUP($B6,'Node Details'!$B:$U,D$1,0),"Check"),"") -> AXZ | E6: =IF($B6<>"",_xlfn.IFNA(VLOOKUP($B6,'Node Details'!$B:$U,E$1,0),"Check"),"") -> Airtel | F6: 46110 | H6: Pigtail | I6: 2 | J6: 42 | K6: =IF(I6<>"",J6*I6,0) -> 84 | L6: 46110 | P6: =J6 -> 42 | Q6: =P6*I6 -> 84 | U6: =J6 -> 42 | V6: =I6 -> 2 | W6: =IF(V6<>"",V6*U6,0) -> 84 | X6: Punjab | Y6: FY 2025-26 H2 Data
A7: =A6+1 -> 5 | B7: AXZ010105 | C7: =IF($B7<>"",_xlfn.IFNA(VLOOKUP($B7,'Node Details'!$B:$U,C$1,0),"Check"),"") -> 0000AXZ01-AXZ010105 | D7: =IF($B7<>"",_xlfn.IFNA(VLOOKUP($B7,'Node Details'!$B:$U,D$1,0),"Check"),"") -> AXZ | E7: =IF($B7<>"",_xlfn.IFNA(VLOOKUP($B7,'Node Details'!$B:$U,E$1,0),"Check"),"") -> Airtel | F7: 46110 | H7: Pigtail | I7: 2 | J7: 42 | K7: =IF(I7<>"",J7*I7,0) -> 84 | L7: 46110 | P7: =J7 -> 42 | Q7: =P7*I7 -> 84 | U7: =J7 -> 42 | V7: =I7 -> 2 | W7: =IF(V7<>"",V7*U7,0) -> 84 | X7: Punjab | Y7: FY 2025-26 H2 Data
A8: =A7+1 -> 6 | B8: AXZ010106 | C8: =IF($B8<>"",_xlfn.IFNA(VLOOKUP($B8,'Node Details'!$B:$U,C$1,0),"Check"),"") -> 0000AXZ01-AXZ010202 | D8: =IF($B8<>"",_xlfn.IFNA(VLOOKUP($B8,'Node Details'!$B:$U,D$1,0),"Check"),"") -> AXZ | E8: =IF($B8<>"",_xlfn.IFNA(VLOOKUP($B8,'Node Details'!$B:$U,E$1,0),"Check"),"") -> Airtel | F8: 46110 | H8: Pigtail | I8: 2 | J8: 42 | K8: =IF(I8<>"",J8*I8,0) -> 84 | L8: 46110 | P8: =J8 -> 42 | Q8: =P8*I8 -> 84 | U8: =J8 -> 42 | V8: =I8 -> 2 | W8: =IF(V8<>"",V8*U8,0) -> 84 | X8: Punjab | Y8: FY 2025-26 H2 Data
A9: =A8+1 -> 7 | B9: AXZ010107 | C9: =IF($B9<>"",_xlfn.IFNA(VLOOKUP($B9,'Node Details'!$B:$U,C$1,0),"Check"),"") -> 0000AXZ01-AXZ010202 | D9: =IF($B9<>"",_xlfn.IFNA(VLOOKUP($B9,'Node Details'!$B:$U,D$1,0),"Check"),"") -> AXZ | E9: =IF($B9<>"",_xlfn.IFNA(VLOOKUP($B9,'Node Details'!$B:$U,E$1,0),"Check"),"") -> Airtel | F9: 46110 | H9: Pigtail | I9: 2 | J9: 42 | K9: =IF(I9<>"",J9*I9,0) -> 84 | L9: 46110 | P9: =J9 -> 42 | Q9: =P9*I9 -> 84 | U9: =J9 -> 42 | V9: =I9 -> 2 | W9: =IF(V9<>"",V9*U9,0) -> 84 | X9: Punjab | Y9: FY 2025-26 H2 Data
A10: =A9+1 -> 8 | B10: AXZ010108 | C10: =IF($B10<>"",_xlfn.IFNA(VLOOKUP($B10,'Node Details'!$B:$U,C$1,0),"Check"),"") -> 0000AXZ01-AXZ010202 | D10: =IF($B10<>"",_xlfn.IFNA(VLOOKUP($B10,'Node Details'!$B:$U,D$1,0),"Check"),"") -> AXZ | E10: =IF($B10<>"",_xlfn.IFNA(VLOOKUP($B10,'Node Details'!$B:$U,E$1,0),"Check"),"") -> Airtel | F10: 46110 | H10: Pigtail | I10: 2 | J10: 42 | K10: =IF(I10<>"",J10*I10,0) -> 84 | L10: 46110 | P10: =J10 -> 42 | Q10: =P10*I10 -> 84 | U10: =J10 -> 42 | V10: =I10 -> 2 | W10: =IF(V10<>"",V10*U10,0) -> 84 | X10: Punjab | Y10: FY 2025-26 H2 Data
A11: =A10+1 -> 9 | B11: AXZ010201 | C11: =IF($B11<>"",_xlfn.IFNA(VLOOKUP($B11,'Node Details'!$B:$U,C$1,0),"Check"),"") -> 0000AXZ01-AXZ010202 | D11: =IF($B11<>"",_xlfn.IFNA(VLOOKUP($B11,'Node Details'!$B:$U,D$1,0),"Check"),"") -> AXZ | E11: =IF($B11<>"",_xlfn.IFNA(VLOOKUP($B11,'Node Details'!$B:$U,E$1,0),"Check"),"") -> Airtel | F11: 46110 | H11: Pigtail | I11: 2 | J11: 42 | K11: =IF(I11<>"",J11*I11,0) -> 84 | L11: 46110 | P11: =J11 -> 42 | Q11: =P11*I11 -> 84 | U11: =J11 -> 42 | V11: =I11 -> 2 | W11: =IF(V11<>"",V11*U11,0) -> 84 | X11: Punjab | Y11: FY 2025-26 H2 Data
A12: =A11+1 -> 10 | B12: AXZ010202 | C12: =IF($B12<>"",_xlfn.IFNA(VLOOKUP($B12,'Node Details'!$B:$U,C$1,0),"Check"),"") -> 0000AXZ01-AXZ010202 | D12: =IF($B12<>"",_xlfn.IFNA(VLOOKUP($B12,'Node Details'!$B:$U,D$1,0),"Check"),"") -> AXZ | E12: =IF($B12<>"",_xlfn.IFNA(VLOOKUP($B12,'Node Details'!$B:$U,E$1,0),"Check"),"") -> Airtel | F12: 46110 | H12: Pigtail | I12: 2 | J12: 42 | K12: =IF(I12<>"",J12*I12,0) -> 84 | L12: 46110 | P12: =J12 -> 42 | Q12: =P12*I12 -> 84 | U12: =J12 -> 42 | V12: =I12 -> 2 | W12: =IF(V12<>"",V12*U12,0) -> 84 | X12: Punjab | Y12: FY 2025-26 H2 Data
A13: =A12+1 -> 11 | B13: AXZ020101 | C13: =IF($B13<>"",_xlfn.IFNA(VLOOKUP($B13,'Node Details'!$B:$U,C$1,0),"Check"),"") -> 0000AXZ02-AXZ020101 | D13: =IF($B13<>"",_xlfn.IFNA(VLOOKUP($B13,'Node Details'!$B:$U,D$1,0),"Check"),"") -> AXZ | E13: =IF($B13<>"",_xlfn.IFNA(VLOOKUP($B13,'Node Details'!$B:$U,E$1,0),"Check"),"") -> Airtel | F13: 46110 | H13: Pigtail | I13: 2 | J13: 42 | K13: =IF(I13<>"",J13*I13,0) -> 84 | L13: 46110 | P13: =J13 -> 42 | Q13: =P13*I13 -> 84 | U13: =J13 -> 42 | V13: =I13 -> 2 | W13: =IF(V13<>"",V13*U13,0) -> 84 | X13: Punjab | Y13: FY 2025-26 H2 Data
A14: =A13+1 -> 12 | B14: AXZ020102 | C14: =IF($B14<>"",_xlfn.IFNA(VLOOKUP($B14,'Node Details'!$B:$U,C$1,0),"Check"),"") -> 0000AXZ02-AXZ020103 | D14: =IF($B14<>"",_xlfn.IFNA(VLOOKUP($B14,'Node Details'!$B:$U,D$1,0),"Check"),"") -> AXZ | E14: =IF($B14<>"",_xlfn.IFNA(VLOOKUP($B14,'Node Details'!$B:$U,E$1,0),"Check"),"") -> Airtel | F14: 46110 | H14: Pigtail | I14: 2 | J14: 42 | K14: =IF(I14<>"",J14*I14,0) -> 84 | L14: 46110 | P14: =J14 -> 42 | Q14: =P14*I14 -> 84 | U14: =J14 -> 42 | V14: =I14 -> 2 | W14: =IF(V14<>"",V14*U14,0) -> 84 | X14: Punjab | Y14: FY 2025-26 H2 Data
A15: =A14+1 -> 13 | B15: AXZ020103 | C15: =IF($B15<>"",_xlfn.IFNA(VLOOKUP($B15,'Node Details'!$B:$U,C$1,0),"Check"),"") -> 0000AXZ02-AXZ020103 | D15: =IF($B15<>"",_xlfn.IFNA(VLOOKUP($B15,'Node Details'!$B:$U,D$1,0),"Check"),"") -> AXZ | E15: =IF($B15<>"",_xlfn.IFNA(VLOOKUP($B15,'Node Details'!$B:$U,E$1,0),"Check"),"") -> Airtel | F15: 46110 | H15: Pigtail | I15: 2 | J15: 42 | K15: =IF(I15<>"",J15*I15,0) -> 84 | L15: 46110 | P15: =J15 -> 42 | Q15: =P15*I15 -> 84 | U15: =J15 -> 42 | V15: =I15 -> 2 | W15: =IF(V15<>"",V15*U15,0) -> 84 | X15: Punjab | Y15: FY 2025-26 H2 Data
... A526: =A525+1 -> 524 | B526: AXY170108 | C526: =IF($B526<>"",_xlfn.IFNA(VLOOKUP($B526,'Node Details'!$B:$U,C$1,0),"Check"),"") -> AXY170103-AXY170107 | D526: =IF($B526<>"",_xlfn.IFNA(VLOOKUP($B526,'Node Details'!$B:$U,D$1,0),"Check"),"") -> AXY | E526: =IF($B526<>"",_xlfn.IFNA(VLOOKUP($B526,'Node Details'!$B:$U,E$1,0),"Check"),"") -> Airtel | F526: 46113 | H526: Pole Mount Jubilee Clamps | I526: 2 | J526: 150 | K526: =IF(I526<>"",J526*I526,0) -> 300 | L526: 46112 | P526: =J526 -> 150 | Q526: =P526*I526 -> 300 | U526: =J526 -> 150 | V526: =I526 -> 2 | W526: =IF(V526<>"",V526*U526,0) -> 300 | X526: Punjab | Y526: FY 2025-26 H2 Data
A527: =A526+1 -> 525 | B527: AXW01 | C527: =IF($B527<>"",_xlfn.IFNA(VLOOKUP($B527,'Node Details'!$B:$U,C$1,0),"Check"),"") -> 000000AXW-0000AXW05 | D527: =IF($B527<>"",_xlfn.IFNA(VLOOKUP($B527,'Node Details'!$B:$U,D$1,0),"Check"),"") -> AXW | E527: =IF($B527<>"",_xlfn.IFNA(VLOOKUP($B527,'Node Details'!$B:$U,E$1,0),"Check"),"") -> Airtel | F527: 46114 | H527: Primary Splitter 2:8 | I527: 2 | J527: 650 | K527: =IF(I527<>"",J527*I527,0) -> 1300 | L527: 46112 | W527: =IF(V527<>"",V527*U527,0) -> 0 | X527: Punjab | Y527: FY 2025-26 H2 Data
A528: =A527+1 -> 526 | B528: AXW02 | C528: =IF($B528<>"",_xlfn.IFNA(VLOOKUP($B528,'Node Details'!$B:$U,C$1,0),"Check"),"") -> 000000AXW-0000AXW05 | D528: =IF($B528<>"",_xlfn.IFNA(VLOOKUP($B528,'Node Details'!$B:$U,D$1,0),"Check"),"") -> AXW | E528: =IF($B528<>"",_xlfn.IFNA(VLOOKUP($B528,'Node Details'!$B:$U,E$1,0),"Check"),"") -> Airtel | F528: 46114 | H528: Primary Splitter 2:8 | I528: 2 | J528: 650 | K528: =IF(I528<>"",J528*I528,0) -> 1300 | L528: 46112 | W528: =IF(V528<>"",V528*U528,0) -> 0 | X528: Punjab | Y528: FY 2025-26 H2 Data
A529: =A528+1 -> 527 | B529: AXW03 | C529: =IF($B529<>"",_xlfn.IFNA(VLOOKUP($B529,'Node Details'!$B:$U,C$1,0),"Check"),"") -> 000000AXW-0000AXW05 | D529: =IF($B529<>"",_xlfn.IFNA(VLOOKUP($B529,'Node Details'!$B:$U,D$1,0),"Check"),"") -> AXW | E529: =IF($B529<>"",_xlfn.IFNA(VLOOKUP($B529,'Node Details'!$B:$U,E$1,0),"Check"),"") -> Airtel | F529: 46114 | H529: Primary Splitter 2:8 | I529: 2 | J529: 650 | K529: =IF(I529<>"",J529*I529,0) -> 1300 | L529: 46112 | W529: =IF(V529<>"",V529*U529,0) -> 0 | X529: Punjab | Y529: FY 2025-26 H2 Data
A530: =A529+1 -> 528 | B530: AXW04 | C530: =IF($B530<>"",_xlfn.IFNA(VLOOKUP($B530,'Node Details'!$B:$U,C$1,0),"Check"),"") -> 000000AXW-0000AXW05 | D530: =IF($B530<>"",_xlfn.IFNA(VLOOKUP($B530,'Node Details'!$B:$U,D$1,0),"Check"),"") -> AXW | E530: =IF($B530<>"",_xlfn.IFNA(VLOOKUP($B530,'Node Details'!$B:$U,E$1,0),"Check"),"") -> Airtel | F530: 46114 | H530: Primary Splitter 2:8 | I530: 2 | J530: 650 | K530: =IF(I530<>"",J530*I530,0) -> 1300 | L530: 46112 | W530: =IF(V530<>"",V530*U530,0) -> 0 | X530: Punjab | Y530: FY 2025-26 H2 Data
A531: =A530+1 -> 529 | B531: AXW05 | C531: =IF($B531<>"",_xlfn.IFNA(VLOOKUP($B531,'Node Details'!$B:$U,C$1,0),"Check"),"") -> 000000AXW-0000AXW05 | D531: =IF($B531<>"",_xlfn.IFNA(VLOOKUP($B531,'Node Details'!$B:$U,D$1,0),"Check"),"") -> AXW | E531: =IF($B531<>"",_xlfn.IFNA(VLOOKUP($B531,'Node Details'!$B:$U,E$1,0),"Check"),"") -> Airtel | F531: 46114 | H531: Primary Splitter 2:8 | I531: 2 | J531: 650 | K531: =IF(I531<>"",J531*I531,0) -> 1300 | L531: 46112 | W531: =IF(V531<>"",V531*U531,0) -> 0 | X531: Punjab | Y531: FY 2025-26 H2 Data
A532: =A531+1 -> 530 | B532: AXW06 | C532: =IF($B532<>"",_xlfn.IFNA(VLOOKUP($B532,'Node Details'!$B:$U,C$1,0),"Check"),"") -> 0000AXW01-0000AXW07 | D532: =IF($B532<>"",_xlfn.IFNA(VLOOKUP($B532,'Node Details'!$B:$U,D$1,0),"Check"),"") -> AXW | E532: =IF($B532<>"",_xlfn.IFNA(VLOOKUP($B532,'Node Details'!$B:$U,E$1,0),"Check"),"") -> Airtel | F532: 46114 | H532: Primary Splitter 2:8 | I532: 2 | J532: 650 | K532: =IF(I532<>"",J532*I532,0) -> 1300 | L532: 46112 | W532: =IF(V532<>"",V532*U532,0) -> 0 | X532: Punjab | Y532: FY 2025-26 H2 Data
A533: =A532+1 -> 531 | B533: AXW07 | C533: =IF($B533<>"",_xlfn.IFNA(VLOOKUP($B533,'Node Details'!$B:$U,C$1,0),"Check"),"") -> 0000AXW01-0000AXW07 | D533: =IF($B533<>"",_xlfn.IFNA(VLOOKUP($B533,'Node Details'!$B:$U,D$1,0),"Check"),"") -> AXW | E533: =IF($B533<>"",_xlfn.IFNA(VLOOKUP($B533,'Node Details'!$B:$U,E$1,0),"Check"),"") -> Airtel | F533: 46114 | H533: Primary Splitter 2:8 | I533: 2 | J533: 650 | K533: =IF(I533<>"",J533*I533,0) -> 1300 | L533: 46112 | W533: =IF(V533<>"",V533*U533,0) -> 0 | X533: Punjab | Y533: FY 2025-26 H2 Data
A534: =A533+1 -> 532 | B534: AXW08 | C534: =IF($B534<>"",_xlfn.IFNA(VLOOKUP($B534,'Node Details'!$B:$U,C$1,0),"Check"),"") -> 000000AXW-0000AXW17 | D534: =IF($B534<>"",_xlfn.IFNA(VLOOKUP($B534,'Node Details'!$B:$U,D$1,0),"Check"),"") -> AXW | E534: =IF($B534<>"",_xlfn.IFNA(VLOOKUP($B534,'Node Details'!$B:$U,E$1,0),"Check"),"") -> Airtel | F534: 46114 | H534: Primary Splitter 2:8 | I534: 1 | J534: 650 | K534: =IF(I534<>"",J534*I534,0) -> 650 | L534: 46112 | W534: =IF(V534<>"",V534*U534,0) -> 0 | X534: Punjab | Y534: FY 2025-26 H2 Data
A535: =A534+1 -> 533 | B535: AXW09 | C535: =IF($B535<>"",_xlfn.IFNA(VLOOKUP($B535,'Node Details'!$B:$U,C$1,0),"Check"),"") -> 000000AXW-0000AXW12 | D535: =IF($B535<>"",_xlfn.IFNA(VLOOKUP($B535,'Node Details'!$B:$U,D$1,0),"Check"),"") -> AXW | E535: =IF($B535<>"",_xlfn.IFNA(VLOOKUP($B535,'Node Details'!$B:$U,E$1,0),"Check"),"") -> Airtel | F535: 46114 | H535: Primary Splitter 2:8 | I535: 1 | J535: 650 | K535: =IF(I535<>"",J535*I535,0) -> 650 | L535: 46112 | W535: =IF(V535<>"",V535*U535,0) -> 0 | X535: Punjab | Y535: FY 2025-26 H2 Data
A536: =A535+1 -> 534 | B536: AXW10 | C536: =IF($B536<>"",_xlfn.IFNA(VLOOKUP($B536,'Node Details'!$B:$U,C$1,0),"Check"),"") -> 000000AXW-0000AXW12 | D536: =IF($B536<>"",_xlfn.IFNA(VLOOKUP($B536,'Node Details'!$B:$U,D$1,0),"Check"),"") -> AXW | E536: =IF($B536<>"",_xlfn.IFNA(VLOOKUP($B536,'Node Details'!$B:$U,E$1,0),"Check"),"") -> Airtel | F536: 46114 | H536: Primary Splitter 2:8 | I536: 1 | J536: 650 | K536: =IF(I536<>"",J536*I536,0) -> 650 | L536: 46112 | W536: =IF(V536<>"",V536*U536,0) -> 0 | X536: Punjab | Y536: FY 2025-26 H2 Data
A537: =A536+1 -> 535 | B537: AXW11 | C537: =IF($B537<>"",_xlfn.IFNA(VLOOKUP($B537,'Node Details'!$B:$U,C$1,0),"Check"),"") -> 000000AXW-0000AXW12 | D537: =IF($B537<>"",_xlfn.IFNA(VLOOKUP($B537,'Node Details'!$B:$U,D$1,0),"Check"),"") -> AXW | E537: =IF($B537<>"",_xlfn.IFNA(VLOOKUP($B537,'Node Details'!$B:$U,E$1,0),"Check"),"") -> Airtel | F537: 46114 | H537: Primary Splitter 2:8 | I537: 1 | J537: 650 | K537: =IF(I537<>"",J537*I537,0) -> 650 | L537: 46112 | W537: =IF(V537<>"",V537*U537,0) -> 0 | X537: Punjab | Y537: FY 2025-26 H2 Data
A538: =A537+1 -> 536 | B538: AXW12 | C538: =IF($B538<>"",_xlfn.IFNA(VLOOKUP($B538,'Node Details'!$B:$U,C$1,0),"Check"),"") -> 000000AXW-0000AXW12 | D538: =IF($B538<>"",_xlfn.IFNA(VLOOKUP($B538,'Node Details'!$B:$U,D$1,0),"Check"),"") -> AXW | E538: =IF($B538<>"",_xlfn.IFNA(VLOOKUP($B538,'Node Details'!$B:$U,E$1,0),"Check"),"") -> Airtel | F538: 46114 | H538: Primary Splitter 2:8 | I538: 1 | J538: 650 | K538: =IF(I538<>"",J538*I538,0) -> 650 | L538: 46112 | W538: =IF(V538<>"",V538*U538,0) -> 0 | X538: Punjab | Y538: FY 2025-26 H2 Data
... A1926: =A1925+1 -> 1924 | B1926: CM4210105 | C1926: =IF($B1926<>"",_xlfn.IFNA(VLOOKUP($B1926,'Node Details'!$B:$U,C$1,0),"Check"),"") -> 0000CM421-CM4210105 | D1926: =IF($B1926<>"",_xlfn.IFNA(VLOOKUP($B1926,'Node Details'!$B:$U,D$1,0),"Check"),"") -> CM4 | E1926: =IF($B1926<>"",_xlfn.IFNA(VLOOKUP($B1926,'Node Details'!$B:$U,E$1,0),"Check"),"") -> Airtel | F1926: 46148 | H1926: Pole Mount Jubilee Clamps | I1926: 2 | J1926: 150 | K1926: =IF(I1926<>"",J1926*I1926,0) -> 300 | L1926: 46142 | W1926: =IF(V1926<>"",V1926*U1926,0) -> 0 | X1926: Punjab | Y1926: FY 2026-27 H1 Data

Sheet Other Services
C1: =MATCH(C2,'Node Details'!$B$2:$U$2,0) -> 3 | D1: =MATCH(D2,'Node Details'!$B$2:$U$2,0) -> 9 | E1: =MATCH(E2,'Node Details'!$B$2:$U$2,0) -> 4 | I1: =SUBTOTAL(9,I3:I1048576) -> 5891 | K1: =SUBTOTAL(9,K3:K1048576) -> 745732 | Q1: =SUBTOTAL(9,Q3:Q1048576) -> 745732 | V1: =SUBTOTAL(9,V3:V1048576) -> 5891 | W1: =SUBTOTAL(9,W3:W1048576) -> 745732
A2: Sr. no. | B2: FDC/FAT Unique ID | C2: Route ID (Route on which FAT/FDC is connected) | D2: Cluster ID | E2: Customer | F2: HOTO Date | H2: Service Name | I2: Qty used | J2: Rate Per Unit | K2: Total Cost | L2: Installation Date | N2: Vendor PO No | O2: Vendor PO Date | P2: Vendor PO Rate | Q2: Vendor PO Cost | S2: Vendor Invoice No | T2: Vendor Invoice Date | U2: Vendor Invoice Rate | V2: Vendor Invoiced length | W2: Invoice Amt | X2: Vendor name | Y2: Circle | Z2: Remark
A3: 1 | B3: AXZ010101 | C3: =IF($B3<>"",_xlfn.IFNA(VLOOKUP($B3,'Node Details'!$B:$U,C$1,0),"Check"),"") -> 0000AXZ01-AXZ010101 | D3: =IF($B3<>"",_xlfn.IFNA(VLOOKUP($B3,'Node Details'!$B:$U,D$1,0),"Check"),"") -> AXZ | E3: =IF($B3<>"",_xlfn.IFNA(VLOOKUP($B3,'Node Details'!$B:$U,E$1,0),"Check"),"") -> Airtel | F3: 46110 | H3: FAT Box Installation | I3: 1 | J3: 600 | K3: =IF(I3<>"",J3*I3,0) -> 600 | L3: 46110 | N3: ET-PO-PUN-2604-0017 | O3: 46141 | P3: =J3 -> 600 | Q3: =P3*I3 -> 600 | S3: DSHR/2026-27/131 | T3: 46153 | U3: =J3 -> 600 | V3: =I3 -> 1 | W3: =IF(V3<>"",V3*U3,0) -> 600 | X3: DROR Services Private Limited | Y3: Punjab | Z3: FY 2025-26 H2 Data
A4: =A3+1 -> 2 | B4: AXZ010102 | C4: =IF($B4<>"",_xlfn.IFNA(VLOOKUP($B4,'Node Details'!$B:$U,C$1,0),"Check"),"") -> 0000AXZ01-AXZ010102 | D4: =IF($B4<>"",_xlfn.IFNA(VLOOKUP($B4,'Node Details'!$B:$U,D$1,0),"Check"),"") -> AXZ | E4: =IF($B4<>"",_xlfn.IFNA(VLOOKUP($B4,'Node Details'!$B:$U,E$1,0),"Check"),"") -> Airtel | F4: 46110 | H4: FAT Box Installation | I4: 1 | J4: 600 | K4: =IF(I4<>"",J4*I4,0) -> 600 | L4: 46110 | N4: ET-PO-PUN-2604-0017 | O4: 46141 | P4: =J4 -> 600 | Q4: =P4*I4 -> 600 | S4: DSHR/2026-27/131 | T4: 46153 | U4: =J4 -> 600 | V4: =I4 -> 1 | W4: =IF(V4<>"",V4*U4,0) -> 600 | X4: DROR Services Private Limited | Y4: Punjab | Z4: FY 2025-26 H2 Data
A5: =A4+1 -> 3 | B5: AXZ010103 | C5: =IF($B5<>"",_xlfn.IFNA(VLOOKUP($B5,'Node Details'!$B:$U,C$1,0),"Check"),"") -> 0000AXZ01-AXZ010105 | D5: =IF($B5<>"",_xlfn.IFNA(VLOOKUP($B5,'Node Details'!$B:$U,D$1,0),"Check"),"") -> AXZ | E5: =IF($B5<>"",_xlfn.IFNA(VLOOKUP($B5,'Node Details'!$B:$U,E$1,0),"Check"),"") -> Airtel | F5: 46110 | H5: FAT Box Installation | I5: 1 | J5: 600 | K5: =IF(I5<>"",J5*I5,0) -> 600 | L5: 46110 | N5: ET-PO-PUN-2604-0017 | O5: 46141 | P5: =J5 -> 600 | Q5: =P5*I5 -> 600 | S5: DSHR/2026-27/131 | T5: 46153 | U5: =J5 -> 600 | V5: =I5 -> 1 | W5: =IF(V5<>"",V5*U5,0) -> 600 | X5: DROR Services Private Limited | Y5: Punjab | Z5: FY 2025-26 H2 Data
A6: =A5+1 -> 4 | B6: AXZ010104 | C6: =IF($B6<>"",_xlfn.IFNA(VLOOKUP($B6,'Node Details'!$B:$U,C$1,0),"Check"),"") -> 0000AXZ01-AXZ010105 | D6: =IF($B6<>"",_xlfn.IFNA(VLOOKUP($B6,'Node Details'!$B:$U,D$1,0),"Check"),"") -> AXZ | E6: =IF($B6<>"",_xlfn.IFNA(VLOOKUP($B6,'Node Details'!$B:$U,E$1,0),"Check"),"") -> Airtel | F6: 46110 | H6: FAT Box Installation | I6: 1 | J6: 600 | K6: =IF(I6<>"",J6*I6,0) -> 600 | L6: 46110 | N6: ET-PO-PUN-2604-0017 | O6: 46141 | P6: =J6 -> 600 | Q6: =P6*I6 -> 600 | S6: DSHR/2026-27/131 | T6: 46153 | U6: =J6 -> 600 | V6: =I6 -> 1 | W6: =IF(V6<>"",V6*U6,0) -> 600 | X6: DROR Services Private Limited | Y6: Punjab | Z6: FY 2025-26 H2 Data
A7: =A6+1 -> 5 | B7: AXZ010105 | C7: =IF($B7<>"",_xlfn.IFNA(VLOOKUP($B7,'Node Details'!$B:$U,C$1,0),"Check"),"") -> 0000AXZ01-AXZ010105 | D7: =IF($B7<>"",_xlfn.IFNA(VLOOKUP($B7,'Node Details'!$B:$U,D$1,0),"Check"),"") -> AXZ | E7: =IF($B7<>"",_xlfn.IFNA(VLOOKUP($B7,'Node Details'!$B:$U,E$1,0),"Check"),"") -> Airtel | F7: 46110 | H7: FAT Box Installation | I7: 1 | J7: 600 | K7: =IF(I7<>"",J7*I7,0) -> 600 | L7: 46110 | N7: ET-PO-PUN-2604-0017 | O7: 46141 | P7: =J7 -> 600 | Q7: =P7*I7 -> 600 | S7: DSHR/2026-27/131 | T7: 46153 | U7: =J7 -> 600 | V7: =I7 -> 1 | W7: =IF(V7<>"",V7*U7,0) -> 600 | X7: DROR Services Private Limited | Y7: Punjab | Z7: FY 2025-26 H2 Data
A8: =A7+1 -> 6 | B8: AXZ010106 | C8: =IF($B8<>"",_xlfn.IFNA(VLOOKUP($B8,'Node Details'!$B:$U,C$1,0),"Check"),"") -> 0000AXZ01-AXZ010202 | D8: =IF($B8<>"",_xlfn.IFNA(VLOOKUP($B8,'Node Details'!$B:$U,D$1,0),"Check"),"") -> AXZ | E8: =IF($B8<>"",_xlfn.IFNA(VLOOKUP($B8,'Node Details'!$B:$U,E$1,0),"Check"),"") -> Airtel | F8: 46110 | H8: FAT Box Installation | I8: 1 | J8: 600 | K8: =IF(I8<>"",J8*I8,0) -> 600 | L8: 46110 | N8: ET-PO-PUN-2604-0017 | O8: 46141 | P8: =J8 -> 600 | Q8: =P8*I8 -> 600 | S8: DSHR/2026-27/131 | T8: 46153 | U8: =J8 -> 600 | V8: =I8 -> 1 | W8: =IF(V8<>"",V8*U8,0) -> 600 | X8: DROR Services Private Limited | Y8: Punjab | Z8: FY 2025-26 H2 Data
A9: =A8+1 -> 7 | B9: AXZ010107 | C9: =IF($B9<>"",_xlfn.IFNA(VLOOKUP($B9,'Node Details'!$B:$U,C$1,0),"Check"),"") -> 0000AXZ01-AXZ010202 | D9: =IF($B9<>"",_xlfn.IFNA(VLOOKUP($B9,'Node Details'!$B:$U,D$1,0),"Check"),"") -> AXZ | E9: =IF($B9<>"",_xlfn.IFNA(VLOOKUP($B9,'Node Details'!$B:$U,E$1,0),"Check"),"") -> Airtel | F9: 46110 | H9: FAT Box Installation | I9: 1 | J9: 600 | K9: =IF(I9<>"",J9*I9,0) -> 600 | L9: 46110 | N9: ET-PO-PUN-2604-0017 | O9: 46141 | P9: =J9 -> 600 | Q9: =P9*I9 -> 600 | S9: DSHR/2026-27/131 | T9: 46153 | U9: =J9 -> 600 | V9: =I9 -> 1 | W9: =IF(V9<>"",V9*U9,0) -> 600 | X9: DROR Services Private Limited | Y9: Punjab | Z9: FY 2025-26 H2 Data
A10: =A9+1 -> 8 | B10: AXZ010108 | C10: =IF($B10<>"",_xlfn.IFNA(VLOOKUP($B10,'Node Details'!$B:$U,C$1,0),"Check"),"") -> 0000AXZ01-AXZ010202 | D10: =IF($B10<>"",_xlfn.IFNA(VLOOKUP($B10,'Node Details'!$B:$U,D$1,0),"Check"),"") -> AXZ | E10: =IF($B10<>"",_xlfn.IFNA(VLOOKUP($B10,'Node Details'!$B:$U,E$1,0),"Check"),"") -> Airtel | F10: 46110 | H10: FAT Box Installation | I10: 1 | J10: 600 | K10: =IF(I10<>"",J10*I10,0) -> 600 | L10: 46110 | N10: ET-PO-PUN-2604-0017 | O10: 46141 | P10: =J10 -> 600 | Q10: =P10*I10 -> 600 | S10: DSHR/2026-27/131 | T10: 46153 | U10: =J10 -> 600 | V10: =I10 -> 1 | W10: =IF(V10<>"",V10*U10,0) -> 600 | X10: DROR Services Private Limited | Y10: Punjab | Z10: FY 2025-26 H2 Data
A11: =A10+1 -> 9 | B11: AXZ010201 | C11: =IF($B11<>"",_xlfn.IFNA(VLOOKUP($B11,'Node Details'!$B:$U,C$1,0),"Check"),"") -> 0000AXZ01-AXZ010202 | D11: =IF($B11<>"",_xlfn.IFNA(VLOOKUP($B11,'Node Details'!$B:$U,D$1,0),"Check"),"") -> AXZ | E11: =IF($B11<>"",_xlfn.IFNA(VLOOKUP($B11,'Node Details'!$B:$U,E$1,0),"Check"),"") -> Airtel | F11: 46110 | H11: FAT Box Installation | I11: 1 | J11: 600 | K11: =IF(I11<>"",J11*I11,0) -> 600 | L11: 46110 | N11: ET-PO-PUN-2604-0017 | O11: 46141 | P11: =J11 -> 600 | Q11: =P11*I11 -> 600 | S11: DSHR/2026-27/131 | T11: 46153 | U11: =J11 -> 600 | V11: =I11 -> 1 | W11: =IF(V11<>"",V11*U11,0) -> 600 | X11: DROR Services Private Limited | Y11: Punjab | Z11: FY 2025-26 H2 Data
A12: =A11+1 -> 10 | B12: AXZ010202 | C12: =IF($B12<>"",_xlfn.IFNA(VLOOKUP($B12,'Node Details'!$B:$U,C$1,0),"Check"),"") -> 0000AXZ01-AXZ010202 | D12: =IF($B12<>"",_xlfn.IFNA(VLOOKUP($B12,'Node Details'!$B:$U,D$1,0),"Check"),"") -> AXZ | E12: =IF($B12<>"",_xlfn.IFNA(VLOOKUP($B12,'Node Details'!$B:$U,E$1,0),"Check"),"") -> Airtel | F12: 46110 | H12: FAT Box Installation | I12: 1 | J12: 600 | K12: =IF(I12<>"",J12*I12,0) -> 600 | L12: 46110 | N12: ET-PO-PUN-2604-0017 | O12: 46141 | P12: =J12 -> 600 | Q12: =P12*I12 -> 600 | S12: DSHR/2026-27/131 | T12: 46153 | U12: =J12 -> 600 | V12: =I12 -> 1 | W12: =IF(V12<>"",V12*U12,0) -> 600 | X12: DROR Services Private Limited | Y12: Punjab | Z12: FY 2025-26 H2 Data
A13: =A12+1 -> 11 | B13: AXZ020101 | C13: =IF($B13<>"",_xlfn.IFNA(VLOOKUP($B13,'Node Details'!$B:$U,C$1,0),"Check"),"") -> 0000AXZ02-AXZ020101 | D13: =IF($B13<>"",_xlfn.IFNA(VLOOKUP($B13,'Node Details'!$B:$U,D$1,0),"Check"),"") -> AXZ | E13: =IF($B13<>"",_xlfn.IFNA(VLOOKUP($B13,'Node Details'!$B:$U,E$1,0),"Check"),"") -> Airtel | F13: 46110 | H13: FAT Box Installation | I13: 1 | J13: 600 | K13: =IF(I13<>"",J13*I13,0) -> 600 | L13: 46110 | N13: ET-PO-PUN-2604-0017 | O13: 46141 | P13: =J13 -> 600 | Q13: =P13*I13 -> 600 | S13: DSHR/2026-27/131 | T13: 46153 | U13: =J13 -> 600 | V13: =I13 -> 1 | W13: =IF(V13<>"",V13*U13,0) -> 600 | X13: DROR Services Private Limited | Y13: Punjab | Z13: FY 2025-26 H2 Data
A14: =A13+1 -> 12 | B14: AXZ020102 | C14: =IF($B14<>"",_xlfn.IFNA(VLOOKUP($B14,'Node Details'!$B:$U,C$1,0),"Check"),"") -> 0000AXZ02-AXZ020103 | D14: =IF($B14<>"",_xlfn.IFNA(VLOOKUP($B14,'Node Details'!$B:$U,D$1,0),"Check"),"") -> AXZ | E14: =IF($B14<>"",_xlfn.IFNA(VLOOKUP($B14,'Node Details'!$B:$U,E$1,0),"Check"),"") -> Airtel | F14: 46110 | H14: FAT Box Installation | I14: 1 | J14: 600 | K14: =IF(I14<>"",J14*I14,0) -> 600 | L14: 46110 | N14: ET-PO-PUN-2604-0017 | O14: 46141 | P14: =J14 -> 600 | Q14: =P14*I14 -> 600 | S14: DSHR/2026-27/131 | T14: 46153 | U14: =J14 -> 600 | V14: =I14 -> 1 | W14: =IF(V14<>"",V14*U14,0) -> 600 | X14: DROR Services Private Limited | Y14: Punjab | Z14: FY 2025-26 H2 Data
A15: =A14+1 -> 13 | B15: AXZ020103 | C15: =IF($B15<>"",_xlfn.IFNA(VLOOKUP($B15,'Node Details'!$B:$U,C$1,0),"Check"),"") -> 0000AXZ02-AXZ020103 | D15: =IF($B15<>"",_xlfn.IFNA(VLOOKUP($B15,'Node Details'!$B:$U,D$1,0),"Check"),"") -> AXZ | E15: =IF($B15<>"",_xlfn.IFNA(VLOOKUP($B15,'Node Details'!$B:$U,E$1,0),"Check"),"") -> Airtel | F15: 46110 | H15: FAT Box Installation | I15: 1 | J15: 600 | K15: =IF(I15<>"",J15*I15,0) -> 600 | L15: 46110 | N15: ET-PO-PUN-2604-0017 | O15: 46141 | P15: =J15 -> 600 | Q15: =P15*I15 -> 600 | S15: DSHR/2026-27/131 | T15: 46153 | U15: =J15 -> 600 | V15: =I15 -> 1 | W15: =IF(V15<>"",V15*U15,0) -> 600 | X15: DROR Services Private Limited | Y15: Punjab | Z15: FY 2025-26 H2 Data
... A924: =A923+1 -> 922 | B924: AXW | C924: =IF($B924<>"",_xlfn.IFNA(VLOOKUP($B924,'Node Details'!$B:$U,C$1,0),"Check"),"") -> 000000AXW-0000AXW05 | D924: =IF($B924<>"",_xlfn.IFNA(VLOOKUP($B924,'Node Details'!$B:$U,D$1,0),"Check"),"") -> AXW | E924: =IF($B924<>"",_xlfn.IFNA(VLOOKUP($B924,'Node Details'!$B:$U,E$1,0),"Check"),"") -> Airtel | F924: 46114 | H924: Installation of 96F FMS | I924: 1 | J924: 4600 | K924: =IF(I924<>"",J924*I924,0) -> 4600 | L924: 46112 | N924: ET-PO-PUN-2605-0006 | O924: 46146 | P924: =J924 -> 4600 | Q924: =P924*I924 -> 4600 | S924: DSHR/2026-27/157 | T924: 46156 | U924: =J924 -> 4600 | V924: =I924 -> 1 | W924: =IF(V924<>"",V924*U924,0) -> 4600 | X924: DROR Services Private Limited | Y924: Punjab | Z924: FY 2025-26 H2 Data
A925: =A924+1 -> 923 | B925: AXW180106 | C925: =IF($B925<>"",_xlfn.IFNA(VLOOKUP($B925,'Node Details'!$B:$U,C$1,0),"Check"),"") -> 0000AXW18-AXW180106 | D925: =IF($B925<>"",_xlfn.IFNA(VLOOKUP($B925,'Node Details'!$B:$U,D$1,0),"Check"),"") -> AXW | E925: =IF($B925<>"",_xlfn.IFNA(VLOOKUP($B925,'Node Details'!$B:$U,E$1,0),"Check"),"") -> Airtel | F925: 46114 | H925: Extra core Splicing | I925: 6 | J925: 65 | K925: =IF(I925<>"",J925*I925,0) -> 390 | L925: 46112 | N925: PO Awaited | P925: =J925 -> 65 | Q925: =P925*I925 -> 390 | S925: Invoice Awaited | U925: =J925 -> 65 | V925: =I925 -> 6 | W925: =IF(V925<>"",V925*U925,0) -> 390 | X925: DROR Services Private Limited | Y925: Punjab | Z925: FY 2025-26 H2 Data
A926: =A925+1 -> 924 | B926: AXW180107 | C926: =IF($B926<>"",_xlfn.IFNA(VLOOKUP($B926,'Node Details'!$B:$U,C$1,0),"Check"),"") -> AXW180106-AXW180108 | D926: =IF($B926<>"",_xlfn.IFNA(VLOOKUP($B926,'Node Details'!$B:$U,D$1,0),"Check"),"") -> AXW | E926: =IF($B926<>"",_xlfn.IFNA(VLOOKUP($B926,'Node Details'!$B:$U,E$1,0),"Check"),"") -> Airtel | F926: 46114 | H926: Extra core Splicing | I926: 4 | J926: 65 | K926: =IF(I926<>"",J926*I926,0) -> 260 | L926: 46112 | N926: PO Awaited | P926: =J926 -> 65 | Q926: =P926*I926 -> 260 | S926: Invoice Awaited | U926: =J926 -> 65 | V926: =I926 -> 4 | W926: =IF(V926<>"",V926*U926,0) -> 260 | X926: DROR Services Private Limited | Y926: Punjab | Z926: FY 2025-26 H2 Data
A927: =A926+1 -> 925 | B927: AXW180108 | C927: =IF($B927<>"",_xlfn.IFNA(VLOOKUP($B927,'Node Details'!$B:$U,C$1,0),"Check"),"") -> AXW180106-AXW180108 | D927: =IF($B927<>"",_xlfn.IFNA(VLOOKUP($B927,'Node Details'!$B:$U,D$1,0),"Check"),"") -> AXW | E927: =IF($B927<>"",_xlfn.IFNA(VLOOKUP($B927,'Node Details'!$B:$U,E$1,0),"Check"),"") -> Airtel | F927: 46114 | H927: Extra core Splicing | I927: 2 | J927: 65 | K927: =IF(I927<>"",J927*I927,0) -> 130 | L927: 46112 | N927: PO Awaited | P927: =J927 -> 65 | Q927: =P927*I927 -> 130 | S927: Invoice Awaited | U927: =J927 -> 65 | V927: =I927 -> 2 | W927: =IF(V927<>"",V927*U927,0) -> 130 | X927: DROR Services Private Limited | Y927: Punjab | Z927: FY 2025-26 H2 Data
A928: =A927+1 -> 926 | B928: AXW19 | C928: =IF($B928<>"",_xlfn.IFNA(VLOOKUP($B928,'Node Details'!$B:$U,C$1,0),"Check"),"") -> 0000AXW16-0000AXW20 | D928: =IF($B928<>"",_xlfn.IFNA(VLOOKUP($B928,'Node Details'!$B:$U,D$1,0),"Check"),"") -> AXW | E928: =IF($B928<>"",_xlfn.IFNA(VLOOKUP($B928,'Node Details'!$B:$U,E$1,0),"Check"),"") -> Airtel | F928: 46114 | H928: Extra core Splicing | I928: 42 | J928: 65 | K928: =IF(I928<>"",J928*I928,0) -> 2730 | L928: 46112 | N928: PO Awaited | P928: =J928 -> 65 | Q928: =P928*I928 -> 2730 | S928: Invoice Awaited | U928: =J928 -> 65 | V928: =I928 -> 42 | W928: =IF(V928<>"",V928*U928,0) -> 2730 | X928: DROR Services Private Limited | Y928: Punjab | Z928: FY 2025-26 H2 Data
A929: =A928+1 -> 927 | B929: AXW190102 | C929: =IF($B929<>"",_xlfn.IFNA(VLOOKUP($B929,'Node Details'!$B:$U,C$1,0),"Check"),"") -> 0000AXW19-AXW190104 | D929: =IF($B929<>"",_xlfn.IFNA(VLOOKUP($B929,'Node Details'!$B:$U,D$1,0),"Check"),"") -> AXW | E929: =IF($B929<>"",_xlfn.IFNA(VLOOKUP($B929,'Node Details'!$B:$U,E$1,0),"Check"),"") -> Airtel | F929: 46114 | H929: Extra core Splicing | I929: 6 | J929: 65 | K929: =IF(I929<>"",J929*I929,0) -> 390 | L929: 46112 | N929: PO Awaited | P929: =J929 -> 65 | Q929: =P929*I929 -> 390 | S929: Invoice Awaited | U929: =J929 -> 65 | V929: =I929 -> 6 | W929: =IF(V929<>"",V929*U929,0) -> 390 | X929: DROR Services Private Limited | Y929: Punjab | Z929: FY 2025-26 H2 Data
A930: =A929+1 -> 928 | B930: AXW190103 | C930: =IF($B930<>"",_xlfn.IFNA(VLOOKUP($B930,'Node Details'!$B:$U,C$1,0),"Check"),"") -> 0000AXW19-AXW190104 | D930: =IF($B930<>"",_xlfn.IFNA(VLOOKUP($B930,'Node Details'!$B:$U,D$1,0),"Check"),"") -> AXW | E930: =IF($B930<>"",_xlfn.IFNA(VLOOKUP($B930,'Node Details'!$B:$U,E$1,0),"Check"),"") -> Airtel | F930: 46114 | H930: Extra core Splicing | I930: 4 | J930: 65 | K930: =IF(I930<>"",J930*I930,0) -> 260 | L930: 46112 | N930: PO Awaited | P930: =J930 -> 65 | Q930: =P930*I930 -> 260 | S930: Invoice Awaited | U930: =J930 -> 65 | V930: =I930 -> 4 | W930: =IF(V930<>"",V930*U930,0) -> 260 | X930: DROR Services Private Limited | Y930: Punjab | Z930: FY 2025-26 H2 Data
A931: =A930+1 -> 929 | B931: AXW190104 | C931: =IF($B931<>"",_xlfn.IFNA(VLOOKUP($B931,'Node Details'!$B:$U,C$1,0),"Check"),"") -> 0000AXW19-AXW190104 | D931: =IF($B931<>"",_xlfn.IFNA(VLOOKUP($B931,'Node Details'!$B:$U,D$1,0),"Check"),"") -> AXW | E931: =IF($B931<>"",_xlfn.IFNA(VLOOKUP($B931,'Node Details'!$B:$U,E$1,0),"Check"),"") -> Airtel | F931: 46114 | H931: Extra core Splicing | I931: 2 | J931: 65 | K931: =IF(I931<>"",J931*I931,0) -> 130 | L931: 46112 | N931: PO Awaited | P931: =J931 -> 65 | Q931: =P931*I931 -> 130 | S931: Invoice Awaited | U931: =J931 -> 65 | V931: =I931 -> 2 | W931: =IF(V931<>"",V931*U931,0) -> 130 | X931: DROR Services Private Limited | Y931: Punjab | Z931: FY 2025-26 H2 Data
A932: =A931+1 -> 930 | B932: AXW190105 | C932: =IF($B932<>"",_xlfn.IFNA(VLOOKUP($B932,'Node Details'!$B:$U,C$1,0),"Check"),"") -> 0000AXW19-AXW190108 | D932: =IF($B932<>"",_xlfn.IFNA(VLOOKUP($B932,'Node Details'!$B:$U,D$1,0),"Check"),"") -> AXW | E932: =IF($B932<>"",_xlfn.IFNA(VLOOKUP($B932,'Node Details'!$B:$U,E$1,0),"Check"),"") -> Airtel | F932: 46114 | H932: Extra core Splicing | I932: 6 | J932: 65 | K932: =IF(I932<>"",J932*I932,0) -> 390 | L932: 46112 | N932: PO Awaited | P932: =J932 -> 65 | Q932: =P932*I932 -> 390 | S932: Invoice Awaited | U932: =J932 -> 65 | V932: =I932 -> 6 | W932: =IF(V932<>"",V932*U932,0) -> 390 | X932: DROR Services Private Limited | Y932: Punjab | Z932: FY 2025-26 H2 Data
A933: =A932+1 -> 931 | B933: AXW190106 | C933: =IF($B933<>"",_xlfn.IFNA(VLOOKUP($B933,'Node Details'!$B:$U,C$1,0),"Check"),"") -> 0000AXW19-AXW190108 | D933: =IF($B933<>"",_xlfn.IFNA(VLOOKUP($B933,'Node Details'!$B:$U,D$1,0),"Check"),"") -> AXW | E933: =IF($B933<>"",_xlfn.IFNA(VLOOKUP($B933,'Node Details'!$B:$U,E$1,0),"Check"),"") -> Airtel | F933: 46114 | H933: Extra core Splicing | I933: 4 | J933: 65 | K933: =IF(I933<>"",J933*I933,0) -> 260 | L933: 46112 | N933: PO Awaited | P933: =J933 -> 65 | Q933: =P933*I933 -> 260 | S933: Invoice Awaited | U933: =J933 -> 65 | V933: =I933 -> 4 | W933: =IF(V933<>"",V933*U933,0) -> 260 | X933: DROR Services Private Limited | Y933: Punjab | Z933: FY 2025-26 H2 Data
A934: =A933+1 -> 932 | B934: AXW190107 | C934: =IF($B934<>"",_xlfn.IFNA(VLOOKUP($B934,'Node Details'!$B:$U,C$1,0),"Check"),"") -> 0000AXW19-AXW190108 | D934: =IF($B934<>"",_xlfn.IFNA(VLOOKUP($B934,'Node Details'!$B:$U,D$1,0),"Check"),"") -> AXW | E934: =IF($B934<>"",_xlfn.IFNA(VLOOKUP($B934,'Node Details'!$B:$U,E$1,0),"Check"),"") -> Airtel | F934: 46114 | H934: Extra core Splicing | I934: 2 | J934: 65 | K934: =IF(I934<>"",J934*I934,0) -> 130 | L934: 46112 | N934: PO Awaited | P934: =J934 -> 65 | Q934: =P934*I934 -> 130 | S934: Invoice Awaited | U934: =J934 -> 65 | V934: =I934 -> 2 | W934: =IF(V934<>"",V934*U934,0) -> 130 | X934: DROR Services Private Limited | Y934: Punjab | Z934: FY 2025-26 H2 Data
A935: =A934+1 -> 933 | B935: AXW20 | C935: =IF($B935<>"",_xlfn.IFNA(VLOOKUP($B935,'Node Details'!$B:$U,C$1,0),"Check"),"") -> 0000AXW16-0000AXW20 | D935: =IF($B935<>"",_xlfn.IFNA(VLOOKUP($B935,'Node Details'!$B:$U,D$1,0),"Check"),"") -> AXW | E935: =IF($B935<>"",_xlfn.IFNA(VLOOKUP($B935,'Node Details'!$B:$U,E$1,0),"Check"),"") -> Airtel | F935: 46114 | H935: Extra core Splicing | I935: 42 | J935: 65 | K935: =IF(I935<>"",J935*I935,0) -> 2730 | L935: 46112 | N935: PO Awaited | P935: =J935 -> 65 | Q935: =P935*I935 -> 2730 | S935: Invoice Awaited | U935: =J935 -> 65 | V935: =I935 -> 42 | W935: =IF(V935<>"",V935*U935,0) -> 2730 | X935: DROR Services Private Limited | Y935: Punjab | Z935: FY 2025-26 H2 Data
A936: =A935+1 -> 934 | B936: AXW200102 | C936: =IF($B936<>"",_xlfn.IFNA(VLOOKUP($B936,'Node Details'!$B:$U,C$1,0),"Check"),"") -> 0000AXW20-AXW200107 | D936: =IF($B936<>"",_xlfn.IFNA(VLOOKUP($B936,'Node Details'!$B:$U,D$1,0),"Check"),"") -> AXW | E936: =IF($B936<>"",_xlfn.IFNA(VLOOKUP($B936,'Node Details'!$B:$U,E$1,0),"Check"),"") -> Airtel | F936: 46114 | H936: Extra core Splicing | I936: 18 | J936: 65 | K936: =IF(I936<>"",J936*I936,0) -> 1170 | L936: 46112 | N936: PO Awaited | P936: =J936 -> 65 | Q936: =P936*I936 -> 1170 | S936: Invoice Awaited | U936: =J936 -> 65 | V936: =I936 -> 18 | W936: =IF(V936<>"",V936*U936,0) -> 1170 | X936: DROR Services Private Limited | Y936: Punjab | Z936: FY 2025-26 H2 Data
... A956: =A955+1 -> 954 | B956: AXW220108 | C956: =IF($B956<>"",_xlfn.IFNA(VLOOKUP($B956,'Node Details'!$B:$U,C$1,0),"Check"),"") -> AXW220107-AXW220202 | D956: =IF($B956<>"",_xlfn.IFNA(VLOOKUP($B956,'Node Details'!$B:$U,D$1,0),"Check"),"") -> AXW | E956: =IF($B956<>"",_xlfn.IFNA(VLOOKUP($B956,'Node Details'!$B:$U,E$1,0),"Check"),"") -> Airtel | F956: 46114 | H956: Extra core Splicing | I956: 2 | J956: 65 | K956: =IF(I956<>"",J956*I956,0) -> 130 | L956: 46112 | N956: PO Awaited | P956: =J956 -> 65 | Q956: =P956*I956 -> 130 | S956: Invoice Awaited | U956: =J956 -> 65 | V956: =I956 -> 2 | W956: =IF(V956<>"",V956*U956,0) -> 130 | X956: DROR Services Private Limited | Y956: Punjab | Z956: FY 2025-26 H2 Data
A957: =A956+1 -> 955 | B957: CM3010102 | C957: =IF($B957<>"",_xlfn.IFNA(VLOOKUP($B957,'Node Details'!$B:$U,C$1,0),"Check"),"") -> 0000CM301-CM3010102 | D957: =IF($B957<>"",_xlfn.IFNA(VLOOKUP($B957,'Node Details'!$B:$U,D$1,0),"Check"),"") -> CM3 | E957: =IF($B957<>"",_xlfn.IFNA(VLOOKUP($B957,'Node Details'!$B:$U,E$1,0),"Check"),"") -> Airtel | F957: 46149 | H957: FAT Box Installation | I957: 1 | J957: 600 | K957: =IF(I957<>"",J957*I957,0) -> 600 | L957: 46142 | N957: ET-PO-PUN-2604-0018 | O957: 46141 | P957: =J957 -> 600 | Q957: =P957*I957 -> 600 | S957: DSHR/2026-27/158 | T957: 46156 | U957: =J957 -> 600 | V957: =I957 -> 1 | W957: =IF(V957<>"",V957*U957,0) -> 600 | X957: DROR Services Private Limited | Y957: Punjab | Z957: FY 2026-76 H1 Data
A958: =A957+1 -> 956 | B958: CM3010101 | C958: =IF($B958<>"",_xlfn.IFNA(VLOOKUP($B958,'Node Details'!$B:$U,C$1,0),"Check"),"") -> 0000CM301-CM3010101 | D958: =IF($B958<>"",_xlfn.IFNA(VLOOKUP($B958,'Node Details'!$B:$U,D$1,0),"Check"),"") -> CM3 | E958: =IF($B958<>"",_xlfn.IFNA(VLOOKUP($B958,'Node Details'!$B:$U,E$1,0),"Check"),"") -> Airtel | F958: 46149 | H958: FAT Box Installation | I958: 1 | J958: 600 | K958: =IF(I958<>"",J958*I958,0) -> 600 | L958: 46142 | N958: ET-PO-PUN-2604-0018 | O958: 46141 | P958: =J958 -> 600 | Q958: =P958*I958 -> 600 | S958: DSHR/2026-27/158 | T958: 46156 | U958: =J958 -> 600 | V958: =I958 -> 1 | W958: =IF(V958<>"",V958*U958,0) -> 600 | X958: DROR Services Private Limited | Y958: Punjab | Z958: FY 2026-76 H1 Data
A959: =A958+1 -> 957 | B959: CM3010103 | C959: =IF($B959<>"",_xlfn.IFNA(VLOOKUP($B959,'Node Details'!$B:$U,C$1,0),"Check"),"") -> 0000CM301-CM3010106 | D959: =IF($B959<>"",_xlfn.IFNA(VLOOKUP($B959,'Node Details'!$B:$U,D$1,0),"Check"),"") -> CM3 | E959: =IF($B959<>"",_xlfn.IFNA(VLOOKUP($B959,'Node Details'!$B:$U,E$1,0),"Check"),"") -> Airtel | F959: 46149 | H959: FAT Box Installation | I959: 1 | J959: 600 | K959: =IF(I959<>"",J959*I959,0) -> 600 | L959: 46142 | N959: ET-PO-PUN-2604-0018 | O959: 46141 | P959: =J959 -> 600 | Q959: =P959*I959 -> 600 | S959: DSHR/2026-27/158 | T959: 46156 | U959: =J959 -> 600 | V959: =I959 -> 1 | W959: =IF(V959<>"",V959*U959,0) -> 600 | X959: DROR Services Private Limited | Y959: Punjab | Z959: FY 2026-76 H1 Data
A960: =A959+1 -> 958 | B960: CM3010104 | C960: =IF($B960<>"",_xlfn.IFNA(VLOOKUP($B960,'Node Details'!$B:$U,C$1,0),"Check"),"") -> 0000CM301-CM3010106 | D960: =IF($B960<>"",_xlfn.IFNA(VLOOKUP($B960,'Node Details'!$B:$U,D$1,0),"Check"),"") -> CM3 | E960: =IF($B960<>"",_xlfn.IFNA(VLOOKUP($B960,'Node Details'!$B:$U,E$1,0),"Check"),"") -> Airtel | F960: 46149 | H960: FAT Box Installation | I960: 1 | J960: 600 | K960: =IF(I960<>"",J960*I960,0) -> 600 | L960: 46142 | N960: ET-PO-PUN-2604-0018 | O960: 46141 | P960: =J960 -> 600 | Q960: =P960*I960 -> 600 | S960: DSHR/2026-27/158 | T960: 46156 | U960: =J960 -> 600 | V960: =I960 -> 1 | W960: =IF(V960<>"",V960*U960,0) -> 600 | X960: DROR Services Private Limited | Y960: Punjab | Z960: FY 2026-76 H1 Data
A961: =A960+1 -> 959 | B961: CM3010105 | C961: =IF($B961<>"",_xlfn.IFNA(VLOOKUP($B961,'Node Details'!$B:$U,C$1,0),"Check"),"") -> 0000CM301-CM3010106 | D961: =IF($B961<>"",_xlfn.IFNA(VLOOKUP($B961,'Node Details'!$B:$U,D$1,0),"Check"),"") -> CM3 | E961: =IF($B961<>"",_xlfn.IFNA(VLOOKUP($B961,'Node Details'!$B:$U,E$1,0),"Check"),"") -> Airtel | F961: 46149 | H961: FAT Box Installation | I961: 1 | J961: 600 | K961: =IF(I961<>"",J961*I961,0) -> 600 | L961: 46142 | N961: ET-PO-PUN-2604-0018 | O961: 46141 | P961: =J961 -> 600 | Q961: =P961*I961 -> 600 | S961: DSHR/2026-27/158 | T961: 46156 | U961: =J961 -> 600 | V961: =I961 -> 1 | W961: =IF(V961<>"",V961*U961,0) -> 600 | X961: DROR Services Private Limited | Y961: Punjab | Z961: FY 2026-76 H1 Data
A962: =A961+1 -> 960 | B962: CM3010106 | C962: =IF($B962<>"",_xlfn.IFNA(VLOOKUP($B962,'Node Details'!$B:$U,C$1,0),"Check"),"") -> 0000CM301-CM3010106 | D962: =IF($B962<>"",_xlfn.IFNA(VLOOKUP($B962,'Node Details'!$B:$U,D$1,0),"Check"),"") -> CM3 | E962: =IF($B962<>"",_xlfn.IFNA(VLOOKUP($B962,'Node Details'!$B:$U,E$1,0),"Check"),"") -> Airtel | F962: 46149 | H962: FAT Box Installation | I962: 1 | J962: 600 | K962: =IF(I962<>"",J962*I962,0) -> 600 | L962: 46142 | N962: ET-PO-PUN-2604-0018 | O962: 46141 | P962: =J962 -> 600 | Q962: =P962*I962 -> 600 | S962: DSHR/2026-27/158 | T962: 46156 | U962: =J962 -> 600 | V962: =I962 -> 1 | W962: =IF(V962<>"",V962*U962,0) -> 600 | X962: DROR Services Private Limited | Y962: Punjab | Z962: FY 2026-76 H1 Data
A963: =A962+1 -> 961 | B963: CM3020101 | C963: =IF($B963<>"",_xlfn.IFNA(VLOOKUP($B963,'Node Details'!$B:$U,C$1,0),"Check"),"") -> 0000CM302-CM3020101 | D963: =IF($B963<>"",_xlfn.IFNA(VLOOKUP($B963,'Node Details'!$B:$U,D$1,0),"Check"),"") -> CM3 | E963: =IF($B963<>"",_xlfn.IFNA(VLOOKUP($B963,'Node Details'!$B:$U,E$1,0),"Check"),"") -> Airtel | F963: 46149 | H963: FAT Box Installation | I963: 1 | J963: 600 | K963: =IF(I963<>"",J963*I963,0) -> 600 | L963: 46142 | N963: ET-PO-PUN-2604-0018 | O963: 46141 | P963: =J963 -> 600 | Q963: =P963*I963 -> 600 | S963: DSHR/2026-27/158 | T963: 46156 | U963: =J963 -> 600 | V963: =I963 -> 1 | W963: =IF(V963<>"",V963*U963,0) -> 600 | X963: DROR Services Private Limited | Y963: Punjab | Z963: FY 2026-76 H1 Data
A964: =A963+1 -> 962 | B964: CM3020102 | C964: =IF($B964<>"",_xlfn.IFNA(VLOOKUP($B964,'Node Details'!$B:$U,C$1,0),"Check"),"") -> 0000CM302-CM3020104 | D964: =IF($B964<>"",_xlfn.IFNA(VLOOKUP($B964,'Node Details'!$B:$U,D$1,0),"Check"),"") -> CM3 | E964: =IF($B964<>"",_xlfn.IFNA(VLOOKUP($B964,'Node Details'!$B:$U,E$1,0),"Check"),"") -> Airtel | F964: 46149 | H964: FAT Box Installation | I964: 1 | J964: 600 | K964: =IF(I964<>"",J964*I964,0) -> 600 | L964: 46142 | N964: ET-PO-PUN-2604-0018 | O964: 46141 | P964: =J964 -> 600 | Q964: =P964*I964 -> 600 | S964: DSHR/2026-27/158 | T964: 46156 | U964: =J964 -> 600 | V964: =I964 -> 1 | W964: =IF(V964<>"",V964*U964,0) -> 600 | X964: DROR Services Private Limited | Y964: Punjab | Z964: FY 2026-76 H1 Data
A965: =A964+1 -> 963 | B965: CM3020103 | C965: =IF($B965<>"",_xlfn.IFNA(VLOOKUP($B965,'Node Details'!$B:$U,C$1,0),"Check"),"") -> 0000CM302-CM3020104 | D965: =IF($B965<>"",_xlfn.IFNA(VLOOKUP($B965,'Node Details'!$B:$U,D$1,0),"Check"),"") -> CM3 | E965: =IF($B965<>"",_xlfn.IFNA(VLOOKUP($B965,'Node Details'!$B:$U,E$1,0),"Check"),"") -> Airtel | F965: 46149 | H965: FAT Box Installation | I965: 1 | J965: 600 | K965: =IF(I965<>"",J965*I965,0) -> 600 | L965: 46142 | N965: ET-PO-PUN-2604-0018 | O965: 46141 | P965: =J965 -> 600 | Q965: =P965*I965 -> 600 | S965: DSHR/2026-27/158 | T965: 46156 | U965: =J965 -> 600 | V965: =I965 -> 1 | W965: =IF(V965<>"",V965*U965,0) -> 600 | X965: DROR Services Private Limited | Y965: Punjab | Z965: FY 2026-76 H1 Data
A966: =A965+1 -> 964 | B966: CM3020104 | C966: =IF($B966<>"",_xlfn.IFNA(VLOOKUP($B966,'Node Details'!$B:$U,C$1,0),"Check"),"") -> 0000CM302-CM3020104 | D966: =IF($B966<>"",_xlfn.IFNA(VLOOKUP($B966,'Node Details'!$B:$U,D$1,0),"Check"),"") -> CM3 | E966: =IF($B966<>"",_xlfn.IFNA(VLOOKUP($B966,'Node Details'!$B:$U,E$1,0),"Check"),"") -> Airtel | F966: 46149 | H966: FAT Box Installation | I966: 1 | J966: 600 | K966: =IF(I966<>"",J966*I966,0) -> 600 | L966: 46142 | N966: ET-PO-PUN-2604-0018 | O966: 46141 | P966: =J966 -> 600 | Q966: =P966*I966 -> 600 | S966: DSHR/2026-27/158 | T966: 46156 | U966: =J966 -> 600 | V966: =I966 -> 1 | W966: =IF(V966<>"",V966*U966,0) -> 600 | X966: DROR Services Private Limited | Y966: Punjab | Z966: FY 2026-76 H1 Data
A967: =A966+1 -> 965 | B967: CM3030105 | C967: =IF($B967<>"",_xlfn.IFNA(VLOOKUP($B967,'Node Details'!$B:$U,C$1,0),"Check"),"") -> 0000CM303-CM3030105 | D967: =IF($B967<>"",_xlfn.IFNA(VLOOKUP($B967,'Node Details'!$B:$U,D$1,0),"Check"),"") -> CM3 | E967: =IF($B967<>"",_xlfn.IFNA(VLOOKUP($B967,'Node Details'!$B:$U,E$1,0),"Check"),"") -> Airtel | F967: 46149 | H967: FAT Box Installation | I967: 1 | J967: 600 | K967: =IF(I967<>"",J967*I967,0) -> 600 | L967: 46142 | N967: ET-PO-PUN-2604-0018 | O967: 46141 | P967: =J967 -> 600 | Q967: =P967*I967 -> 600 | S967: DSHR/2026-27/158 | T967: 46156 | U967: =J967 -> 600 | V967: =I967 -> 1 | W967: =IF(V967<>"",V967*U967,0) -> 600 | X967: DROR Services Private Limited | Y967: Punjab | Z967: FY 2026-76 H1 Data
A968: =A967+1 -> 966 | B968: CM3030101 | C968: =IF($B968<>"",_xlfn.IFNA(VLOOKUP($B968,'Node Details'!$B:$U,C$1,0),"Check"),"") -> 0000CM303-CM3030102 | D968: =IF($B968<>"",_xlfn.IFNA(VLOOKUP($B968,'Node Details'!$B:$U,D$1,0),"Check"),"") -> CM3 | E968: =IF($B968<>"",_xlfn.IFNA(VLOOKUP($B968,'Node Details'!$B:$U,E$1,0),"Check"),"") -> Airtel | F968: 46149 | H968: FAT Box Installation | I968: 1 | J968: 600 | K968: =IF(I968<>"",J968*I968,0) -> 600 | L968: 46142 | N968: ET-PO-PUN-2604-0018 | O968: 46141 | P968: =J968 -> 600 | Q968: =P968*I968 -> 600 | S968: DSHR/2026-27/158 | T968: 46156 | U968: =J968 -> 600 | V968: =I968 -> 1 | W968: =IF(V968<>"",V968*U968,0) -> 600 | X968: DROR Services Private Limited | Y968: Punjab | Z968: FY 2026-76 H1 Data
... A1387: =A1386+1 -> 1385 | B1387: CM320 | C1387: =IF($B1387<>"",_xlfn.IFNA(VLOOKUP($B1387,'Node Details'!$B:$U,C$1,0),"Check"),"") -> 000000CM3-0000CM325 | D1387: =IF($B1387<>"",_xlfn.IFNA(VLOOKUP($B1387,'Node Details'!$B:$U,D$1,0),"Check"),"") -> CM3 | E1387: =IF($B1387<>"",_xlfn.IFNA(VLOOKUP($B1387,'Node Details'!$B:$U,E$1,0),"Check"),"") -> Airtel | F1387: 46149 | H1387: Extra core Splicing | I1387: 42 | J1387: 65 | K1387: =IF(I1387<>"",J1387*I1387,0) -> 2730 | L1387: 46142 | N1387: ET-PO-PUN-2604-0018 | O1387: 46141 | P1387: =J1387 -> 65 | Q1387: =P1387*I1387 -> 2730 | S1387: DSHR/2026-27/158 | T1387: 46156 | U1387: =J1387 -> 65 | V1387: =I1387 -> 42 | W1387: =IF(V1387<>"",V1387*U1387,0) -> 2730 | X1387: DROR Services Private Limited | Y1387: Punjab | Z1387: FY 2026-76 H1 Data
A1388: =A1387+1 -> 1386 | B1388: CM3200102 | C1388: =IF($B1388<>"",_xlfn.IFNA(VLOOKUP($B1388,'Node Details'!$B:$U,C$1,0),"Check"),"") -> 0000CM320-CM3200104 | D1388: =IF($B1388<>"",_xlfn.IFNA(VLOOKUP($B1388,'Node Details'!$B:$U,D$1,0),"Check"),"") -> CM3 | E1388: =IF($B1388<>"",_xlfn.IFNA(VLOOKUP($B1388,'Node Details'!$B:$U,E$1,0),"Check"),"") -> Airtel | F1388: 46149 | H1388: Extra core Splicing | I1388: 6 | J1388: 65 | K1388: =IF(I1388<>"",J1388*I1388,0) -> 390 | L1388: 46142 | N1388: ET-PO-PUN-2605-0008 | O1388: 46160 | P1388: =J1388 -> 65 | Q1388: =P1388*I1388 -> 390 | S1388: Invoice Awaited | U1388: =J1388 -> 65 | V1388: =I1388 -> 6 | W1388: =IF(V1388<>"",V1388*U1388,0) -> 390 | X1388: DROR Services Private Limited | Y1388: Punjab | Z1388: FY 2026-76 H1 Data
A1389: =A1388+1 -> 1387 | B1389: CM3100103 | C1389: =IF($B1389<>"",_xlfn.IFNA(VLOOKUP($B1389,'Node Details'!$B:$U,C$1,0),"Check"),"") -> 0000CM310-CM3100103 | D1389: =IF($B1389<>"",_xlfn.IFNA(VLOOKUP($B1389,'Node Details'!$B:$U,D$1,0),"Check"),"") -> CM3 | E1389: =IF($B1389<>"",_xlfn.IFNA(VLOOKUP($B1389,'Node Details'!$B:$U,E$1,0),"Check"),"") -> Airtel | F1389: 46149 | H1389: Extra core Splicing | I1389: 4 | J1389: 65 | K1389: =IF(I1389<>"",J1389*I1389,0) -> 260 | L1389: 46142 | N1389: ET-PO-PUN-2605-0008 | O1389: 46160 | P1389: =J1389 -> 65 | Q1389: =P1389*I1389 -> 260 | S1389: Invoice Awaited | U1389: =J1389 -> 65 | V1389: =I1389 -> 4 | W1389: =IF(V1389<>"",V1389*U1389,0) -> 260 | X1389: DROR Services Private Limited | Y1389: Punjab | Z1389: FY 2026-76 H1 Data
A1390: =A1389+1 -> 1388 | B1390: CM3100104 | C1390: =IF($B1390<>"",_xlfn.IFNA(VLOOKUP($B1390,'Node Details'!$B:$U,C$1,0),"Check"),"") -> 0000CM310-CM3100104 | D1390: =IF($B1390<>"",_xlfn.IFNA(VLOOKUP($B1390,'Node Details'!$B:$U,D$1,0),"Check"),"") -> CM3 | E1390: =IF($B1390<>"",_xlfn.IFNA(VLOOKUP($B1390,'Node Details'!$B:$U,E$1,0),"Check"),"") -> Airtel | F1390: 46149 | H1390: Extra core Splicing | I1390: 2 | J1390: 65 | K1390: =IF(I1390<>"",J1390*I1390,0) -> 130 | L1390: 46142 | N1390: ET-PO-PUN-2605-0008 | O1390: 46160 | P1390: =J1390 -> 65 | Q1390: =P1390*I1390 -> 130 | S1390: Invoice Awaited | U1390: =J1390 -> 65 | V1390: =I1390 -> 2 | W1390: =IF(V1390<>"",V1390*U1390,0) -> 130 | X1390: DROR Services Private Limited | Y1390: Punjab | Z1390: FY 2026-76 H1 Data
A1391: =A1390+1 -> 1389 | B1391: CM321 | C1391: =IF($B1391<>"",_xlfn.IFNA(VLOOKUP($B1391,'Node Details'!$B:$U,C$1,0),"Check"),"") -> 000000CM3-0000CM325 | D1391: =IF($B1391<>"",_xlfn.IFNA(VLOOKUP($B1391,'Node Details'!$B:$U,D$1,0),"Check"),"") -> CM3 | E1391: =IF($B1391<>"",_xlfn.IFNA(VLOOKUP($B1391,'Node Details'!$B:$U,E$1,0),"Check"),"") -> Airtel | F1391: 46149 | H1391: Extra core Splicing | I1391: 44 | J1391: 65 | K1391: =IF(I1391<>"",J1391*I1391,0) -> 2860 | L1391: 46142 | N1391: ET-PO-PUN-2605-0008 | O1391: 46160 | P1391: =J1391 -> 65 | Q1391: =P1391*I1391 -> 2860 | S1391: Invoice Awaited | U1391: =J1391 -> 65 | V1391: =I1391 -> 44 | W1391: =IF(V1391<>"",V1391*U1391,0) -> 2860 | X1391: DROR Services Private Limited | Y1391: Punjab | Z1391: FY 2026-76 H1 Data
A1392: =A1391+1 -> 1390 | B1392: CM3210101 | C1392: =IF($B1392<>"",_xlfn.IFNA(VLOOKUP($B1392,'Node Details'!$B:$U,C$1,0),"Check"),"") -> 0000CM321-CM3210104 | D1392: =IF($B1392<>"",_xlfn.IFNA(VLOOKUP($B1392,'Node Details'!$B:$U,D$1,0),"Check"),"") -> CM3 | E1392: =IF($B1392<>"",_xlfn.IFNA(VLOOKUP($B1392,'Node Details'!$B:$U,E$1,0),"Check"),"") -> Airtel | F1392: 46149 | H1392: Extra core Splicing | I1392: 6 | J1392: 65 | K1392: =IF(I1392<>"",J1392*I1392,0) -> 390 | L1392: 46142 | N1392: ET-PO-PUN-2605-0008 | O1392: 46160 | P1392: =J1392 -> 65 | Q1392: =P1392*I1392 -> 390 | S1392: Invoice Awaited | U1392: =J1392 -> 65 | V1392: =I1392 -> 6 | W1392: =IF(V1392<>"",V1392*U1392,0) -> 390 | X1392: DROR Services Private Limited | Y1392: Punjab | Z1392: FY 2026-76 H1 Data
A1393: =A1392+1 -> 1391 | B1393: CM3210102 | C1393: =IF($B1393<>"",_xlfn.IFNA(VLOOKUP($B1393,'Node Details'!$B:$U,C$1,0),"Check"),"") -> 0000CM321-CM3210104 | D1393: =IF($B1393<>"",_xlfn.IFNA(VLOOKUP($B1393,'Node Details'!$B:$U,D$1,0),"Check"),"") -> CM3 | E1393: =IF($B1393<>"",_xlfn.IFNA(VLOOKUP($B1393,'Node Details'!$B:$U,E$1,0),"Check"),"") -> Airtel | F1393: 46149 | H1393: Extra core Splicing | I1393: 4 | J1393: 65 | K1393: =IF(I1393<>"",J1393*I1393,0) -> 260 | L1393: 46142 | N1393: ET-PO-PUN-2605-0008 | O1393: 46160 | P1393: =J1393 -> 65 | Q1393: =P1393*I1393 -> 260 | S1393: Invoice Awaited | U1393: =J1393 -> 65 | V1393: =I1393 -> 4 | W1393: =IF(V1393<>"",V1393*U1393,0) -> 260 | X1393: DROR Services Private Limited | Y1393: Punjab | Z1393: FY 2026-76 H1 Data
A1394: =A1393+1 -> 1392 | B1394: CM3210103 | C1394: =IF($B1394<>"",_xlfn.IFNA(VLOOKUP($B1394,'Node Details'!$B:$U,C$1,0),"Check"),"") -> 0000CM321-CM3210104 | D1394: =IF($B1394<>"",_xlfn.IFNA(VLOOKUP($B1394,'Node Details'!$B:$U,D$1,0),"Check"),"") -> CM3 | E1394: =IF($B1394<>"",_xlfn.IFNA(VLOOKUP($B1394,'Node Details'!$B:$U,E$1,0),"Check"),"") -> Airtel | F1394: 46149 | H1394: Extra core Splicing | I1394: 2 | J1394: 65 | K1394: =IF(I1394<>"",J1394*I1394,0) -> 130 | L1394: 46142 | N1394: ET-PO-PUN-2605-0008 | O1394: 46160 | P1394: =J1394 -> 65 | Q1394: =P1394*I1394 -> 130 | S1394: Invoice Awaited | U1394: =J1394 -> 65 | V1394: =I1394 -> 2 | W1394: =IF(V1394<>"",V1394*U1394,0) -> 130 | X1394: DROR Services Private Limited | Y1394: Punjab | Z1394: FY 2026-76 H1 Data
A1395: =A1394+1 -> 1393 | B1395: CM322 | C1395: =IF($B1395<>"",_xlfn.IFNA(VLOOKUP($B1395,'Node Details'!$B:$U,C$1,0),"Check"),"") -> 000000CM3-0000CM325 | D1395: =IF($B1395<>"",_xlfn.IFNA(VLOOKUP($B1395,'Node Details'!$B:$U,D$1,0),"Check"),"") -> CM3 | E1395: =IF($B1395<>"",_xlfn.IFNA(VLOOKUP($B1395,'Node Details'!$B:$U,E$1,0),"Check"),"") -> Airtel | F1395: 46149 | H1395: Extra core Splicing | I1395: 44 | J1395: 65 | K1395: =IF(I1395<>"",J1395*I1395,0) -> 2860 | L1395: 46142 | N1395: ET-PO-PUN-2605-0008 | O1395: 46160 | P1395: =J1395 -> 65 | Q1395: =P1395*I1395 -> 2860 | S1395: Invoice Awaited | U1395: =J1395 -> 65 | V1395: =I1395 -> 44 | W1395: =IF(V1395<>"",V1395*U1395,0) -> 2860 | X1395: DROR Services Private Limited | Y1395: Punjab | Z1395: FY 2026-76 H1 Data
A1396: =A1395+1 -> 1394 | B1396: CM3220105 | C1396: =IF($B1396<>"",_xlfn.IFNA(VLOOKUP($B1396,'Node Details'!$B:$U,C$1,0),"Check"),"") -> 0000CM322-CM3220108 | D1396: =IF($B1396<>"",_xlfn.IFNA(VLOOKUP($B1396,'Node Details'!$B:$U,D$1,0),"Check"),"") -> CM3 | E1396: =IF($B1396<>"",_xlfn.IFNA(VLOOKUP($B1396,'Node Details'!$B:$U,E$1,0),"Check"),"") -> Airtel | F1396: 46149 | H1396: Extra core Splicing | I1396: 6 | J1396: 65 | K1396: =IF(I1396<>"",J1396*I1396,0) -> 390 | L1396: 46142 | N1396: ET-PO-PUN-2605-0008 | O1396: 46160 | P1396: =J1396 -> 65 | Q1396: =P1396*I1396 -> 390 | S1396: Invoice Awaited | U1396: =J1396 -> 65 | V1396: =I1396 -> 6 | W1396: =IF(V1396<>"",V1396*U1396,0) -> 390 | X1396: DROR Services Private Limited | Y1396: Punjab | Z1396: FY 2026-76 H1 Data
A1397: =A1396+1 -> 1395 | B1397: CM3220106 | C1397: =IF($B1397<>"",_xlfn.IFNA(VLOOKUP($B1397,'Node Details'!$B:$U,C$1,0),"Check"),"") -> 0000CM322-CM3220108 | D1397: =IF($B1397<>"",_xlfn.IFNA(VLOOKUP($B1397,'Node Details'!$B:$U,D$1,0),"Check"),"") -> CM3 | E1397: =IF($B1397<>"",_xlfn.IFNA(VLOOKUP($B1397,'Node Details'!$B:$U,E$1,0),"Check"),"") -> Airtel | F1397: 46149 | H1397: Extra core Splicing | I1397: 4 | J1397: 65 | K1397: =IF(I1397<>"",J1397*I1397,0) -> 260 | L1397: 46142 | N1397: ET-PO-PUN-2605-0008 | O1397: 46160 | P1397: =J1397 -> 65 | Q1397: =P1397*I1397 -> 260 | S1397: Invoice Awaited | U1397: =J1397 -> 65 | V1397: =I1397 -> 4 | W1397: =IF(V1397<>"",V1397*U1397,0) -> 260 | X1397: DROR Services Private Limited | Y1397: Punjab | Z1397: FY 2026-76 H1 Data
A1398: =A1397+1 -> 1396 | B1398: CM3220107 | C1398: =IF($B1398<>"",_xlfn.IFNA(VLOOKUP($B1398,'Node Details'!$B:$U,C$1,0),"Check"),"") -> 0000CM322-CM3220108 | D1398: =IF($B1398<>"",_xlfn.IFNA(VLOOKUP($B1398,'Node Details'!$B:$U,D$1,0),"Check"),"") -> CM3 | E1398: =IF($B1398<>"",_xlfn.IFNA(VLOOKUP($B1398,'Node Details'!$B:$U,E$1,0),"Check"),"") -> Airtel | F1398: 46149 | H1398: Extra core Splicing | I1398: 2 | J1398: 65 | K1398: =IF(I1398<>"",J1398*I1398,0) -> 130 | L1398: 46142 | N1398: ET-PO-PUN-2605-0008 | O1398: 46160 | P1398: =J1398 -> 65 | Q1398: =P1398*I1398 -> 130 | S1398: Invoice Awaited | U1398: =J1398 -> 65 | V1398: =I1398 -> 2 | W1398: =IF(V1398<>"",V1398*U1398,0) -> 130 | X1398: DROR Services Private Limited | Y1398: Punjab | Z1398: FY 2026-76 H1 Data
A1399: =A1398+1 -> 1397 | B1399: CM3220108 | C1399: =IF($B1399<>"",_xlfn.IFNA(VLOOKUP($B1399,'Node Details'!$B:$U,C$1,0),"Check"),"") -> 0000CM322-CM3220108 | D1399: =IF($B1399<>"",_xlfn.IFNA(VLOOKUP($B1399,'Node Details'!$B:$U,D$1,0),"Check"),"") -> CM3 | E1399: =IF($B1399<>"",_xlfn.IFNA(VLOOKUP($B1399,'Node Details'!$B:$U,E$1,0),"Check"),"") -> Airtel | F1399: 46149 | H1399: Extra core Splicing | I1399: 6 | J1399: 65 | K1399: =IF(I1399<>"",J1399*I1399,0) -> 390 | L1399: 46142 | N1399: ET-PO-PUN-2605-0008 | O1399: 46160 | P1399: =J1399 -> 65 | Q1399: =P1399*I1399 -> 390 | S1399: Invoice Awaited | U1399: =J1399 -> 65 | V1399: =I1399 -> 6 | W1399: =IF(V1399<>"",V1399*U1399,0) -> 390 | X1399: DROR Services Private Limited | Y1399: Punjab | Z1399: FY 2026-76 H1 Data
... A1417: =A1416+1 -> 1415 | B1417: CM3 | C1417: =IF($B1417<>"",_xlfn.IFNA(VLOOKUP($B1417,'Node Details'!$B:$U,C$1,0),"Check"),"") -> 000000CM3-0000CM310 | D1417: =IF($B1417<>"",_xlfn.IFNA(VLOOKUP($B1417,'Node Details'!$B:$U,D$1,0),"Check"),"") -> CM3 | E1417: =IF($B1417<>"",_xlfn.IFNA(VLOOKUP($B1417,'Node Details'!$B:$U,E$1,0),"Check"),"") -> Airtel | F1417: 46149 | H1417: Extra core Splicing | I1417: 42 | J1417: 65 | K1417: =IF(I1417<>"",J1417*I1417,0) -> 2730 | L1417: 46142 | N1417: ET-PO-PUN-2605-0008 | O1417: 46160 | P1417: =J1417 -> 65 | Q1417: =P1417*I1417 -> 2730 | S1417: Invoice Awaited | U1417: =J1417 -> 65 | V1417: =I1417 -> 42 | W1417: =IF(V1417<>"",V1417*U1417,0) -> 2730 | X1417: DROR Services Private Limited | Y1417: Punjab | Z1417: FY 2026-76 H1 Data
A1418: =A1417+1 -> 1416 | B1418: CM3 | C1418: =IF($B1418<>"",_xlfn.IFNA(VLOOKUP($B1418,'Node Details'!$B:$U,C$1,0),"Check"),"") -> 000000CM3-0000CM310 | D1418: =IF($B1418<>"",_xlfn.IFNA(VLOOKUP($B1418,'Node Details'!$B:$U,D$1,0),"Check"),"") -> CM3 | E1418: =IF($B1418<>"",_xlfn.IFNA(VLOOKUP($B1418,'Node Details'!$B:$U,E$1,0),"Check"),"") -> Airtel | F1418: 46149 | H1418: Installation of 96F FMS | I1418: 1 | J1418: 4600 | K1418: =IF(I1418<>"",J1418*I1418,0) -> 4600 | L1418: 46142 | N1418: ET-PO-PUN-2604-0018 | O1418: 46141 | P1418: =J1418 -> 4600 | Q1418: =P1418*I1418 -> 4600 | S1418: DSHR/2026-27/158 | T1418: 46156 | U1418: =J1418 -> 4600 | V1418: =I1418 -> 1 | W1418: =IF(V1418<>"",V1418*U1418,0) -> 4600 | X1418: DROR Services Private Limited | Y1418: Punjab | Z1418: FY 2026-76 H1 Data
A1419: =A1418+1 -> 1417 | B1419: CM3 | C1419: =IF($B1419<>"",_xlfn.IFNA(VLOOKUP($B1419,'Node Details'!$B:$U,C$1,0),"Check"),"") -> 000000CM3-0000CM310 | D1419: =IF($B1419<>"",_xlfn.IFNA(VLOOKUP($B1419,'Node Details'!$B:$U,D$1,0),"Check"),"") -> CM3 | E1419: =IF($B1419<>"",_xlfn.IFNA(VLOOKUP($B1419,'Node Details'!$B:$U,E$1,0),"Check"),"") -> Airtel | F1419: 46149 | H1419: Installation of 96F FMS | I1419: 1 | J1419: 4600 | K1419: =IF(I1419<>"",J1419*I1419,0) -> 4600 | L1419: 46142 | N1419: ET-PO-PUN-2605-0008 | O1419: 46160 | P1419: =J1419 -> 4600 | Q1419: =P1419*I1419 -> 4600 | S1419: Invoice Awaited | U1419: =J1419 -> 4600 | V1419: =I1419 -> 1 | W1419: =IF(V1419<>"",V1419*U1419,0) -> 4600 | X1419: DROR Services Private Limited | Y1419: Punjab | Z1419: FY 2026-76 H1 Data
A1420: =A1419+1 -> 1418 | B1420: CM4010101 | C1420: =IF($B1420<>"",_xlfn.IFNA(VLOOKUP($B1420,'Node Details'!$B:$U,C$1,0),"Check"),"") -> 0000CM401-CM4010101 | D1420: =IF($B1420<>"",_xlfn.IFNA(VLOOKUP($B1420,'Node Details'!$B:$U,D$1,0),"Check"),"") -> CM4 | E1420: =IF($B1420<>"",_xlfn.IFNA(VLOOKUP($B1420,'Node Details'!$B:$U,E$1,0),"Check"),"") -> Airtel | F1420: 46148 | H1420: FAT Box Installation | I1420: 1 | J1420: 500 | K1420: =IF(I1420<>"",J1420*I1420,0) -> 500 | L1420: 46142 | N1420: PO Awaited | P1420: =J1420 -> 500 | Q1420: =P1420*I1420 -> 500 | S1420: Invoice Awaited | U1420: =J1420 -> 500 | V1420: =I1420 -> 1 | W1420: =IF(V1420<>"",V1420*U1420,0) -> 500 | X1420: Sudhist Infocom Private Limited | Y1420: Punjab | Z1420: FY 2026-76 H1 Data
A1421: =A1420+1 -> 1419 | B1421: CM4010102 | C1421: =IF($B1421<>"",_xlfn.IFNA(VLOOKUP($B1421,'Node Details'!$B:$U,C$1,0),"Check"),"") -> 0000CM401-CM4010102 | D1421: =IF($B1421<>"",_xlfn.IFNA(VLOOKUP($B1421,'Node Details'!$B:$U,D$1,0),"Check"),"") -> CM4 | E1421: =IF($B1421<>"",_xlfn.IFNA(VLOOKUP($B1421,'Node Details'!$B:$U,E$1,0),"Check"),"") -> Airtel | F1421: 46148 | H1421: FAT Box Installation | I1421: 1 | J1421: 500 | K1421: =IF(I1421<>"",J1421*I1421,0) -> 500 | L1421: 46142 | N1421: PO Awaited | P1421: =J1421 -> 500 | Q1421: =P1421*I1421 -> 500 | S1421: Invoice Awaited | U1421: =J1421 -> 500 | V1421: =I1421 -> 1 | W1421: =IF(V1421<>"",V1421*U1421,0) -> 500 | X1421: Sudhist Infocom Private Limited | Y1421: Punjab | Z1421: FY 2026-76 H1 Data
A1422: =A1421+1 -> 1420 | B1422: CM4010105 | C1422: =IF($B1422<>"",_xlfn.IFNA(VLOOKUP($B1422,'Node Details'!$B:$U,C$1,0),"Check"),"") -> 0000CM401-CM4010104 | D1422: =IF($B1422<>"",_xlfn.IFNA(VLOOKUP($B1422,'Node Details'!$B:$U,D$1,0),"Check"),"") -> CM4 | E1422: =IF($B1422<>"",_xlfn.IFNA(VLOOKUP($B1422,'Node Details'!$B:$U,E$1,0),"Check"),"") -> Airtel | F1422: 46148 | H1422: FAT Box Installation | I1422: 1 | J1422: 500 | K1422: =IF(I1422<>"",J1422*I1422,0) -> 500 | L1422: 46142 | N1422: PO Awaited | P1422: =J1422 -> 500 | Q1422: =P1422*I1422 -> 500 | S1422: Invoice Awaited | U1422: =J1422 -> 500 | V1422: =I1422 -> 1 | W1422: =IF(V1422<>"",V1422*U1422,0) -> 500 | X1422: Sudhist Infocom Private Limited | Y1422: Punjab | Z1422: FY 2026-76 H1 Data
A1423: =A1422+1 -> 1421 | B1423: CM4010106 | C1423: =IF($B1423<>"",_xlfn.IFNA(VLOOKUP($B1423,'Node Details'!$B:$U,C$1,0),"Check"),"") -> 0000CM401-CM4010104 | D1423: =IF($B1423<>"",_xlfn.IFNA(VLOOKUP($B1423,'Node Details'!$B:$U,D$1,0),"Check"),"") -> CM4 | E1423: =IF($B1423<>"",_xlfn.IFNA(VLOOKUP($B1423,'Node Details'!$B:$U,E$1,0),"Check"),"") -> Airtel | F1423: 46148 | H1423: FAT Box Installation | I1423: 1 | J1423: 500 | K1423: =IF(I1423<>"",J1423*I1423,0) -> 500 | L1423: 46142 | N1423: PO Awaited | P1423: =J1423 -> 500 | Q1423: =P1423*I1423 -> 500 | S1423: Invoice Awaited | U1423: =J1423 -> 500 | V1423: =I1423 -> 1 | W1423: =IF(V1423<>"",V1423*U1423,0) -> 500 | X1423: Sudhist Infocom Private Limited | Y1423: Punjab | Z1423: FY 2026-76 H1 Data
A1424: =A1423+1 -> 1422 | B1424: CM4010104 | C1424: =IF($B1424<>"",_xlfn.IFNA(VLOOKUP($B1424,'Node Details'!$B:$U,C$1,0),"Check"),"") -> 0000CM401-CM4010104 | D1424: =IF($B1424<>"",_xlfn.IFNA(VLOOKUP($B1424,'Node Details'!$B:$U,D$1,0),"Check"),"") -> CM4 | E1424: =IF($B1424<>"",_xlfn.IFNA(VLOOKUP($B1424,'Node Details'!$B:$U,E$1,0),"Check"),"") -> Airtel | F1424: 46148 | H1424: FAT Box Installation | I1424: 1 | J1424: 500 | K1424: =IF(I1424<>"",J1424*I1424,0) -> 500 | L1424: 46142 | N1424: PO Awaited | P1424: =J1424 -> 500 | Q1424: =P1424*I1424 -> 500 | S1424: Invoice Awaited | U1424: =J1424 -> 500 | V1424: =I1424 -> 1 | W1424: =IF(V1424<>"",V1424*U1424,0) -> 500 | X1424: Sudhist Infocom Private Limited | Y1424: Punjab | Z1424: FY 2026-76 H1 Data
A1425: =A1424+1 -> 1423 | B1425: CM4010107 | C1425: =IF($B1425<>"",_xlfn.IFNA(VLOOKUP($B1425,'Node Details'!$B:$U,C$1,0),"Check"),"") -> CM4010106-CM4010108 | D1425: =IF($B1425<>"",_xlfn.IFNA(VLOOKUP($B1425,'Node Details'!$B:$U,D$1,0),"Check"),"") -> CM4 | E1425: =IF($B1425<>"",_xlfn.IFNA(VLOOKUP($B1425,'Node Details'!$B:$U,E$1,0),"Check"),"") -> Airtel | F1425: 46148 | H1425: FAT Box Installation | I1425: 1 | J1425: 500 | K1425: =IF(I1425<>"",J1425*I1425,0) -> 500 | L1425: 46142 | N1425: PO Awaited | P1425: =J1425 -> 500 | Q1425: =P1425*I1425 -> 500 | S1425: Invoice Awaited | U1425: =J1425 -> 500 | V1425: =I1425 -> 1 | W1425: =IF(V1425<>"",V1425*U1425,0) -> 500 | X1425: Sudhist Infocom Private Limited | Y1425: Punjab | Z1425: FY 2026-76 H1 Data
A1426: =A1425+1 -> 1424 | B1426: CM4010108 | C1426: =IF($B1426<>"",_xlfn.IFNA(VLOOKUP($B1426,'Node Details'!$B:$U,C$1,0),"Check"),"") -> CM4010106-CM4010108 | D1426: =IF($B1426<>"",_xlfn.IFNA(VLOOKUP($B1426,'Node Details'!$B:$U,D$1,0),"Check"),"") -> CM4 | E1426: =IF($B1426<>"",_xlfn.IFNA(VLOOKUP($B1426,'Node Details'!$B:$U,E$1,0),"Check"),"") -> Airtel | F1426: 46148 | H1426: FAT Box Installation | I1426: 1 | J1426: 500 | K1426: =IF(I1426<>"",J1426*I1426,0) -> 500 | L1426: 46142 | N1426: PO Awaited | P1426: =J1426 -> 500 | Q1426: =P1426*I1426 -> 500 | S1426: Invoice Awaited | U1426: =J1426 -> 500 | V1426: =I1426 -> 1 | W1426: =IF(V1426<>"",V1426*U1426,0) -> 500 | X1426: Sudhist Infocom Private Limited | Y1426: Punjab | Z1426: FY 2026-76 H1 Data
A1427: =A1426+1 -> 1425 | B1427: CM4020101 | C1427: =IF($B1427<>"",_xlfn.IFNA(VLOOKUP($B1427,'Node Details'!$B:$U,C$1,0),"Check"),"") -> 0000CM402-CM4020104 | D1427: =IF($B1427<>"",_xlfn.IFNA(VLOOKUP($B1427,'Node Details'!$B:$U,D$1,0),"Check"),"") -> CM4 | E1427: =IF($B1427<>"",_xlfn.IFNA(VLOOKUP($B1427,'Node Details'!$B:$U,E$1,0),"Check"),"") -> Airtel | F1427: 46148 | H1427: FAT Box Installation | I1427: 1 | J1427: 500 | K1427: =IF(I1427<>"",J1427*I1427,0) -> 500 | L1427: 46142 | N1427: PO Awaited | P1427: =J1427 -> 500 | Q1427: =P1427*I1427 -> 500 | S1427: Invoice Awaited | U1427: =J1427 -> 500 | V1427: =I1427 -> 1 | W1427: =IF(V1427<>"",V1427*U1427,0) -> 500 | X1427: Sudhist Infocom Private Limited | Y1427: Punjab | Z1427: FY 2026-76 H1 Data
A1428: =A1427+1 -> 1426 | B1428: CM4020102 | C1428: =IF($B1428<>"",_xlfn.IFNA(VLOOKUP($B1428,'Node Details'!$B:$U,C$1,0),"Check"),"") -> 0000CM402-CM4020104 | D1428: =IF($B1428<>"",_xlfn.IFNA(VLOOKUP($B1428,'Node Details'!$B:$U,D$1,0),"Check"),"") -> CM4 | E1428: =IF($B1428<>"",_xlfn.IFNA(VLOOKUP($B1428,'Node Details'!$B:$U,E$1,0),"Check"),"") -> Airtel | F1428: 46148 | H1428: FAT Box Installation | I1428: 1 | J1428: 500 | K1428: =IF(I1428<>"",J1428*I1428,0) -> 500 | L1428: 46142 | N1428: PO Awaited | P1428: =J1428 -> 500 | Q1428: =P1428*I1428 -> 500 | S1428: Invoice Awaited | U1428: =J1428 -> 500 | V1428: =I1428 -> 1 | W1428: =IF(V1428<>"",V1428*U1428,0) -> 500 | X1428: Sudhist Infocom Private Limited | Y1428: Punjab | Z1428: FY 2026-76 H1 Data
A1429: =A1428+1 -> 1427 | B1429: CM4020103 | C1429: =IF($B1429<>"",_xlfn.IFNA(VLOOKUP($B1429,'Node Details'!$B:$U,C$1,0),"Check"),"") -> 0000CM402-CM4020104 | D1429: =IF($B1429<>"",_xlfn.IFNA(VLOOKUP($B1429,'Node Details'!$B:$U,D$1,0),"Check"),"") -> CM4 | E1429: =IF($B1429<>"",_xlfn.IFNA(VLOOKUP($B1429,'Node Details'!$B:$U,E$1,0),"Check"),"") -> Airtel | F1429: 46148 | H1429: FAT Box Installation | I1429: 1 | J1429: 500 | K1429: =IF(I1429<>"",J1429*I1429,0) -> 500 | L1429: 46142 | N1429: PO Awaited | P1429: =J1429 -> 500 | Q1429: =P1429*I1429 -> 500 | S1429: Invoice Awaited | U1429: =J1429 -> 500 | V1429: =I1429 -> 1 | W1429: =IF(V1429<>"",V1429*U1429,0) -> 500 | X1429: Sudhist Infocom Private Limited | Y1429: Punjab | Z1429: FY 2026-76 H1 Data
A1430: =A1429+1 -> 1428 | B1430: CM4020105 | C1430: =IF($B1430<>"",_xlfn.IFNA(VLOOKUP($B1430,'Node Details'!$B:$U,C$1,0),"Check"),"") -> 0000CM402-CM4020105 | D1430: =IF($B1430<>"",_xlfn.IFNA(VLOOKUP($B1430,'Node Details'!$B:$U,D$1,0),"Check"),"") -> CM4 | E1430: =IF($B1430<>"",_xlfn.IFNA(VLOOKUP($B1430,'Node Details'!$B:$U,E$1,0),"Check"),"") -> Airtel | F1430: 46148 | H1430: FAT Box Installation | I1430: 1 | J1430: 500 | K1430: =IF(I1430<>"",J1430*I1430,0) -> 500 | L1430: 46142 | N1430: PO Awaited | P1430: =J1430 -> 500 | Q1430: =P1430*I1430 -> 500 | S1430: Invoice Awaited | U1430: =J1430 -> 500 | V1430: =I1430 -> 1 | W1430: =IF(V1430<>"",V1430*U1430,0) -> 500 | X1430: Sudhist Infocom Private Limited | Y1430: Punjab | Z1430: FY 2026-76 H1 Data
A1431: =A1430+1 -> 1429 | B1431: CM4020106 | C1431: =IF($B1431<>"",_xlfn.IFNA(VLOOKUP($B1431,'Node Details'!$B:$U,C$1,0),"Check"),"") -> 0000CM402-CM4020108 | D1431: =IF($B1431<>"",_xlfn.IFNA(VLOOKUP($B1431,'Node Details'!$B:$U,D$1,0),"Check"),"") -> CM4 | E1431: =IF($B1431<>"",_xlfn.IFNA(VLOOKUP($B1431,'Node Details'!$B:$U,E$1,0),"Check"),"") -> Airtel | F1431: 46148 | H1431: FAT Box Installation | I1431: 1 | J1431: 500 | K1431: =IF(I1431<>"",J1431*I1431,0) -> 500 | L1431: 46142 | N1431: PO Awaited | P1431: =J1431 -> 500 | Q1431: =P1431*I1431 -> 500 | S1431: Invoice Awaited | U1431: =J1431 -> 500 | V1431: =I1431 -> 1 | W1431: =IF(V1431<>"",V1431*U1431,0) -> 500 | X1431: Sudhist Infocom Private Limited | Y1431: Punjab | Z1431: FY 2026-76 H1 Data
... A1736: =A1735+1 -> 1734 | B1736: CM4 | C1736: =IF($B1736<>"",_xlfn.IFNA(VLOOKUP($B1736,'Node Details'!$B:$U,C$1,0),"Check"),"") -> 000000CM4-0000CM418 | D1736: =IF($B1736<>"",_xlfn.IFNA(VLOOKUP($B1736,'Node Details'!$B:$U,D$1,0),"Check"),"") -> CM4 | E1736: =IF($B1736<>"",_xlfn.IFNA(VLOOKUP($B1736,'Node Details'!$B:$U,E$1,0),"Check"),"") -> Airtel | F1736: 46148 | H1736: Installation of 48F FMS | I1736: 1 | J1736: 2650 | K1736: =IF(I1736<>"",J1736*I1736,0) -> 2650 | L1736: 46142 | N1736: PO Awaited | P1736: =J1736 -> 2650 | Q1736: =P1736*I1736 -> 2650 | S1736: Invoice Awaited | U1736: =J1736 -> 2650 | V1736: =I1736 -> 1 | W1736: =IF(V1736<>"",V1736*U1736,0) -> 2650 | X1736: Sudhist Infocom Private Limited | Y1736: Punjab | Z1736: FY 2026-76 H1 Data

Sheet PO Details
A1: Sr No. | B1: PO No. | C1: PO Date | D1: PO Type (Fresh/Renewal) | E1: RSU | F1: RSU Name | G1: Lockin Period (Yrs) | H1: Fiber Type | I1: Fiber Rate (Yr 1) | J1: Fiber Rate (Yr 2) | K1: Fiber Rate (Yr 3) | L1: Fiber Rate (Yr 4) | M1: Fiber Rate (Yr 5) | N1: Fiber Length (Mtrs) | O1: Hoto Length (Mtrs) | P1: FAT Box (nos) | Q1: Fat Box Rate | R1: HP (nos) | S1: Pole (nos) | T1: Pole Rate | U1: Spiltter | V1: Spiltter Rate
A2: 1 | B2: 1 | C2: 45658 | H2: 6F | O2: =SUMIFS('Route-Details'!X:X,'Route-Details'!Z:Z,'PO Details'!B2,'Route-Details'!AA:AA,'PO Details'!C2,'Route-Details'!V:V,'PO Details'!H2) -> 0
A3: =A2+1 -> 2 | B3: 1 | C3: 45658 | H3: 12F | O3: =SUMIFS('Route-Details'!X:X,'Route-Details'!Z:Z,'PO Details'!B3,'Route-Details'!AA:AA,'PO Details'!C3,'Route-Details'!V:V,'PO Details'!H3) -> 0
A4: =A3+1 -> 3 | B4: 1 | C4: 45658 | H4: 24F | O4: =SUMIFS('Route-Details'!X:X,'Route-Details'!Z:Z,'PO Details'!B4,'Route-Details'!AA:AA,'PO Details'!C4,'Route-Details'!V:V,'PO Details'!H4) -> 0
A5: =A4+1 -> 4 | B5: 1 | C5: 45658 | H5: 48F | O5: =SUMIFS('Route-Details'!X:X,'Route-Details'!Z:Z,'PO Details'!B5,'Route-Details'!AA:AA,'PO Details'!C5,'Route-Details'!V:V,'PO Details'!H5) -> 0
A6: =A5+1 -> 5 | B6: 2 | C6: 45690 | H6: 6F | O6: =SUMIFS('Route-Details'!X:X,'Route-Details'!Z:Z,'PO Details'!B6,'Route-Details'!AA:AA,'PO Details'!C6,'Route-Details'!V:V,'PO Details'!H6) -> 0
A7: =A6+1 -> 6 | B7: 2 | C7: 45690 | H7: 12F | O7: =SUMIFS('Route-Details'!X:X,'Route-Details'!Z:Z,'PO Details'!B7,'Route-Details'!AA:AA,'PO Details'!C7,'Route-Details'!V:V,'PO Details'!H7) -> 0
A8: =A7+1 -> 7 | B8: 2 | C8: 45690 | H8: 24F | O8: =SUMIFS('Route-Details'!X:X,'Route-Details'!Z:Z,'PO Details'!B8,'Route-Details'!AA:AA,'PO Details'!C8,'Route-Details'!V:V,'PO Details'!H8) -> 0
A9: =A8+1 -> 8 | B9: 2 | C9: 45690 | H9: 48F | O9: =SUMIFS('Route-Details'!X:X,'Route-Details'!Z:Z,'PO Details'!B9,'Route-Details'!AA:AA,'PO Details'!C9,'Route-Details'!V:V,'PO Details'!H9) -> 0

Sheet Other Revenue
A1: Sr No. | B1: Circle | C1: RSU | D1: HOTO Date | E1: Lockin Period | F1: FAT Box | G1: FAT Box Rate | H1: Pole | I1: Pole Rate | J1: Spiltter | K1: Spiltter Rate
A2: 1
A3: =A2+1 -> 2
A4: =A3+1 -> 3
A5: =A4+1 -> 4
A6: =A5+1 -> 5
A7: =A6+1 -> 6
A8: =A7+1 -> 7
A9: =A8+1 -> 8

Sheet HP
C1: Original HOTO | S1: 1st Revised HOTO | AF1: 2nd Revised HOTO | AS1: 3rd Revised HOTO | BF1: 4th Revised HOTO | BS1: 5th Revised HOTO
A2: Sr No. | B2: Circle | C2: Cluster Name | D2: Fiber Capacity | E2: HOTO Date | F2: Fiber Length as per HOTO | G2: Planned FAT | H2: Actual Deployed FAT | I2: %Penetration FAT | J2: Planned HP | K2: Actual Home Pass | L2: %Penetration HP | M2: Max (HP/FAT) Penetration % | N2: Penetration Slab | O2: Cluster ID | P2: Cluster ID As per Master Tracker | Q2: check Point | S2: Revised HOTO Signoff Received date | T2: Fiber Type | U2: Revised HOTO Date | V2: Fiber Length as per HOTO | W2: Planned FAT | X2: Actual Deployed FAT | Y2: %Penetration FAT | Z2: Planned HP | AA2: Actual Home Pass | AB2: %Penetration HP | AC2: Max (HP/FAT) Penetration % | AD2: Penetration Slab | AF2: Revised HOTO Signoff date | AG2: Fiber Type | AH2: Revised HOTO Date | AI2: Fiber Length as per HOTO | AJ2: Planned FAT | AK2: Actual Deployed FAT | AL2: %Penetration FAT | AM2: Planned HP | AN2: Actual Home Pass | AO2: %Penetration HP | AP2: Max (HP/FAT) Penetration % | AQ2: Penetration Slab | AS2: Revised HOTO Signoff date | AT2: Fiber Type | AU2: Revised HOTO Date | AV2: Fiber Length as per HOTO | AW2: Planned FAT | AX2: Actual Deployed FAT | AY2: %Penetration FAT | AZ2: Planned HP | BA2: Actual Home Pass | BB2: %Penetration HP | BC2: Max (HP/FAT) Penetration % | BD2: Penetration Slab | BF2: Revised HOTO Signoff date | BG2: Fiber Type | BH2: Revised HOTO Date | BI2: Fiber Length as per HOTO | BJ2: Planned FAT | BK2: Actual Deployed FAT | BL2: %Penetration FAT | BM2: Planned HP | BN2: Actual Home Pass | BO2: %Penetration HP | BP2: Max (HP/FAT) Penetration % | BQ2: Penetration Slab | BS2: Revised HOTO Signoff date | BT2: Fiber Type | BU2: Revised HOTO Date | BV2: Fiber Length as per HOTO | BW2: Planned FAT | BX2: Actual Deployed FAT | BY2: %Penetration FAT | BZ2: Planned HP | CA2: Actual Home Pass | CB2: %Penetration HP | CC2: Max (HP/FAT) Penetration % | CD2: Penetration Slab
A3: 1 | B3: Chandigarh | C3: AXZ | D3: 6F | E3: 46110 | F3: 0 | G3: 34 | H3: 34 | I3: =IF(AND(G3=0,H3=0),IF(AND(G3="",H3=""),0,1),IF(H3<>"",H3/G3,"")) -> 1 | J3: 328 | K3: 328 | L3: =IF(K3<>"",K3/J3,"") -> 1 | M3: =IF(L3<>"",MAX(I3,L3),"") -> 1 | N3: =IF($M3<>"",IF($M3<50%,0%,IF($M3<80%,$M3,100%)),"") -> 1 | O3: AXZ | P3: AXZ | Q3: =IF(P3="","Check",_xlfn.XLOOKUP(P3,'Route-Details'!M:M,'Route-Details'!M:M)=P3) -> TRUE
A4: =IF(C4<>"",A3+1,"") -> 2 | B4: Chandigarh | C4: AXZ | D4: 12F | E4: 46110 | F4: 1673 | G4: 34 | H4: 34 | I4: =IF(H4<>"",H4/G4,"") -> 1 | J4: 328 | K4: 328 | L4: =IF(K4<>"",K4/J4,"") -> 1 | M4: =IF(L4<>"",MAX(I4,L4),"") -> 1 | N4: =IF($M4<>"",IF($M4<50%,0%,IF($M4<80%,$M4,100%)),"") -> 1 | O4: AXZ | P4: AXZ | Q4: =IF(P4="","Check",_xlfn.XLOOKUP(P4,'Route-Details'!M:M,'Route-Details'!M:M)=P4) -> TRUE
A5: =IF(C5<>"",A4+1,"") -> 3 | B5: Chandigarh | C5: AXZ | D5: 24F | E5: 46110 | F5: 817 | G5: 34 | H5: 34 | I5: =IF(H5<>"",H5/G5,"") -> 1 | J5: 328 | K5: 328 | L5: =IF(K5<>"",K5/J5,"") -> 1 | M5: =IF(L5<>"",MAX(I5,L5),"") -> 1 | N5: =IF($M5<>"",IF($M5<50%,0%,IF($M5<80%,$M5,100%)),"") -> 1 | O5: AXZ | P5: AXZ | Q5: =IF(P5="","Check",_xlfn.XLOOKUP(P5,'Route-Details'!M:M,'Route-Details'!M:M)=P5) -> TRUE
A6: =IF(C6<>"",A5+1,"") -> 4 | B6: Chandigarh | C6: AXZ | D6: 48F | E6: 46110 | F6: 0 | G6: 34 | H6: 34 | I6: =IF(H6<>"",H6/G6,"") -> 1 | J6: 328 | K6: 328 | L6: =IF(K6<>"",K6/J6,"") -> 1 | M6: =IF(L6<>"",MAX(I6,L6),"") -> 1 | N6: =IF($M6<>"",IF($M6<50%,0%,IF($M6<80%,$M6,100%)),"") -> 1 | O6: AXZ | P6: AXZ | Q6: =IF(P6="","Check",_xlfn.XLOOKUP(P6,'Route-Details'!M:M,'Route-Details'!M:M)=P6) -> TRUE
A7: =IF(C7<>"",A6+1,"") -> 5 | B7: Chandigarh | C7: AXY | D7: 6F | E7: 46113 | F7: 0 | G7: 156 | H7: 128 | I7: =IF(H7<>"",H7/G7,"") -> 0.82051282 | J7: 1880 | K7: 1576 | L7: =IF(K7<>"",K7/J7,"") -> 0.83829787 | M7: =IF(L7<>"",MAX(I7,L7),"") -> 0.83829787 | N7: =IF($M7<>"",IF($M7<50%,0%,IF($M7<80%,$M7,100%)),"") -> 1 | O7: AXY | P7: AXY | Q7: =IF(P7="","Check",_xlfn.XLOOKUP(P7,'Route-Details'!M:M,'Route-Details'!M:M)=P7) -> TRUE
A8: =IF(C8<>"",A7+1,"") -> 6 | B8: Chandigarh | C8: AXY | D8: 12F | E8: 46113 | F8: 4450 | G8: 156 | H8: 128 | I8: =IF(H8<>"",H8/G8,"") -> 0.82051282 | J8: 1880 | K8: 1576 | L8: =IF(K8<>"",K8/J8,"") -> 0.83829787 | M8: =IF(L8<>"",MAX(I8,L8),"") -> 0.83829787 | N8: =IF($M8<>"",IF($M8<50%,0%,IF($M8<80%,$M8,100%)),"") -> 1 | O8: AXY | P8: AXY | Q8: =IF(P8="","Check",_xlfn.XLOOKUP(P8,'Route-Details'!M:M,'Route-Details'!M:M)=P8) -> TRUE
A9: =IF(C9<>"",A8+1,"") -> 7 | B9: Chandigarh | C9: AXY | D9: 24F | E9: 46113 | F9: 1454 | G9: 156 | H9: 128 | I9: =IF(H9<>"",H9/G9,"") -> 0.82051282 | J9: 1880 | K9: 1576 | L9: =IF(K9<>"",K9/J9,"") -> 0.83829787 | M9: =IF(L9<>"",MAX(I9,L9),"") -> 0.83829787 | N9: =IF($M9<>"",IF($M9<50%,0%,IF($M9<80%,$M9,100%)),"") -> 1 | O9: AXY | P9: AXY | Q9: =IF(P9="","Check",_xlfn.XLOOKUP(P9,'Route-Details'!M:M,'Route-Details'!M:M)=P9) -> TRUE
A10: =IF(C10<>"",A9+1,"") -> 8 | B10: Chandigarh | C10: AXY | D10: 48F | E10: 46113 | F10: 1400 | G10: 156 | H10: 128 | I10: =IF(H10<>"",H10/G10,"") -> 0.82051282 | J10: 1880 | K10: 1576 | L10: =IF(K10<>"",K10/J10,"") -> 0.83829787 | M10: =IF(L10<>"",MAX(I10,L10),"") -> 0.83829787 | N10: =IF($M10<>"",IF($M10<50%,0%,IF($M10<80%,$M10,100%)),"") -> 1 | O10: AXY | P10: AXY | Q10: =IF(P10="","Check",_xlfn.XLOOKUP(P10,'Route-Details'!M:M,'Route-Details'!M:M)=P10) -> TRUE
A11: =IF(C11<>"",A10+1,"") -> 9 | B11: Chandigarh | C11: AXW | D11: 6F | E11: 46114 | F11: 0 | G11: 188 | H11: 170 | I11: =IF(H11<>"",H11/G11,"") -> 0.90425532 | J11: 2384 | K11: 2176 | L11: =IF(K11<>"",K11/J11,"") -> 0.91275168 | M11: =IF(L11<>"",MAX(I11,L11),"") -> 0.91275168 | N11: =IF($M11<>"",IF($M11<50%,0%,IF($M11<80%,$M11,100%)),"") -> 1 | O11: AXW | P11: AXW | Q11: =IF(P11="","Check",_xlfn.XLOOKUP(P11,'Route-Details'!M:M,'Route-Details'!M:M)=P11) -> TRUE
A12: =IF(C12<>"",A11+1,"") -> 10 | B12: Chandigarh | C12: AXW | D12: 12F | E12: 46114 | F12: 5267 | G12: 188 | H12: 170 | I12: =IF(H12<>"",H12/G12,"") -> 0.90425532 | J12: 2384 | K12: 2176 | L12: =IF(K12<>"",K12/J12,"") -> 0.91275168 | M12: =IF(L12<>"",MAX(I12,L12),"") -> 0.91275168 | N12: =IF($M12<>"",IF($M12<50%,0%,IF($M12<80%,$M12,100%)),"") -> 1 | O12: AXW | P12: AXW | Q12: =IF(P12="","Check",_xlfn.XLOOKUP(P12,'Route-Details'!M:M,'Route-Details'!M:M)=P12) -> TRUE
A13: =IF(C13<>"",A12+1,"") -> 11 | B13: Chandigarh | C13: AXW | D13: 24F | E13: 46114 | F13: 1153 | G13: 188 | H13: 170 | I13: =IF(H13<>"",H13/G13,"") -> 0.90425532 | J13: 2384 | K13: 2176 | L13: =IF(K13<>"",K13/J13,"") -> 0.91275168 | M13: =IF(L13<>"",MAX(I13,L13),"") -> 0.91275168 | N13: =IF($M13<>"",IF($M13<50%,0%,IF($M13<80%,$M13,100%)),"") -> 1 | O13: AXW | P13: AXW | Q13: =IF(P13="","Check",_xlfn.XLOOKUP(P13,'Route-Details'!M:M,'Route-Details'!M:M)=P13) -> TRUE
A14: =IF(C14<>"",A13+1,"") -> 12 | B14: Chandigarh | C14: AXW | D14: 48F | E14: 46114 | F14: 2250 | G14: 188 | H14: 170 | I14: =IF(H14<>"",H14/G14,"") -> 0.90425532 | J14: 2384 | K14: 2176 | L14: =IF(K14<>"",K14/J14,"") -> 0.91275168 | M14: =IF(L14<>"",MAX(I14,L14),"") -> 0.91275168 | N14: =IF($M14<>"",IF($M14<50%,0%,IF($M14<80%,$M14,100%)),"") -> 1 | O14: AXW | P14: AXW | Q14: =IF(P14="","Check",_xlfn.XLOOKUP(P14,'Route-Details'!M:M,'Route-Details'!M:M)=P14) -> TRUE
A15: =IF(C15<>"",A14+1,"") -> 13 | B15: Chandigarh | C15: CM4 | D15: 6F | E15: 46148 | F15: 0 | G15: 163 | H15: 103 | I15: =IF(H15<>"",H15/G15,"") -> 0.63190184 | J15: 2496 | K15: 1544 | L15: =IF(K15<>"",K15/J15,"") -> 0.61858974 | M15: =IF(L15<>"",MAX(I15,L15),"") -> 0.63190184 | N15: =IF($M15<>"",IF($M15<50%,0%,IF($M15<80%,$M15,100%)),"") -> 0.63190184 | O15: CM4 | P15: CM4
A16: =IF(C16<>"",A15+1,"") -> 14 | B16: Chandigarh | C16: CM4 | D16: 12F | E16: 46148 | F16: 5408 | G16: 163 | H16: 103 | I16: =IF(H16<>"",H16/G16,"") -> 0.63190184 | J16: 2496 | K16: 1544 | L16: =IF(K16<>"",K16/J16,"") -> 0.61858974 | M16: =IF(L16<>"",MAX(I16,L16),"") -> 0.63190184 | N16: =IF($M16<>"",IF($M16<50%,0%,IF($M16<80%,$M16,100%)),"") -> 0.63190184 | O16: CM4 | P16: CM4
A17: =IF(C17<>"",A16+1,"") -> 15 | B17: Chandigarh | C17: CM4 | D17: 24F | E17: 46148 | F17: 1553 | G17: 163 | H17: 103 | I17: =IF(H17<>"",H17/G17,"") -> 0.63190184 | J17: 2496 | K17: 1544 | L17: =IF(K17<>"",K17/J17,"") -> 0.61858974 | M17: =IF(L17<>"",MAX(I17,L17),"") -> 0.63190184 | N17: =IF($M17<>"",IF($M17<50%,0%,IF($M17<80%,$M17,100%)),"") -> 0.63190184 | O17: CM4 | P17: CM4
A18: =IF(C18<>"",A17+1,"") -> 16 | B18: Chandigarh | C18: CM4 | D18: 48F | E18: 46148 | F18: 2237 | G18: 163 | H18: 103 | I18: =IF(H18<>"",H18/G18,"") -> 0.63190184 | J18: 2496 | K18: 1544 | L18: =IF(K18<>"",K18/J18,"") -> 0.61858974 | M18: =IF(L18<>"",MAX(I18,L18),"") -> 0.63190184 | N18: =IF($M18<>"",IF($M18<50%,0%,IF($M18<80%,$M18,100%)),"") -> 0.63190184 | O18: CM4 | P18: CM4
A19: =IF(C19<>"",A18+1,"") -> 17 | B19: Chandigarh | C19: CM3 | D19: 6F | E19: 46149 | F19: 229 | G19: 173 | H19: 151 | I19: =IF(H19<>"",H19/G19,"") -> 0.87283237 | J19: 2760 | K19: 2408 | L19: =IF(K19<>"",K19/J19,"") -> 0.87246377 | M19: =IF(L19<>"",MAX(I19,L19),"") -> 0.87283237 | N19: =IF($M19<>"",IF($M19<50%,0%,IF($M19<80%,$M19,100%)),"") -> 1 | O19: CM3 | P19: CM3
A20: =IF(C20<>"",A19+1,"") -> 18 | B20: Chandigarh | C20: CM3 | D20: 12F | E20: 46149 | F20: 6023 | G20: 173 | H20: 151 | I20: =IF(H20<>"",H20/G20,"") -> 0.87283237 | J20: 2760 | K20: 2408 | L20: =IF(K20<>"",K20/J20,"") -> 0.87246377 | M20: =IF(L20<>"",MAX(I20,L20),"") -> 0.87283237 | N20: =IF($M20<>"",IF($M20<50%,0%,IF($M20<80%,$M20,100%)),"") -> 1 | O20: CM3 | P20: CM3
A21: =IF(C21<>"",A20+1,"") -> 19 | B21: Chandigarh | C21: CM3 | D21: 24F | E21: 46149 | F21: 333 | G21: 173 | H21: 151 | I21: =IF(H21<>"",H21/G21,"") -> 0.87283237 | J21: 2760 | K21: 2408 | L21: =IF(K21<>"",K21/J21,"") -> 0.87246377 | M21: =IF(L21<>"",MAX(I21,L21),"") -> 0.87283237 | N21: =IF($M21<>"",IF($M21<50%,0%,IF($M21<80%,$M21,100%)),"") -> 1 | O21: CM3 | P21: CM3
A22: =IF(C22<>"",A21+1,"") -> 20 | B22: Chandigarh | C22: CM3 | D22: 48F | E22: 46149 | F22: 2984 | G22: 173 | H22: 151 | I22: =IF(H22<>"",H22/G22,"") -> 0.87283237 | J22: 2760 | K22: 2408 | L22: =IF(K22<>"",K22/J22,"") -> 0.87246377 | M22: =IF(L22<>"",MAX(I22,L22),"") -> 0.87283237 | N22: =IF($M22<>"",IF($M22<50%,0%,IF($M22<80%,$M22,100%)),"") -> 1 | O22: CM3 | P22: CM3
A23: =IF(C23<>"",A22+1,"") | I23: =IF(H23<>"",H23/G23,"") | L23: =IF(K23<>"",K23/J23,"") | M23: =IF(L23<>"",MAX(I23,L23),"") | N23: =IF($M23<>"",IF($M23<50%,0%,IF($M23<80%,$M23,100%)),"")
A24: =IF(C24<>"",A23+1,"") | I24: =IF(H24<>"",H24/G24,"") | L24: =IF(K24<>"",K24/J24,"") | M24: =IF(L24<>"",MAX(I24,L24),"") | N24: =IF($M24<>"",IF($M24<50%,0%,IF($M24<80%,$M24,100%)),"")
A25: =IF(C25<>"",A24+1,"") | I25: =IF(H25<>"",H25/G25,"") | L25: =IF(K25<>"",K25/J25,"") | M25: =IF(L25<>"",MAX(I25,L25),"") | N25: =IF($M25<>"",IF($M25<50%,0%,IF($M25<80%,$M25,100%)),"")
A26: =IF(C26<>"",A25+1,"") | I26: =IF(H26<>"",H26/G26,"") | L26: =IF(K26<>"",K26/J26,"") | M26: =IF(L26<>"",MAX(I26,L26),"") | N26: =IF($M26<>"",IF($M26<50%,0%,IF($M26<80%,$M26,100%)),"")
A27: =IF(C27<>"",A26+1,"") | I27: =IF(H27<>"",H27/G27,"") | L27: =IF(K27<>"",K27/J27,"") | M27: =IF(L27<>"",MAX(I27,L27),"") | N27: =IF($M27<>"",IF($M27<50%,0%,IF($M27<80%,$M27,100%)),"")
A28: =IF(C28<>"",A27+1,"") | I28: =IF(H28<>"",H28/G28,"") | L28: =IF(K28<>"",K28/J28,"") | M28: =IF(L28<>"",MAX(I28,L28),"") | N28: =IF($M28<>"",IF($M28<50%,0%,IF($M28<80%,$M28,100%)),"")
A29: =IF(C29<>"",A28+1,"") | I29: =IF(H29<>"",H29/G29,"") | L29: =IF(K29<>"",K29/J29,"") | M29: =IF(L29<>"",MAX(I29,L29),"") | N29: =IF($M29<>"",IF($M29<50%,0%,IF($M29<80%,$M29,100%)),"")
A30: =IF(C30<>"",A29+1,"") | I30: =IF(H30<>"",H30/G30,"") | L30: =IF(K30<>"",K30/J30,"") | M30: =IF(L30<>"",MAX(I30,L30),"") | N30: =IF($M30<>"",IF($M30<50%,0%,IF($M30<80%,$M30,100%)),"")
A31: =IF(C31<>"",A30+1,"") | I31: =IF(H31<>"",H31/G31,"") | L31: =IF(K31<>"",K31/J31,"") | M31: =IF(L31<>"",MAX(I31,L31),"") | N31: =IF($M31<>"",IF($M31<50%,0%,IF($M31<80%,$M31,100%)),"")
A32: =IF(C32<>"",A31+1,"") | I32: =IF(H32<>"",H32/G32,"") | L32: =IF(K32<>"",K32/J32,"") | M32: =IF(L32<>"",MAX(I32,L32),"") | N32: =IF($M32<>"",IF($M32<50%,0%,IF($M32<80%,$M32,100%)),"")
A33: =IF(C33<>"",A32+1,"") | I33: =IF(H33<>"",H33/G33,"") | L33: =IF(K33<>"",K33/J33,"") | M33: =IF(L33<>"",MAX(I33,L33),"") | N33: =IF($M33<>"",IF($M33<50%,0%,IF($M33<80%,$M33,100%)),"")
A34: =IF(C34<>"",A33+1,"") | I34: =IF(H34<>"",H34/G34,"") | L34: =IF(K34<>"",K34/J34,"") | M34: =IF(L34<>"",MAX(I34,L34),"") | N34: =IF($M34<>"",IF($M34<50%,0%,IF($M34<80%,$M34,100%)),"")
... A299: =IF(C299<>"",A298+1,"") | I299: =IF(H299<>"",H299/G299,"") | L299: =IF(K299<>"",K299/J299,"") | M299: =IF(L299<>"",MAX(I299,L299),"") | N299: =IF($M299<>"",IF($M299<50%,0%,IF($M299<80%,$M299,100%)),"")
