Workbook

Sheet Terminologies

Sheet Instructions
A1: Sr No | B1: Particulars
A2: 1 | B2: Each Region will have a unique Area Name, OLT ID & Cluster ID.
A3: =A2+1 -> 2 | B3: Every FAT/OLD/FDC/JC will have a unique ID.
A4: =A3+1 -> 3 | B4: Each entity as mentioned in above pt, will have a separate row & respective entry in the tracker | R4: Item Name
A5: =A4+1 -> 4 | B5: Kindly refer Terminologies sheet for model understanding. Alternatively you can also use respective SLDs for the same | R5: FDC
A6: =A5+1 -> 5 | B6: For filling the trackers, regional teams will have to fill cells where Headings are not highlighted. | R6: FAT Box
A7: =A6+1 -> 6 | B7: Central Team will be filling data for cells where Headings are highlighted in Yellow | R7: Duct
A8: =A7+1 -> 7 | B8: Kindly do not fill any cell where headings are highlighted in Green. | R8: Primary Splitter
A9: =A8+1 -> 8 | B9: For all FAT/FDC there will be an entry of separate row in "Node Details" sheet.
A10: =A9+1 -> 9 | B10: Any extension of current path,route will be treated as a new route.
A11: =A10+1 -> 10 | B11: Any new branch getting deployed from same common FAT/FDC which is not part of existing route shall be treated as a New Route.
A12: =A11+1 -> 11 | B12: Fiber Material & Fiber Execution service details are to be entered in "Route Details" & "Node Details" sheet only.
A13: =A12+1 -> 12 | B13: Tracker has to be filled all routes that are RFS/Deployed irrespective of Sign-off.
A14: =A13+1 -> 13 | B14: Billing start date will be HOTO date, when penetration % is >=50% | R14: Secondary Splitter
A15: =A14+1 -> 14 | B15: Kindly enter date in DD_MMM_YYYY format for all columns where date has to be entered. | R15: Pigtail
A16: =A15+1 -> 15 | B16: Kindly do not alter format of the sheet, i.e add or delete rows/columns or do any formatting changes. | R16: Patch Cords
R17: Tiffin Box
R18: FMS

Sheet Route-Details
O1: =SUBTOTAL(9,O3:O1048576) -> 7827 | W1: =SUBTOTAL(9,W3:W1048576) -> 7827 | X1: =SUBTOTAL(9,X3:X1048576) -> 7827 | AE1: =SUBTOTAL(9,AE3:AE1048576) -> 7827 | AL1: =SUBTOTAL(9,AL3:AL1048576) -> 7827 | BB1: =SUBTOTAL(9,BB3:BB1048576) -> 7827 | BC1: =SUBTOTAL(9,BC3:BC1048576) -> 156540
A2: Sr No | B2: Unique Route ID | C2: FDC/FAT Unique ID (Start Point) | D2: Start point Latlong | E2: FDC/FAT Unique ID (End Point) | F2: End point Latlong | G2: Customer | H2: Area Name | I2: City | J2: Telecom Circle | K2: State | L2: OLT ID | M2: Cluster ID | N2: Online AT Date (Delivered) | O2: Online AT Length (Delivered) | P2: HOTO Date | Q2: HOTO Signoff Date | R2: Start Date (Date from which we can bill) | S2: Lock-in Period | T2: Surrender Date | U2: Fresh Delivery/Renewal | V2: Fiber Capacity | W2: OTDR length (in meters) | X2: Customer Billable length (in meters) | Z2: Customer PO no | AA2: PO length | AB2: PO Date | AC2: PO Rate | AE2: Fiber length deployed/used (in meters) | AF2: Fiber Type | AG2: Fiber Capacity | AH2: Fiber Rate per meter (incl Freight) | AI2: Fiber Material Cost | AK2: Execution Vendor Name | AL2: Vendor Billable Length (Fiber laying) | AM2: Fiber Laying Rate | AN2: Fiber Laying/Execution Cost | AO2: OTM Length | AP2: OTM Execution Rate | AQ2: OTM Cost | AR2: Total Vendor Cost | AT2: Vendor PO No | AU2: Vendor PO Date | AV2: Vendor PO Rate | AW2: Vendor PO Cost | AY2: Vendor Invoice No | AZ2: Vendor Invoice Date | BA2: Vendor Invoice Rate | BB2: Vendor Invoiced length | BC2: Invoice Amt
A3: 1 | B3: 0000001GF-00001GF12 | C3: 1GF | D3: R-1 | E3: 1GF12 | G3: Airtel | H3: Gorai | I3: Mumbai | J3: Mumbai | K3: Maharashtra | L3: 1GF | M3: 1GF | N3: 45141 | O3: 829 | P3: 45379 | Q3: 45379 | V3: 24F | W3: =O3 -> 829 | X3: =W3 -> 829 | Z3: BAL-ANG-UASL-Mumbai-Maharashtra/PUR/100 04346 | AA3: 3500 | AB3: 45181 | AC3: 122 | AE3: =X3 -> 829 | AF3: UA | AG3: 24F | AH3: 122 | AI3: =IF(AE3<>"",AH3*AE3,0) -> 101138 | AK3: Sudhist Enterprises | AL3: =AE3 -> 829 | AM3: 20 | AN3: =IF(AL3<>"",AM3*AL3,0) -> 16580 | AQ3: =IF(AO3<>"",AP3*AO3,0) -> 0 | AR3: =AQ3+AN3 -> 16580 | AT3: ETIL-PUR-ORD-23-10-00058 | AU3: 45211 | AV3: =AM3 -> 20 | AW3: =AV3*AL3 -> 16580 | AY3: SE/361 BG | AZ3: 45257 | BA3: =AM3 -> 20 | BB3: =AL3 -> 829 | BC3: =IF(BB3<>"",BB3*BA3,0) -> 16580
A4: =IF(B4<>"",A3+1,"") -> 2 | B4: 00001GF22-0000001GF | C4: 1GF22 | D4: R-2 | E4: 1GF | G4: Airtel | H4: Gorai | I4: Mumbai | J4: Mumbai | K4: Maharashtra | L4: 1GF | M4: 1GF | N4: 45141 | O4: 800 | P4: 45379 | Q4: 45379 | V4: 24F | W4: =O4 -> 800 | X4: =W4 -> 800 | Z4: BAL-ANG-UASL-Mumbai-Maharashtra/PUR/100 04346 | AA4: 3500 | AB4: 45181 | AC4: 122 | AE4: =X4 -> 800 | AF4: UA | AG4: 24F | AH4: 122 | AI4: =IF(AE4<>"",AH4*AE4,0) -> 97600 | AK4: Sudhist Enterprises | AL4: =AE4 -> 800 | AM4: 20 | AN4: =IF(AL4<>"",AM4*AL4,0) -> 16000 | AQ4: =IF(AO4<>"",AP4*AO4,0) -> 0 | AR4: =AQ4+AN4 -> 16000 | AT4: ETIL-PUR-ORD-23-10-00058 | AU4: 45211 | AV4: =AM4 -> 20 | AW4: =AV4*AL4 -> 16000 | AY4: SE/361 BG | AZ4: 45257 | BA4: =AM4 -> 20 | BB4: =AL4 -> 800 | BC4: =IF(BB4<>"",BB4*BA4,0) -> 16000
A5: =IF(B5<>"",A4+1,"") -> 3 | B5: 00001GF12-00001GF22 | C5: 1GF12 | D5: R-3 | E5: 1GF22 | G5: Airtel | H5: Gorai | I5: Mumbai | J5: Mumbai | K5: Maharashtra | L5: 1GF | M5: 1GF | N5: 45141 | O5: 1285 | P5: 45379 | Q5: 45379 | V5: 12F | W5: =O5 -> 1285 | X5: =W5 -> 1285 | Z5: BAL-ANG-UASL-Mumbai-Maharashtra/PUR/100 04346 | AA5: 14000 | AB5: 45181 | AC5: 102 | AE5: =X5 -> 1285 | AF5: UA | AG5: 12F | AH5: 102 | AI5: =IF(AE5<>"",AH5*AE5,0) -> 131070 | AK5: Sudhist Enterprises | AL5: =AE5 -> 1285 | AM5: 20 | AN5: =IF(AL5<>"",AM5*AL5,0) -> 25700 | AQ5: =IF(AO5<>"",AP5*AO5,0) -> 0 | AR5: =AQ5+AN5 -> 25700 | AT5: ETIL-PUR-ORD-23-10-00058 | AU5: 45211 | AV5: =AM5 -> 20 | AW5: =AV5*AL5 -> 25700 | AY5: SE/361 BG | AZ5: 45257 | BA5: =AM5 -> 20 | BB5: =AL5 -> 1285 | BC5: =IF(BB5<>"",BB5*BA5,0) -> 25700
A6: =IF(B6<>"",A5+1,"") -> 4 | B6: 00001GF12-1GF120106 | C6: 1GF12 | D6: R-4 | E6: 1GF120106 | G6: Airtel | H6: Gorai | I6: Mumbai | J6: Mumbai | K6: Maharashtra | L6: 1GF | M6: 1GF | N6: 45141 | O6: 348 | P6: 45379 | Q6: 45379 | V6: 24F | W6: =O6 -> 348 | X6: =W6 -> 348 | Z6: BAL-ANG-UASL-Mumbai-Maharashtra/PUR/100 04346 | AA6: 3500 | AB6: 45181 | AC6: 122 | AE6: =X6 -> 348 | AF6: UA | AG6: 24F | AH6: 122 | AI6: =IF(AE6<>"",AH6*AE6,0) -> 42456 | AK6: Sudhist Enterprises | AL6: =AE6 -> 348 | AM6: 20 | AN6: =IF(AL6<>"",AM6*AL6,0) -> 6960 | AQ6: =IF(AO6<>"",AP6*AO6,0) -> 0 | AR6: =AQ6+AN6 -> 6960 | AT6: ETIL-PUR-ORD-23-10-00058 | AU6: 45211 | AV6: =AM6 -> 20 | AW6: =AV6*AL6 -> 6960 | AY6: SE/361 BG | AZ6: 45257 | BA6: =AM6 -> 20 | BB6: =AL6 -> 348 | BC6: =IF(BB6<>"",BB6*BA6,0) -> 6960
A7: =IF(B7<>"",A6+1,"") -> 5 | B7: 00001GF13-1GF130106 | C7: 1GF13 | D7: R-5 | E7: 1GF130106 | G7: Airtel | H7: Gorai | I7: Mumbai | J7: Mumbai | K7: Maharashtra | L7: 1GF | M7: 1GF | N7: 45141 | O7: 401 | P7: 45379 | Q7: 45379 | V7: 12F | W7: =O7 -> 401 | X7: =W7 -> 401 | Z7: BAL-ANG-UASL-Mumbai-Maharashtra/PUR/100 04346 | AA7: 14000 | AB7: 45181 | AC7: 102 | AE7: =X7 -> 401 | AF7: UA | AG7: 12F | AH7: 102 | AI7: =IF(AE7<>"",AH7*AE7,0) -> 40902 | AK7: Sudhist Enterprises | AL7: =AE7 -> 401 | AM7: 20 | AN7: =IF(AL7<>"",AM7*AL7,0) -> 8020 | AQ7: =IF(AO7<>"",AP7*AO7,0) -> 0 | AR7: =AQ7+AN7 -> 8020 | AT7: ETIL-PUR-ORD-23-10-00058 | AU7: 45211 | AV7: =AM7 -> 20 | AW7: =AV7*AL7 -> 8020 | AY7: SE/361 BG | AZ7: 45257 | BA7: =AM7 -> 20 | BB7: =AL7 -> 401 | BC7: =IF(BB7<>"",BB7*BA7,0) -> 8020
A8: =IF(B8<>"",A7+1,"") -> 6 | B8: 00001GF14-1GF140107 | C8: 1GF14 | D8: R-6 | E8: 1GF140107 | G8: Airtel | H8: Gorai | I8: Mumbai | J8: Mumbai | K8: Maharashtra | L8: 1GF | M8: 1GF | N8: 45141 | O8: 427 | P8: 45379 | Q8: 45379 | V8: 12F | W8: =O8 -> 427 | X8: =W8 -> 427 | Z8: BAL-ANG-UASL-Mumbai-Maharashtra/PUR/100 04346 | AA8: 14000 | AB8: 45181 | AC8: 102 | AE8: =X8 -> 427 | AF8: UA | AG8: 12F | AH8: 102 | AI8: =IF(AE8<>"",AH8*AE8,0) -> 43554 | AK8: Sudhist Enterprises | AL8: =AE8 -> 427 | AM8: 20 | AN8: =IF(AL8<>"",AM8*AL8,0) -> 8540 | AQ8: =IF(AO8<>"",AP8*AO8,0) -> 0 | AR8: =AQ8+AN8 -> 8540 | AT8: ETIL-PUR-ORD-23-10-00058 | AU8: 45211 | AV8: =AM8 -> 20 | AW8: =AV8*AL8 -> 8540 | AY8: SE/361 BG | AZ8: 45257 | BA8: =AM8 -> 20 | BB8: =AL8 -> 427 | BC8: =IF(BB8<>"",BB8*BA8,0) -> 8540
A9: =IF(B9<>"",A8+1,"") -> 7 | B9: 00001GF15-1GF150107 | C9: 1GF15 | D9: R-7 | E9: 1GF150107 | G9: Airtel | H9: Gorai | I9: Mumbai | J9: Mumbai | K9: Maharashtra | L9: 1GF | M9: 1GF | N9: 45141 | O9: 631 | P9: 45379 | Q9: 45379 | V9: 12F | W9: =O9 -> 631 | X9: =W9 -> 631 | Z9: BAL-ANG-UASL-Mumbai-Maharashtra/PUR/100 04346 | AA9: 14000 | AB9: 45181 | AC9: 102 | AE9: =X9 -> 631 | AF9: UA | AG9: 12F | AH9: 102 | AI9: =IF(AE9<>"",AH9*AE9,0) -> 64362 | AK9: Sudhist Enterprises | AL9: =AE9 -> 631 | AM9: 20 | AN9: =IF(AL9<>"",AM9*AL9,0) -> 12620 | AQ9: =IF(AO9<>"",AP9*AO9,0) -> 0 | AR9: =AQ9+AN9 -> 12620 | AT9: ETIL-PUR-ORD-23-10-00058 | AU9: 45211 | AV9: =AM9 -> 20 | AW9: =AV9*AL9 -> 12620 | AY9: SE/361 BG | AZ9: 45257 | BA9: =AM9 -> 20 | BB9: =AL9 -> 631 | BC9: =IF(BB9<>"",BB9*BA9,0) -> 12620
A10: =IF(B10<>"",A9+1,"") -> 8 | B10: 00001GF16-1GF160107 | C10: 1GF16 | D10: R-8 | E10: 1GF160107 | G10: Airtel | H10: Gorai | I10: Mumbai | J10: Mumbai | K10: Maharashtra | L10: 1GF | M10: 1GF | N10: 45145 | O10: 682 | P10: 45379 | Q10: 45379 | V10: 12F | W10: =O10 -> 682 | X10: =W10 -> 682 | Z10: BAL-ANG-UASL-Mumbai-Maharashtra/PUR/100 04346 | AA10: 14000 | AB10: 45181 | AC10: 102 | AE10: =X10 -> 682 | AF10: UA | AG10: 12F | AH10: 102 | AI10: =IF(AE10<>"",AH10*AE10,0) -> 69564 | AK10: Sudhist Enterprises | AL10: =AE10 -> 682 | AM10: 20 | AN10: =IF(AL10<>"",AM10*AL10,0) -> 13640 | AQ10: =IF(AO10<>"",AP10*AO10,0) -> 0 | AR10: =AQ10+AN10 -> 13640 | AT10: ETIL-PUR-ORD-23-10-00058 | AU10: 45211 | AV10: =AM10 -> 20 | AW10: =AV10*AL10 -> 13640 | AY10: SE/361 BG | AZ10: 45257 | BA10: =AM10 -> 20 | BB10: =AL10 -> 682 | BC10: =IF(BB10<>"",BB10*BA10,0) -> 13640
A11: =IF(B11<>"",A10+1,"") -> 9 | B11: 00001GF17-1GF170104 | C11: 1GF17 | D11: R-9 | E11: 1GF170104 | G11: Airtel | H11: Gorai | I11: Mumbai | J11: Mumbai | K11: Maharashtra | L11: 1GF | M11: 1GF | N11: 45145 | O11: 293 | P11: 45379 | Q11: 45379 | V11: 12F | W11: =O11 -> 293 | X11: =W11 -> 293 | Z11: BAL-ANG-UASL-Mumbai-Maharashtra/PUR/100 04346 | AA11: 14000 | AB11: 45181 | AC11: 102 | AE11: =X11 -> 293 | AF11: UA | AG11: 12F | AH11: 102 | AI11: =IF(AE11<>"",AH11*AE11,0) -> 29886 | AK11: Sudhist Enterprises | AL11: =AE11 -> 293 | AM11: 20 | AN11: =IF(AL11<>"",AM11*AL11,0) -> 5860 | AQ11: =IF(AO11<>"",AP11*AO11,0) -> 0 | AR11: =AQ11+AN11 -> 5860 | AT11: ETIL-PUR-ORD-23-10-00058 | AU11: 45211 | AV11: =AM11 -> 20 | AW11: =AV11*AL11 -> 5860 | AY11: SE/361 BG | AZ11: 45257 | BA11: =AM11 -> 20 | BB11: =AL11 -> 293 | BC11: =IF(BB11<>"",BB11*BA11,0) -> 5860
A12: =IF(B12<>"",A11+1,"") -> 10 | B12: 00001GF18-1GF180104 | C12: 1GF18 | D12: R-10 | E12: 1GF180104 | G12: Airtel | H12: Gorai | I12: Mumbai | J12: Mumbai | K12: Maharashtra | L12: 1GF | M12: 1GF | N12: 45145 | O12: 262 | P12: 45379 | Q12: 45379 | V12: 12F | W12: =O12 -> 262 | X12: =W12 -> 262 | Z12: BAL-ANG-UASL-Mumbai-Maharashtra/PUR/100 04346 | AA12: 14000 | AB12: 45181 | AC12: 102 | AE12: =X12 -> 262 | AF12: UA | AG12: 12F | AH12: 102 | AI12: =IF(AE12<>"",AH12*AE12,0) -> 26724 | AK12: Sudhist Enterprises | AL12: =AE12 -> 262 | AM12: 20 | AN12: =IF(AL12<>"",AM12*AL12,0) -> 5240 | AQ12: =IF(AO12<>"",AP12*AO12,0) -> 0 | AR12: =AQ12+AN12 -> 5240 | AT12: ETIL-PUR-ORD-23-10-00058 | AU12: 45211 | AV12: =AM12 -> 20 | AW12: =AV12*AL12 -> 5240 | AY12: SE/361 BG | AZ12: 45257 | BA12: =AM12 -> 20 | BB12: =AL12 -> 262 | BC12: =IF(BB12<>"",BB12*BA12,0) -> 5240
A13: =IF(B13<>"",A12+1,"") -> 11 | B13: 00001GF19-1GF190104 | C13: 1GF19 | D13: R-11 | E13: 1GF190104 | G13: Airtel | H13: Gorai | I13: Mumbai | J13: Mumbai | K13: Maharashtra | L13: 1GF | M13: 1GF | N13: 45145 | O13: 372 | P13: 45379 | Q13: 45379 | V13: 12F | W13: =O13 -> 372 | X13: =W13 -> 372 | Z13: BAL-ANG-UASL-Mumbai-Maharashtra/PUR/100 04346 | AA13: 14000 | AB13: 45181 | AC13: 102 | AE13: =X13 -> 372 | AF13: UA | AG13: 12F | AH13: 102 | AI13: =IF(AE13<>"",AH13*AE13,0) -> 37944 | AK13: Sudhist Enterprises | AL13: =AE13 -> 372 | AM13: 20 | AN13: =IF(AL13<>"",AM13*AL13,0) -> 7440 | AQ13: =IF(AO13<>"",AP13*AO13,0) -> 0 | AR13: =AQ13+AN13 -> 7440 | AT13: ETIL-PUR-ORD-23-10-00058 | AU13: 45211 | AV13: =AM13 -> 20 | AW13: =AV13*AL13 -> 7440 | AY13: SE/361 BG | AZ13: 45257 | BA13: =AM13 -> 20 | BB13: =AL13 -> 372 | BC13: =IF(BB13<>"",BB13*BA13,0) -> 7440
A14: =IF(B14<>"",A13+1,"") -> 12 | B14: 00001GF20-1GF200104 | C14: 1GF20 | D14: R-12 | E14: 1GF200104 | G14: Airtel | H14: Gorai | I14: Mumbai | J14: Mumbai | K14: Maharashtra | L14: 1GF | M14: 1GF | N14: 45145 | O14: 450 | P14: 45379 | Q14: 45379 | V14: 12F | W14: =O14 -> 450 | X14: =W14 -> 450 | Z14: BAL-ANG-UASL-Mumbai-Maharashtra/PUR/100 04346 | AA14: 14000 | AB14: 45181 | AC14: 102 | AE14: =X14 -> 450 | AF14: UA | AG14: 12F | AH14: 102 | AI14: =IF(AE14<>"",AH14*AE14,0) -> 45900 | AK14: Sudhist Enterprises | AL14: =AE14 -> 450 | AM14: 20 | AN14: =IF(AL14<>"",AM14*AL14,0) -> 9000 | AQ14: =IF(AO14<>"",AP14*AO14,0) -> 0 | AR14: =AQ14+AN14 -> 9000 | AT14: ETIL-PUR-ORD-23-10-00058 | AU14: 45211 | AV14: =AM14 -> 20 | AW14: =AV14*AL14 -> 9000 | AY14: SE/361 BG | AZ14: 45257 | BA14: =AM14 -> 20 | BB14: =AL14 -> 450 | BC14: =IF(BB14<>"",BB14*BA14,0) -> 9000
A15: =IF(B15<>"",A14+1,"") -> 13 | B15: 00001GF21-1GF210104 | C15: 1GF21 | D15: R-13 | E15: 1GF210104 | G15: Airtel | H15: Gorai | I15: Mumbai | J15: Mumbai | K15: Maharashtra | L15: 1GF | M15: 1GF | N15: 45145 | O15: 430 | P15: 45379 | Q15: 45379 | V15: 12F | W15: =O15 -> 430 | X15: =W15 -> 430 | Z15: BAL-ANG-UASL-Mumbai-Maharashtra/PUR/100 04346 | AA15: 14000 | AB15: 45181 | AC15: 102 | AE15: =X15 -> 430 | AF15: UA | AG15: 12F | AH15: 102 | AI15: =IF(AE15<>"",AH15*AE15,0) -> 43860 | AK15: Sudhist Enterprises | AL15: =AE15 -> 430 | AM15: 20 | AN15: =IF(AL15<>"",AM15*AL15,0) -> 8600 | AQ15: =IF(AO15<>"",AP15*AO15,0) -> 0 | AR15: =AQ15+AN15 -> 8600 | AT15: ETIL-PUR-ORD-23-10-00058 | AU15: 45211 | AV15: =AM15 -> 20 | AW15: =AV15*AL15 -> 8600 | AY15: SE/361 BG | AZ15: 45257 | BA15: =AM15 -> 20 | BB15: =AL15 -> 430 | BC15: =IF(BB15<>"",BB15*BA15,0) -> 8600
A16: =IF(B16<>"",A15+1,"") -> 14 | B16: 00001GF22-1GF210102 | C16: 1GF22 | D16: R-14 | E16: 1GF210102 | G16: Airtel | H16: Gorai | I16: Mumbai | J16: Mumbai | K16: Maharashtra | L16: 1GF | M16: 1GF | N16: 45145 | O16: 307 | P16: 45379 | Q16: 45379 | V16: 12F | W16: =O16 -> 307 | X16: =W16 -> 307 | Z16: BAL-ANG-UASL-Mumbai-Maharashtra/PUR/100 04346 | AA16: 14000 | AB16: 45181 | AC16: 102 | AE16: =X16 -> 307 | AF16: UA | AG16: 12F | AH16: 102 | AI16: =IF(AE16<>"",AH16*AE16,0) -> 31314 | AK16: Sudhist Enterprises | AL16: =AE16 -> 307 | AM16: 20 | AN16: =IF(AL16<>"",AM16*AL16,0) -> 6140 | AQ16: =IF(AO16<>"",AP16*AO16,0) -> 0 | AR16: =AQ16+AN16 -> 6140 | AT16: ETIL-PUR-ORD-23-10-00058 | AU16: 45211 | AV16: =AM16 -> 20 | AW16: =AV16*AL16 -> 6140 | AY16: SE/361 BG | AZ16: 45257 | BA16: =AM16 -> 20 | BB16: =AL16 -> 307 | BC16: =IF(BB16<>"",BB16*BA16,0) -> 6140
A17: =IF(B17<>"",A16+1,"") -> 15 | B17: 0000001GF-00001GF23 | C17: 1GF23 | D17: R-15 | E17: 1GF230102 | G17: Airtel | H17: Gorai | I17: Mumbai | J17: Mumbai | K17: Maharashtra | L17: 1GF | M17: 1GF | N17: 45092 | O17: 140 | P17: 45092 | Q17: 45092 | V17: 12F | W17: 140 | X17: 140 | Z17: BAL-ANG-UASL-Mumbai-Maharashtra/PUR/100 04346 | AA17: 14000 | AB17: 45181 | AC17: 102 | AE17: 140 | AF17: UA | AG17: 12F | AH17: 102 | AI17: =IF(AE17<>"",AH17*AE17,0) -> 14280 | AK17: Sudhist Enterprises | AL17: 140 | AM17: 20 | AN17: =IF(AL17<>"",AM17*AL17,0) -> 2800 | AQ17: =IF(AO17<>"",AP17*AO17,0) -> 0 | AR17: =AQ17+AN17 -> 2800 | AT17: ETIL-PUR-ORD-24-06-00029 | AU17: 45461 | AV17: =AM17 -> 20 | AW17: =AV17*AL17 -> 2800 | AY17: SE/458BG | AZ17: 45461 | BA17: =AM17 -> 20 | BB17: =AL17 -> 140 | BC17: =IF(BB17<>"",BB17*BA17,0) -> 2800
A18: =IF(B18<>"",A17+1,"") -> 16 | B18: 00001GF23-1GF240104 | C18: 1GF24 | D18: R-16 | E18: 1GF240104 | G18: Airtel | H18: Gorai | I18: Mumbai | J18: Mumbai | K18: Maharashtra | L18: 1GF | M18: 1GF | N18: 45092 | O18: 170 | P18: 45092 | Q18: 45092 | V18: 12F | W18: 170 | X18: 170 | Z18: BAL-ANG-UASL-Mumbai-Maharashtra/PUR/100 04346 | AA18: 14000 | AB18: 45181 | AC18: 102 | AE18: 170 | AF18: UA | AG18: 12F | AH18: 102 | AI18: =IF(AE18<>"",AH18*AE18,0) -> 17340 | AK18: Sudhist Enterprises | AL18: 170 | AM18: 20 | AN18: =IF(AL18<>"",AM18*AL18,0) -> 3400 | AQ18: =IF(AO18<>"",AP18*AO18,0) -> 0 | AR18: =AQ18+AN18 -> 3400 | AT18: ETIL-PUR-ORD-24-06-00029 | AU18: 45461 | AV18: =AM18 -> 20 | AW18: =AV18*AL18 -> 3400 | AY18: SE/458BG | AZ18: 45461 | BA18: =AM18 -> 20 | BB18: =AL18 -> 170 | BC18: =IF(BB18<>"",BB18*BA18,0) -> 3400

Sheet Node Details
E1: =MATCH(E2,'Route-Details'!$B$2:$X$2,0) -> 6 | F1: =MATCH(F2,'Route-Details'!$B$2:$X$2,0) -> 7 | G1: =MATCH(G2,'Route-Details'!$B$2:$X$2,0) -> 8 | H1: =MATCH(H2,'Route-Details'!$B$2:$X$2,0) -> 9 | I1: =MATCH(I2,'Route-Details'!$B$2:$X$2,0) -> 11 | J1: =MATCH(J2,'Route-Details'!$B$2:$X$2,0) -> 12 | S1: =SUBTOTAL(9,S3:S1048576) -> 7827
A2: Sr No | B2: FDC/FAT Unique ID (End Point) | C2: Latlong | D2: Route ID (Route on which FAT/FDC is connected) | E2: Customer | F2: Area Name | G2: City | H2: Telecom Circle | I2: OLT ID | J2: Cluster ID | K2: Online AT Date (Delivered) | L2: HOTO Date | M2: HOTO Signoff Date | N2: Start Date (Date from which we can bill) | O2: Lock-in Period | P2: Surrender Date | Q2: Any Additional Fiber used for connectivity | R2: Fiber Capacity | S2: Online AT Length (Delivered) | T2: OTDR length (in meters) | U2: Customer Billable length (in meters) | W2: Customer PO no | X2: PO length | Y2: PO Date | Z2: PO Rate | AB2: Fiber length deployed/used (in meters) | AC2: Fiber Type | AD2: Fiber Capacity | AE2: Fiber Rate per meter (incl Freight) | AF2: Fiber Material Cost | AH2: Execution Vendor Name | AI2: Vendor Billable Length (Fiber laying) | AJ2: Fiber Laying Rate | AK2: Fiber Laying/Execution Cost | AL2: OTM Length | AM2: OTM Execution Rate | AN2: OTM Cost | AO2: Total Vendor Cost | AQ2: Vendor PO No | AR2: Vendor PO Date | AS2: Vendor PO Rate | AT2: Vendor PO Cost | AV2: Vendor Invoice No | AW2: Vendor Invoice Date | AX2: Vendor Invoice Rate | AY2: Vendor Invoiced length | AZ2: Invoice Amt
A3: 1 | B3: 1GF12 | C3: R-1 | D3: 0000001GF-00001GF12 | E3: =_xlfn.IFNA(VLOOKUP($D3,'Route-Details'!$B$2:$X$1048576,'Node Details'!E$1,0),"") -> Airtel | F3: =_xlfn.IFNA(VLOOKUP($D3,'Route-Details'!$B$2:$X$1048576,'Node Details'!F$1,0),"") -> Gorai | G3: =_xlfn.IFNA(VLOOKUP($D3,'Route-Details'!$B$2:$X$1048576,'Node Details'!G$1,0),"") -> Mumbai | H3: =_xlfn.IFNA(VLOOKUP($D4,'Route-Details'!$B$2:$X$1048576,'Node Details'!H$1,0),"") -> Mumbai | I3: =_xlfn.IFNA(VLOOKUP($D3,'Route-Details'!$B$2:$X$1048576,'Node Details'!I$1,0),"") -> 1GF | J3: =_xlfn.IFNA(VLOOKUP($D3,'Route-Details'!$B$2:$X$1048576,'Node Details'!J$1,0),"") -> 1GF | K3: 45141 | L3: 45141 | M3: 45379 | R3: 24F | S3: 829 | T3: 829 | U3: 829 | W3: BAL-ANG-UASL-Mumbai-Maharashtra/PUR/100 04346 | X3: 3500 | Y3: 45181 | Z3: 122 | AB3: 829 | AC3: UA | AD3: 24F | AE3: 20 | AF3: =IF(AB3<>"",AE3*AB3,0) -> 16580 | AH3: Sudhist Enterprises | AI3: 829 | AJ3: 20 | AK3: =IF(AI3<>"",AJ3*AI3,0) -> 16580 | AN3: =IF(AL3<>"",AM3*AL3,0) -> 0 | AO3: =AN3+AK3 -> 16580 | AQ3: ETIL-PUR-ORD-23-10-00058 | AR3: 45211 | AS3: =AJ3 -> 20 | AT3: =AS3*AI3 -> 16580 | AV3: SE/361 BG | AW3: 45257 | AX3: =AJ3 -> 20 | AY3: =AI3 -> 829 | AZ3: =IF(AY3<>"",AY3*AX3,0) -> 16580
A4: =A3+1 -> 2 | B4: 1GF120101 | C4: R-4 | D4: 00001GF12-1GF120106 | E4: =_xlfn.IFNA(VLOOKUP($D4,'Route-Details'!$B$2:$X$1048576,'Node Details'!E$1,0),"") -> Airtel | F4: =_xlfn.IFNA(VLOOKUP($D4,'Route-Details'!$B$2:$X$1048576,'Node Details'!F$1,0),"") -> Gorai | G4: =_xlfn.IFNA(VLOOKUP($D4,'Route-Details'!$B$2:$X$1048576,'Node Details'!G$1,0),"") -> Mumbai | H4: =_xlfn.IFNA(VLOOKUP($D5,'Route-Details'!$B$2:$X$1048576,'Node Details'!H$1,0),"") -> Mumbai | I4: =_xlfn.IFNA(VLOOKUP($D4,'Route-Details'!$B$2:$X$1048576,'Node Details'!I$1,0),"") -> 1GF | J4: =_xlfn.IFNA(VLOOKUP($D4,'Route-Details'!$B$2:$X$1048576,'Node Details'!J$1,0),"") -> 1GF | K4: 45141 | L4: 45141 | M4: 45379 | R4: 24F | S4: 80 | T4: 80 | U4: 80 | W4: BAL-ANG-UASL-Mumbai-Maharashtra/PUR/100 04346 | X4: 3500 | Y4: 45181 | Z4: 122 | AB4: 80 | AC4: UA | AD4: 24F | AE4: 20 | AF4: =IF(AB4<>"",AE4*AB4,0) -> 1600 | AH4: Sudhist Enterprises | AI4: 80 | AJ4: 20 | AK4: =IF(AI4<>"",AJ4*AI4,0) -> 1600 | AN4: =IF(AL4<>"",AM4*AL4,0) -> 0 | AO4: =AN4+AK4 -> 1600 | AQ4: ETIL-PUR-ORD-23-10-00058 | AR4: 45211 | AS4: =AJ4 -> 20 | AT4: =AS4*AI4 -> 1600 | AV4: SE/361 BG | AW4: 45257 | AX4: =AJ4 -> 20 | AY4: =AI4 -> 80 | AZ4: =IF(AY4<>"",AY4*AX4,0) -> 1600
A5: =A4+1 -> 3 | B5: 1GF120102 | C5: R-4 | D5: 00001GF12-1GF120106 | E5: =_xlfn.IFNA(VLOOKUP($D5,'Route-Details'!$B$2:$X$1048576,'Node Details'!E$1,0),"") -> Airtel | F5: =_xlfn.IFNA(VLOOKUP($D5,'Route-Details'!$B$2:$X$1048576,'Node Details'!F$1,0),"") -> Gorai | G5: =_xlfn.IFNA(VLOOKUP($D5,'Route-Details'!$B$2:$X$1048576,'Node Details'!G$1,0),"") -> Mumbai | H5: =_xlfn.IFNA(VLOOKUP($D6,'Route-Details'!$B$2:$X$1048576,'Node Details'!H$1,0),"") -> Mumbai | I5: =_xlfn.IFNA(VLOOKUP($D5,'Route-Details'!$B$2:$X$1048576,'Node Details'!I$1,0),"") -> 1GF | J5: =_xlfn.IFNA(VLOOKUP($D5,'Route-Details'!$B$2:$X$1048576,'Node Details'!J$1,0),"") -> 1GF | K5: 45141 | L5: 45141 | M5: 45379 | R5: 24F | S5: 80 | T5: 80 | U5: 80 | W5: BAL-ANG-UASL-Mumbai-Maharashtra/PUR/100 04346 | X5: 3500 | Y5: 45181 | Z5: 122 | AB5: 80 | AC5: UA | AD5: 24F | AE5: 20 | AF5: =IF(AB5<>"",AE5*AB5,0) -> 1600 | AH5: Sudhist Enterprises | AI5: 80 | AJ5: 20 | AK5: =IF(AI5<>"",AJ5*AI5,0) -> 1600 | AN5: =IF(AL5<>"",AM5*AL5,0) -> 0 | AO5: =AN5+AK5 -> 1600 | AQ5: ETIL-PUR-ORD-23-10-00058 | AR5: 45211 | AS5: =AJ5 -> 20 | AT5: =AS5*AI5 -> 1600 | AV5: SE/361 BG | AW5: 45257 | AX5: =AJ5 -> 20 | AY5: =AI5 -> 80 | AZ5: =IF(AY5<>"",AY5*AX5,0) -> 1600
A6: =A5+1 -> 4 | B6: 1GF120103 | C6: R-4 | D6: 00001GF12-1GF120106 | E6: =_xlfn.IFNA(VLOOKUP($D6,'Route-Details'!$B$2:$X$1048576,'Node Details'!E$1,0),"") -> Airtel | F6: =_xlfn.IFNA(VLOOKUP($D6,'Route-Details'!$B$2:$X$1048576,'Node Details'!F$1,0),"") -> Gorai | G6: =_xlfn.IFNA(VLOOKUP($D6,'Route-Details'!$B$2:$X$1048576,'Node Details'!G$1,0),"") -> Mumbai | H6: =_xlfn.IFNA(VLOOKUP($D7,'Route-Details'!$B$2:$X$1048576,'Node Details'!H$1,0),"") -> Mumbai | I6: =_xlfn.IFNA(VLOOKUP($D6,'Route-Details'!$B$2:$X$1048576,'Node Details'!I$1,0),"") -> 1GF | J6: =_xlfn.IFNA(VLOOKUP($D6,'Route-Details'!$B$2:$X$1048576,'Node Details'!J$1,0),"") -> 1GF | K6: 45141 | L6: 45141 | M6: 45379 | R6: 24F | S6: 33 | T6: 33 | U6: 33 | W6: BAL-ANG-UASL-Mumbai-Maharashtra/PUR/100 04346 | X6: 3500 | Y6: 45181 | Z6: 122 | AB6: 33 | AC6: UA | AD6: 24F | AE6: 20 | AF6: =IF(AB6<>"",AE6*AB6,0) -> 660 | AH6: Sudhist Enterprises | AI6: 33 | AJ6: 20 | AK6: =IF(AI6<>"",AJ6*AI6,0) -> 660 | AN6: =IF(AL6<>"",AM6*AL6,0) -> 0 | AO6: =AN6+AK6 -> 660 | AQ6: ETIL-PUR-ORD-23-10-00058 | AR6: 45211 | AS6: =AJ6 -> 20 | AT6: =AS6*AI6 -> 660 | AV6: SE/361 BG | AW6: 45257 | AX6: =AJ6 -> 20 | AY6: =AI6 -> 33 | AZ6: =IF(AY6<>"",AY6*AX6,0) -> 660
A7: =A6+1 -> 5 | B7: 1GF120104 | C7: R-4 | D7: 00001GF12-1GF120106 | E7: =_xlfn.IFNA(VLOOKUP($D7,'Route-Details'!$B$2:$X$1048576,'Node Details'!E$1,0),"") -> Airtel | F7: =_xlfn.IFNA(VLOOKUP($D7,'Route-Details'!$B$2:$X$1048576,'Node Details'!F$1,0),"") -> Gorai | G7: =_xlfn.IFNA(VLOOKUP($D7,'Route-Details'!$B$2:$X$1048576,'Node Details'!G$1,0),"") -> Mumbai | H7: =_xlfn.IFNA(VLOOKUP($D8,'Route-Details'!$B$2:$X$1048576,'Node Details'!H$1,0),"") -> Mumbai | I7: =_xlfn.IFNA(VLOOKUP($D7,'Route-Details'!$B$2:$X$1048576,'Node Details'!I$1,0),"") -> 1GF | J7: =_xlfn.IFNA(VLOOKUP($D7,'Route-Details'!$B$2:$X$1048576,'Node Details'!J$1,0),"") -> 1GF | K7: 45141 | L7: 45141 | M7: 45379 | R7: 24F | S7: 36 | T7: 36 | U7: 36 | W7: BAL-ANG-UASL-Mumbai-Maharashtra/PUR/100 04346 | X7: 3500 | Y7: 45181 | Z7: 122 | AB7: 36 | AC7: UA | AD7: 24F | AE7: 20 | AF7: =IF(AB7<>"",AE7*AB7,0) -> 720 | AH7: Sudhist Enterprises | AI7: 36 | AJ7: 20 | AK7: =IF(AI7<>"",AJ7*AI7,0) -> 720 | AN7: =IF(AL7<>"",AM7*AL7,0) -> 0 | AO7: =AN7+AK7 -> 720 | AQ7: ETIL-PUR-ORD-23-10-00058 | AR7: 45211 | AS7: =AJ7 -> 20 | AT7: =AS7*AI7 -> 720 | AV7: SE/361 BG | AW7: 45257 | AX7: =AJ7 -> 20 | AY7: =AI7 -> 36 | AZ7: =IF(AY7<>"",AY7*AX7,0) -> 720
A8: =A7+1 -> 6 | B8: 1GF120105 | C8: R-4 | D8: 00001GF12-1GF120106 | E8: =_xlfn.IFNA(VLOOKUP($D8,'Route-Details'!$B$2:$X$1048576,'Node Details'!E$1,0),"") -> Airtel | F8: =_xlfn.IFNA(VLOOKUP($D8,'Route-Details'!$B$2:$X$1048576,'Node Details'!F$1,0),"") -> Gorai | G8: =_xlfn.IFNA(VLOOKUP($D8,'Route-Details'!$B$2:$X$1048576,'Node Details'!G$1,0),"") -> Mumbai | H8: =_xlfn.IFNA(VLOOKUP($D9,'Route-Details'!$B$2:$X$1048576,'Node Details'!H$1,0),"") -> Mumbai | I8: =_xlfn.IFNA(VLOOKUP($D8,'Route-Details'!$B$2:$X$1048576,'Node Details'!I$1,0),"") -> 1GF | J8: =_xlfn.IFNA(VLOOKUP($D8,'Route-Details'!$B$2:$X$1048576,'Node Details'!J$1,0),"") -> 1GF | K8: 45141 | L8: 45141 | M8: 45379 | R8: 24F | S8: 34 | T8: 34 | U8: 34 | W8: BAL-ANG-UASL-Mumbai-Maharashtra/PUR/100 04346 | X8: 3500 | Y8: 45181 | Z8: 122 | AB8: 34 | AC8: UA | AD8: 24F | AE8: 20 | AF8: =IF(AB8<>"",AE8*AB8,0) -> 680 | AH8: Sudhist Enterprises | AI8: 34 | AJ8: 20 | AK8: =IF(AI8<>"",AJ8*AI8,0) -> 680 | AN8: =IF(AL8<>"",AM8*AL8,0) -> 0 | AO8: =AN8+AK8 -> 680 | AQ8: ETIL-PUR-ORD-23-10-00058 | AR8: 45211 | AS8: =AJ8 -> 20 | AT8: =AS8*AI8 -> 680 | AV8: SE/361 BG | AW8: 45257 | AX8: =AJ8 -> 20 | AY8: =AI8 -> 34 | AZ8: =IF(AY8<>"",AY8*AX8,0) -> 680
A9: =A8+1 -> 7 | B9: 1GF120106 | C9: R-4 | D9: 00001GF12-1GF120106 | E9: =_xlfn.IFNA(VLOOKUP($D9,'Route-Details'!$B$2:$X$1048576,'Node Details'!E$1,0),"") -> Airtel | F9: =_xlfn.IFNA(VLOOKUP($D9,'Route-Details'!$B$2:$X$1048576,'Node Details'!F$1,0),"") -> Gorai | G9: =_xlfn.IFNA(VLOOKUP($D9,'Route-Details'!$B$2:$X$1048576,'Node Details'!G$1,0),"") -> Mumbai | H9: =_xlfn.IFNA(VLOOKUP($D10,'Route-Details'!$B$2:$X$1048576,'Node Details'!H$1,0),"") -> Mumbai | I9: =_xlfn.IFNA(VLOOKUP($D9,'Route-Details'!$B$2:$X$1048576,'Node Details'!I$1,0),"") -> 1GF | J9: =_xlfn.IFNA(VLOOKUP($D9,'Route-Details'!$B$2:$X$1048576,'Node Details'!J$1,0),"") -> 1GF | K9: 45141 | L9: 45141 | M9: 45379 | R9: 24F | S9: 34 | T9: 34 | U9: 34 | W9: BAL-ANG-UASL-Mumbai-Maharashtra/PUR/100 04346 | X9: 3500 | Y9: 45181 | Z9: 122 | AB9: 34 | AC9: UA | AD9: 24F | AE9: 20 | AF9: =IF(AB9<>"",AE9*AB9,0) -> 680 | AH9: Sudhist Enterprises | AI9: 34 | AJ9: 20 | AK9: =IF(AI9<>"",AJ9*AI9,0) -> 680 | AN9: =IF(AL9<>"",AM9*AL9,0) -> 0 | AO9: =AN9+AK9 -> 680 | AQ9: ETIL-PUR-ORD-23-10-00058 | AR9: 45211 | AS9: =AJ9 -> 20 | AT9: =AS9*AI9 -> 680 | AV9: SE/361 BG | AW9: 45257 | AX9: =AJ9 -> 20 | AY9: =AI9 -> 34 | AZ9: =IF(AY9<>"",AY9*AX9,0) -> 680
A10: =A9+1 -> 8 | B10: 1GF13 | C10: R-3 | D10: 00001GF12-00001GF22 | E10: =_xlfn.IFNA(VLOOKUP($D10,'Route-Details'!$B$2:$X$1048576,'Node Details'!E$1,0),"") -> Airtel | F10: =_xlfn.IFNA(VLOOKUP($D10,'Route-Details'!$B$2:$X$1048576,'Node Details'!F$1,0),"") -> Gorai | G10: =_xlfn.IFNA(VLOOKUP($D10,'Route-Details'!$B$2:$X$1048576,'Node Details'!G$1,0),"") -> Mumbai | H10: =_xlfn.IFNA(VLOOKUP($D11,'Route-Details'!$B$2:$X$1048576,'Node Details'!H$1,0),"") -> Mumbai | I10: =_xlfn.IFNA(VLOOKUP($D10,'Route-Details'!$B$2:$X$1048576,'Node Details'!I$1,0),"") -> 1GF | J10: =_xlfn.IFNA(VLOOKUP($D10,'Route-Details'!$B$2:$X$1048576,'Node Details'!J$1,0),"") -> 1GF | K10: 45145 | L10: 45145 | M10: 45379 | R10: 12F | S10: 162 | T10: 162 | U10: 162 | W10: BAL-ANG-UASL-Mumbai-Maharashtra/PUR/100 04346 | X10: 14000 | Y10: 45181 | Z10: 102 | AB10: 162 | AC10: UA | AD10: 12F | AE10: 20 | AF10: =IF(AB10<>"",AE10*AB10,0) -> 3240 | AH10: Sudhist Enterprises | AI10: 162 | AJ10: 20 | AK10: =IF(AI10<>"",AJ10*AI10,0) -> 3240 | AN10: =IF(AL10<>"",AM10*AL10,0) -> 0 | AO10: =AN10+AK10 -> 3240 | AQ10: ETIL-PUR-ORD-23-10-00058 | AR10: 45211 | AS10: =AJ10 -> 20 | AT10: =AS10*AI10 -> 3240 | AV10: SE/361 BG | AW10: 45257 | AX10: =AJ10 -> 20 | AY10: =AI10 -> 162 | AZ10: =IF(AY10<>"",AY10*AX10,0) -> 3240
A11: =A10+1 -> 9 | B11: 1GF130101 | C11: R-5 | D11: 00001GF13-1GF130106 | E11: =_xlfn.IFNA(VLOOKUP($D11,'Route-Details'!$B$2:$X$1048576,'Node Details'!E$1,0),"") -> Airtel | F11: =_xlfn.IFNA(VLOOKUP($D11,'Route-Details'!$B$2:$X$1048576,'Node Details'!F$1,0),"") -> Gorai | G11: =_xlfn.IFNA(VLOOKUP($D11,'Route-Details'!$B$2:$X$1048576,'Node Details'!G$1,0),"") -> Mumbai | H11: =_xlfn.IFNA(VLOOKUP($D12,'Route-Details'!$B$2:$X$1048576,'Node Details'!H$1,0),"") -> Mumbai | I11: =_xlfn.IFNA(VLOOKUP($D11,'Route-Details'!$B$2:$X$1048576,'Node Details'!I$1,0),"") -> 1GF | J11: =_xlfn.IFNA(VLOOKUP($D11,'Route-Details'!$B$2:$X$1048576,'Node Details'!J$1,0),"") -> 1GF | K11: 45145 | L11: 45145 | M11: 45379 | R11: 12F | S11: 107 | T11: 107 | U11: 107 | W11: BAL-ANG-UASL-Mumbai-Maharashtra/PUR/100 04346 | X11: 14000 | Y11: 45181 | Z11: 102 | AB11: 107 | AC11: UA | AD11: 12F | AE11: 20 | AF11: =IF(AB11<>"",AE11*AB11,0) -> 2140 | AH11: Sudhist Enterprises | AI11: 107 | AJ11: 20 | AK11: =IF(AI11<>"",AJ11*AI11,0) -> 2140 | AN11: =IF(AL11<>"",AM11*AL11,0) -> 0 | AO11: =AN11+AK11 -> 2140 | AQ11: ETIL-PUR-ORD-23-10-00058 | AR11: 45211 | AS11: =AJ11 -> 20 | AT11: =AS11*AI11 -> 2140 | AV11: SE/361 BG | AW11: 45257 | AX11: =AJ11 -> 20 | AY11: =AI11 -> 107 | AZ11: =IF(AY11<>"",AY11*AX11,0) -> 2140
A12: =A11+1 -> 10 | B12: 1GF130102 | C12: R-5 | D12: 00001GF13-1GF130106 | E12: =_xlfn.IFNA(VLOOKUP($D12,'Route-Details'!$B$2:$X$1048576,'Node Details'!E$1,0),"") -> Airtel | F12: =_xlfn.IFNA(VLOOKUP($D12,'Route-Details'!$B$2:$X$1048576,'Node Details'!F$1,0),"") -> Gorai | G12: =_xlfn.IFNA(VLOOKUP($D12,'Route-Details'!$B$2:$X$1048576,'Node Details'!G$1,0),"") -> Mumbai | H12: =_xlfn.IFNA(VLOOKUP($D13,'Route-Details'!$B$2:$X$1048576,'Node Details'!H$1,0),"") -> Mumbai | I12: =_xlfn.IFNA(VLOOKUP($D12,'Route-Details'!$B$2:$X$1048576,'Node Details'!I$1,0),"") -> 1GF | J12: =_xlfn.IFNA(VLOOKUP($D12,'Route-Details'!$B$2:$X$1048576,'Node Details'!J$1,0),"") -> 1GF | K12: 45145 | L12: 45145 | M12: 45379 | R12: 12F | S12: 54 | T12: 54 | U12: 54 | W12: BAL-ANG-UASL-Mumbai-Maharashtra/PUR/100 04346 | X12: 14000 | Y12: 45181 | Z12: 102 | AB12: 54 | AC12: UA | AD12: 12F | AE12: 20 | AF12: =IF(AB12<>"",AE12*AB12,0) -> 1080 | AH12: Sudhist Enterprises | AI12: 54 | AJ12: 20 | AK12: =IF(AI12<>"",AJ12*AI12,0) -> 1080 | AN12: =IF(AL12<>"",AM12*AL12,0) -> 0 | AO12: =AN12+AK12 -> 1080 | AQ12: ETIL-PUR-ORD-23-10-00058 | AR12: 45211 | AS12: =AJ12 -> 20 | AT12: =AS12*AI12 -> 1080 | AV12: SE/361 BG | AW12: 45257 | AX12: =AJ12 -> 20 | AY12: =AI12 -> 54 | AZ12: =IF(AY12<>"",AY12*AX12,0) -> 1080
A13: =A12+1 -> 11 | B13: 1GF130103 | C13: R-5 | D13: 00001GF13-1GF130106 | E13: =_xlfn.IFNA(VLOOKUP($D13,'Route-Details'!$B$2:$X$1048576,'Node Details'!E$1,0),"") -> Airtel | F13: =_xlfn.IFNA(VLOOKUP($D13,'Route-Details'!$B$2:$X$1048576,'Node Details'!F$1,0),"") -> Gorai | G13: =_xlfn.IFNA(VLOOKUP($D13,'Route-Details'!$B$2:$X$1048576,'Node Details'!G$1,0),"") -> Mumbai | H13: =_xlfn.IFNA(VLOOKUP($D14,'Route-Details'!$B$2:$X$1048576,'Node Details'!H$1,0),"") -> Mumbai | I13: =_xlfn.IFNA(VLOOKUP($D13,'Route-Details'!$B$2:$X$1048576,'Node Details'!I$1,0),"") -> 1GF | J13: =_xlfn.IFNA(VLOOKUP($D13,'Route-Details'!$B$2:$X$1048576,'Node Details'!J$1,0),"") -> 1GF | K13: 45145 | L13: 45145 | M13: 45379 | R13: 12F | S13: 54 | T13: 54 | U13: 54 | W13: BAL-ANG-UASL-Mumbai-Maharashtra/PUR/100 04346 | X13: 14000 | Y13: 45181 | Z13: 102 | AB13: 54 | AC13: UA | AD13: 12F | AE13: 20 | AF13: =IF(AB13<>"",AE13*AB13,0) -> 1080 | AH13: Sudhist Enterprises | AI13: 54 | AJ13: 20 | AK13: =IF(AI13<>"",AJ13*AI13,0) -> 1080 | AN13: =IF(AL13<>"",AM13*AL13,0) -> 0 | AO13: =AN13+AK13 -> 1080 | AQ13: ETIL-PUR-ORD-23-10-00058 | AR13: 45211 | AS13: =AJ13 -> 20 | AT13: =AS13*AI13 -> 1080 | AV13: SE/361 BG | AW13: 45257 | AX13: =AJ13 -> 20 | AY13: =AI13 -> 54 | AZ13: =IF(AY13<>"",AY13*AX13,0) -> 1080
A14: =A13+1 -> 12 | B14: 1GF130104 | C14: R-5 | D14: 00001GF13-1GF130106 | E14: =_xlfn.IFNA(VLOOKUP($D14,'Route-Details'!$B$2:$X$1048576,'Node Details'!E$1,0),"") -> Airtel | F14: =_xlfn.IFNA(VLOOKUP($D14,'Route-Details'!$B$2:$X$1048576,'Node Details'!F$1,0),"") -> Gorai | G14: =_xlfn.IFNA(VLOOKUP($D14,'Route-Details'!$B$2:$X$1048576,'Node Details'!G$1,0),"") -> Mumbai | H14: =_xlfn.IFNA(VLOOKUP($D15,'Route-Details'!$B$2:$X$1048576,'Node Details'!H$1,0),"") -> Mumbai | I14: =_xlfn.IFNA(VLOOKUP($D14,'Route-Details'!$B$2:$X$1048576,'Node Details'!I$1,0),"") -> 1GF | J14: =_xlfn.IFNA(VLOOKUP($D14,'Route-Details'!$B$2:$X$1048576,'Node Details'!J$1,0),"") -> 1GF | K14: 45145 | L14: 45145 | M14: 45379 | R14: 12F | S14: 52 | T14: 52 | U14: 52 | W14: BAL-ANG-UASL-Mumbai-Maharashtra/PUR/100 04346 | X14: 14000 | Y14: 45181 | Z14: 102 | AB14: 52 | AC14: UA | AD14: 12F | AE14: 20 | AF14: =IF(AB14<>"",AE14*AB14,0) -> 1040 | AH14: Sudhist Enterprises | AI14: 52 | AJ14: 20 | AK14: =IF(AI14<>"",AJ14*AI14,0) -> 1040 | AN14: =IF(AL14<>"",AM14*AL14,0) -> 0 | AO14: =AN14+AK14 -> 1040 | AQ14: ETIL-PUR-ORD-23-10-00058 | AR14: 45211 | AS14: =AJ14 -> 20 | AT14: =AS14*AI14 -> 1040 | AV14: SE/361 BG | AW14: 45257 | AX14: =AJ14 -> 20 | AY14: =AI14 -> 52 | AZ14: =IF(AY14<>"",AY14*AX14,0) -> 1040
A15: =A14+1 -> 13 | B15: 1GF130105 | C15: R-5 | D15: 00001GF13-1GF130106 | E15: =_xlfn.IFNA(VLOOKUP($D15,'Route-Details'!$B$2:$X$1048576,'Node Details'!E$1,0),"") -> Airtel | F15: =_xlfn.IFNA(VLOOKUP($D15,'Route-Details'!$B$2:$X$1048576,'Node Details'!F$1,0),"") -> Gorai | G15: =_xlfn.IFNA(VLOOKUP($D15,'Route-Details'!$B$2:$X$1048576,'Node Details'!G$1,0),"") -> Mumbai | H15: =_xlfn.IFNA(VLOOKUP($D16,'Route-Details'!$B$2:$X$1048576,'Node Details'!H$1,0),"") -> Mumbai | I15: =_xlfn.IFNA(VLOOKUP($D15,'Route-Details'!$B$2:$X$1048576,'Node Details'!I$1,0),"") -> 1GF | J15: =_xlfn.IFNA(VLOOKUP($D15,'Route-Details'!$B$2:$X$1048576,'Node Details'!J$1,0),"") -> 1GF | K15: 45145 | L15: 45145 | M15: 45379 | R15: 12F | S15: 50 | T15: 50 | U15: 50 | W15: BAL-ANG-UASL-Mumbai-Maharashtra/PUR/100 04346 | X15: 14000 | Y15: 45181 | Z15: 102 | AB15: 50 | AC15: UA | AD15: 12F | AE15: 20 | AF15: =IF(AB15<>"",AE15*AB15,0) -> 1000 | AH15: Sudhist Enterprises | AI15: 50 | AJ15: 20 | AK15: =IF(AI15<>"",AJ15*AI15,0) -> 1000 | AN15: =IF(AL15<>"",AM15*AL15,0) -> 0 | AO15: =AN15+AK15 -> 1000 | AQ15: ETIL-PUR-ORD-23-10-00058 | AR15: 45211 | AS15: =AJ15 -> 20 | AT15: =AS15*AI15 -> 1000 | AV15: SE/361 BG | AW15: 45257 | AX15: =AJ15 -> 20 | AY15: =AI15 -> 50 | AZ15: =IF(AY15<>"",AY15*AX15,0) -> 1000
... A66: =A65+1 -> 64 | B66: 1GF22 | C66: R-3 | D66: 00001GF12-00001GF22 | E66: =_xlfn.IFNA(VLOOKUP($D66,'Route-Details'!$B$2:$X$1048576,'Node Details'!E$1,0),"") -> Airtel | F66: =_xlfn.IFNA(VLOOKUP($D66,'Route-Details'!$B$2:$X$1048576,'Node Details'!F$1,0),"") -> Gorai | G66: =_xlfn.IFNA(VLOOKUP($D66,'Route-Details'!$B$2:$X$1048576,'Node Details'!G$1,0),"") -> Mumbai | H66: =_xlfn.IFNA(VLOOKUP($D67,'Route-Details'!$B$2:$X$1048576,'Node Details'!H$1,0),"") -> Mumbai | I66: =_xlfn.IFNA(VLOOKUP($D66,'Route-Details'!$B$2:$X$1048576,'Node Details'!I$1,0),"") -> 1GF | J66: =_xlfn.IFNA(VLOOKUP($D66,'Route-Details'!$B$2:$X$1048576,'Node Details'!J$1,0),"") -> 1GF | K66: 45229 | L66: 45229 | M66: 45379 | R66: 12F | S66: 75 | T66: 75 | U66: 75 | W66: BAL-ANG-UASL-Mumbai-Maharashtra/PUR/100 04346 | X66: 14000 | Y66: 45181 | Z66: 102 | AB66: 75 | AC66: UA | AD66: 12F | AE66: 20 | AF66: =IF(AB66<>"",AE66*AB66,0) -> 1500 | AH66: Sudhist Enterprises | AI66: 75 | AJ66: 20 | AK66: =IF(AI66<>"",AJ66*AI66,0) -> 1500 | AN66: =IF(AL66<>"",AM66*AL66,0) -> 0 | AO66: =AN66+AK66 -> 1500 | AQ66: ETIL-PUR-ORD-23-10-00058 | AR66: 45211 | AS66: =AJ66 -> 20 | AT66: =AS66*AI66 -> 1500 | AV66: SE/361 BG | AW66: 45257 | AX66: =AJ66 -> 20 | AY66: =AI66 -> 75 | AZ66: =IF(AY66<>"",AY66*AX66,0) -> 1500
A67: =A66+1 -> 65 | B67: 1GF220101 | C67: R-14 | D67: 00001GF22-1GF210102 | E67: =_xlfn.IFNA(VLOOKUP($D67,'Route-Details'!$B$2:$X$1048576,'Node Details'!E$1,0),"") -> Airtel | F67: =_xlfn.IFNA(VLOOKUP($D67,'Route-Details'!$B$2:$X$1048576,'Node Details'!F$1,0),"") -> Gorai | G67: =_xlfn.IFNA(VLOOKUP($D67,'Route-Details'!$B$2:$X$1048576,'Node Details'!G$1,0),"") -> Mumbai | H67: =_xlfn.IFNA(VLOOKUP($D68,'Route-Details'!$B$2:$X$1048576,'Node Details'!H$1,0),"") -> Mumbai | I67: =_xlfn.IFNA(VLOOKUP($D67,'Route-Details'!$B$2:$X$1048576,'Node Details'!I$1,0),"") -> 1GF | J67: =_xlfn.IFNA(VLOOKUP($D67,'Route-Details'!$B$2:$X$1048576,'Node Details'!J$1,0),"") -> 1GF | K67: 45229 | L67: 45229 | M67: WIP | R67: 12F | S67: 94 | T67: 94 | U67: 94 | W67: BAL-ANG-UASL-Mumbai-Maharashtra/PUR/100 04346 | X67: 14000 | Y67: 45181 | Z67: 102 | AB67: 94 | AC67: UA | AD67: 12F | AE67: 20 | AF67: =IF(AB67<>"",AE67*AB67,0) -> 1880 | AH67: Sudhist Enterprises | AI67: 94 | AJ67: 20 | AK67: =IF(AI67<>"",AJ67*AI67,0) -> 1880 | AN67: =IF(AL67<>"",AM67*AL67,0) -> 0 | AO67: =AN67+AK67 -> 1880 | AQ67: ETIL-PUR-ORD-23-10-00058 | AR67: 45211 | AS67: =AJ67 -> 20 | AT67: =AS67*AI67 -> 1880 | AV67: SE/361 BG | AW67: 45257 | AX67: =AJ67 -> 20 | AY67: =AI67 -> 94 | AZ67: =IF(AY67<>"",AY67*AX67,0) -> 1880
A68: =A67+1 -> 66 | B68: 1GF220102 | C68: R-14 | D68: 00001GF22-1GF210102 | E68: =_xlfn.IFNA(VLOOKUP($D68,'Route-Details'!$B$2:$X$1048576,'Node Details'!E$1,0),"") -> Airtel | F68: =_xlfn.IFNA(VLOOKUP($D68,'Route-Details'!$B$2:$X$1048576,'Node Details'!F$1,0),"") -> Gorai | G68: =_xlfn.IFNA(VLOOKUP($D68,'Route-Details'!$B$2:$X$1048576,'Node Details'!G$1,0),"") -> Mumbai | H68: =_xlfn.IFNA(VLOOKUP($D69,'Route-Details'!$B$2:$X$1048576,'Node Details'!H$1,0),"") -> Mumbai | I68: =_xlfn.IFNA(VLOOKUP($D68,'Route-Details'!$B$2:$X$1048576,'Node Details'!I$1,0),"") -> 1GF | J68: =_xlfn.IFNA(VLOOKUP($D68,'Route-Details'!$B$2:$X$1048576,'Node Details'!J$1,0),"") -> 1GF | K68: 45229 | L68: 45229 | M68: WIP | R68: 12F | S68: 213 | T68: 213 | U68: 213 | W68: BAL-ANG-UASL-Mumbai-Maharashtra/PUR/100 04346 | X68: 14000 | Y68: 45181 | Z68: 102 | AB68: 213 | AC68: UA | AD68: 12F | AE68: 20 | AF68: =IF(AB68<>"",AE68*AB68,0) -> 4260 | AH68: Sudhist Enterprises | AI68: 213 | AJ68: 20 | AK68: =IF(AI68<>"",AJ68*AI68,0) -> 4260 | AN68: =IF(AL68<>"",AM68*AL68,0) -> 0 | AO68: =AN68+AK68 -> 4260 | AQ68: ETIL-PUR-ORD-23-10-00058 | AR68: 45211 | AS68: =AJ68 -> 20 | AT68: =AS68*AI68 -> 4260 | AV68: SE/361 BG | AW68: 45257 | AX68: =AJ68 -> 20 | AY68: =AI68 -> 213 | AZ68: =IF(AY68<>"",AY68*AX68,0) -> 4260
A69: =A68+1 -> 67 | B69: 1GF | C69: R-2 | D69: 00001GF22-0000001GF | E69: =_xlfn.IFNA(VLOOKUP($D69,'Route-Details'!$B$2:$X$1048576,'Node Details'!E$1,0),"") -> Airtel | F69: =_xlfn.IFNA(VLOOKUP($D69,'Route-Details'!$B$2:$X$1048576,'Node Details'!F$1,0),"") -> Gorai | G69: =_xlfn.IFNA(VLOOKUP($D69,'Route-Details'!$B$2:$X$1048576,'Node Details'!G$1,0),"") -> Mumbai | H69: =_xlfn.IFNA(VLOOKUP($D70,'Route-Details'!$B$2:$X$1048576,'Node Details'!H$1,0),"") -> Mumbai | I69: =_xlfn.IFNA(VLOOKUP($D69,'Route-Details'!$B$2:$X$1048576,'Node Details'!I$1,0),"") -> 1GF | J69: =_xlfn.IFNA(VLOOKUP($D69,'Route-Details'!$B$2:$X$1048576,'Node Details'!J$1,0),"") -> 1GF | K69: 45229 | L69: 45229 | M69: 45379 | R69: 24F | S69: 800 | T69: 800 | U69: 800 | W69: BAL-ANG-UASL-Mumbai-Maharashtra/PUR/100 04346 | X69: 3500 | Y69: 45181 | Z69: 122 | AB69: 800 | AC69: UA | AD69: 24F | AE69: 20 | AF69: =IF(AB69<>"",AE69*AB69,0) -> 16000 | AH69: Sudhist Enterprises | AI69: 800 | AJ69: 20 | AK69: =IF(AI69<>"",AJ69*AI69,0) -> 16000 | AN69: =IF(AL69<>"",AM69*AL69,0) -> 0 | AO69: =AN69+AK69 -> 16000 | AQ69: ETIL-PUR-ORD-23-10-00058 | AR69: 45211 | AS69: =AJ69 -> 20 | AT69: =AS69*AI69 -> 16000 | AV69: SE/361 BG | AW69: 45257 | AX69: =AJ69 -> 20 | AY69: =AI69 -> 800 | AZ69: =IF(AY69<>"",AY69*AX69,0) -> 16000
A70: =A69+1 -> 68 | B70: 1GF220103 | C70: R-14 | D70: 00001GF22-1GF210102 | E70: =_xlfn.IFNA(VLOOKUP($D70,'Route-Details'!$B$2:$X$1048576,'Node Details'!E$1,0),"") -> Airtel | F70: =_xlfn.IFNA(VLOOKUP($D70,'Route-Details'!$B$2:$X$1048576,'Node Details'!F$1,0),"") -> Gorai | G70: =_xlfn.IFNA(VLOOKUP($D70,'Route-Details'!$B$2:$X$1048576,'Node Details'!G$1,0),"") -> Mumbai | H70: =_xlfn.IFNA(VLOOKUP($D71,'Route-Details'!$B$2:$X$1048576,'Node Details'!H$1,0),"") -> Mumbai | I70: =_xlfn.IFNA(VLOOKUP($D70,'Route-Details'!$B$2:$X$1048576,'Node Details'!I$1,0),"") -> 1GF | J70: =_xlfn.IFNA(VLOOKUP($D70,'Route-Details'!$B$2:$X$1048576,'Node Details'!J$1,0),"") -> 1GF | K70: 45229 | L70: 45229 | M70: WIP | AF70: =IF(AB70<>"",AE70*AB70,0) -> 0 | AJ70: 20 | AK70: =IF(AI70<>"",AJ70*AI70,0) -> 0 | AN70: =IF(AL70<>"",AM70*AL70,0) -> 0 | AO70: =AN70+AK70 -> 0 | AS70: =AJ70 -> 20 | AT70: =AS70*AI70 -> 0 | AX70: =AJ70 -> 20 | AY70: =AI70 -> 0 | AZ70: =IF(AY70<>"",AY70*AX70,0) -> 0
A71: =A70+1 -> 69 | B71: 1GF220104 | C71: R-14 | D71: 00001GF22-1GF210102 | E71: =_xlfn.IFNA(VLOOKUP($D71,'Route-Details'!$B$2:$X$1048576,'Node Details'!E$1,0),"") -> Airtel | F71: =_xlfn.IFNA(VLOOKUP($D71,'Route-Details'!$B$2:$X$1048576,'Node Details'!F$1,0),"") -> Gorai | G71: =_xlfn.IFNA(VLOOKUP($D71,'Route-Details'!$B$2:$X$1048576,'Node Details'!G$1,0),"") -> Mumbai | H71: =_xlfn.IFNA(VLOOKUP($D72,'Route-Details'!$B$2:$X$1048576,'Node Details'!H$1,0),"") -> Mumbai | I71: =_xlfn.IFNA(VLOOKUP($D71,'Route-Details'!$B$2:$X$1048576,'Node Details'!I$1,0),"") -> 1GF | J71: =_xlfn.IFNA(VLOOKUP($D71,'Route-Details'!$B$2:$X$1048576,'Node Details'!J$1,0),"") -> 1GF | K71: 45229 | L71: 45229 | M71: WIP | AF71: =IF(AB71<>"",AE71*AB71,0) -> 0 | AJ71: 20 | AK71: =IF(AI71<>"",AJ71*AI71,0) -> 0 | AN71: =IF(AL71<>"",AM71*AL71,0) -> 0 | AO71: =AN71+AK71 -> 0 | AS71: =AJ71 -> 20 | AT71: =AS71*AI71 -> 0 | AX71: =AJ71 -> 20 | AY71: =AI71 -> 0 | AZ71: =IF(AY71<>"",AY71*AX71,0) -> 0
A72: =A71+1 -> 70 | B72: 1GF220105 | C72: R-14 | D72: 00001GF22-1GF210102 | E72: =_xlfn.IFNA(VLOOKUP($D72,'Route-Details'!$B$2:$X$1048576,'Node Details'!E$1,0),"") -> Airtel | F72: =_xlfn.IFNA(VLOOKUP($D72,'Route-Details'!$B$2:$X$1048576,'Node Details'!F$1,0),"") -> Gorai | G72: =_xlfn.IFNA(VLOOKUP($D72,'Route-Details'!$B$2:$X$1048576,'Node Details'!G$1,0),"") -> Mumbai | H72: =_xlfn.IFNA(VLOOKUP($D73,'Route-Details'!$B$2:$X$1048576,'Node Details'!H$1,0),"") -> Mumbai | I72: =_xlfn.IFNA(VLOOKUP($D72,'Route-Details'!$B$2:$X$1048576,'Node Details'!I$1,0),"") -> 1GF | J72: =_xlfn.IFNA(VLOOKUP($D72,'Route-Details'!$B$2:$X$1048576,'Node Details'!J$1,0),"") -> 1GF | K72: 45229 | L72: 45229 | M72: WIP | AF72: =IF(AB72<>"",AE72*AB72,0) -> 0 | AJ72: 20 | AK72: =IF(AI72<>"",AJ72*AI72,0) -> 0 | AN72: =IF(AL72<>"",AM72*AL72,0) -> 0 | AO72: =AN72+AK72 -> 0 | AS72: =AJ72 -> 20 | AT72: =AS72*AI72 -> 0 | AX72: =AJ72 -> 20 | AY72: =AI72 -> 0 | AZ72: =IF(AY72<>"",AY72*AX72,0) -> 0
A73: =A72+1 -> 71 | B73: 1GF220106 | C73: R-14 | D73: 00001GF22-1GF210102 | E73: =_xlfn.IFNA(VLOOKUP($D73,'Route-Details'!$B$2:$X$1048576,'Node Details'!E$1,0),"") -> Airtel | F73: =_xlfn.IFNA(VLOOKUP($D73,'Route-Details'!$B$2:$X$1048576,'Node Details'!F$1,0),"") -> Gorai | G73: =_xlfn.IFNA(VLOOKUP($D73,'Route-Details'!$B$2:$X$1048576,'Node Details'!G$1,0),"") -> Mumbai | H73: =_xlfn.IFNA(VLOOKUP($D74,'Route-Details'!$B$2:$X$1048576,'Node Details'!H$1,0),"") -> Mumbai | I73: =_xlfn.IFNA(VLOOKUP($D73,'Route-Details'!$B$2:$X$1048576,'Node Details'!I$1,0),"") -> 1GF | J73: =_xlfn.IFNA(VLOOKUP($D73,'Route-Details'!$B$2:$X$1048576,'Node Details'!J$1,0),"") -> 1GF | K73: 45229 | L73: 45229 | M73: WIP | AF73: =IF(AB73<>"",AE73*AB73,0) -> 0 | AJ73: 20 | AK73: =IF(AI73<>"",AJ73*AI73,0) -> 0 | AN73: =IF(AL73<>"",AM73*AL73,0) -> 0 | AO73: =AN73+AK73 -> 0 | AS73: =AJ73 -> 20 | AT73: =AS73*AI73 -> 0 | AX73: =AJ73 -> 20 | AY73: =AI73 -> 0 | AZ73: =IF(AY73<>"",AY73*AX73,0) -> 0
A74: =A73+1 -> 72 | B74: 1GF120107 | C74: R-4 | D74: 00001GF12-1GF120106 | E74: =_xlfn.IFNA(VLOOKUP($D74,'Route-Details'!$B$2:$X$1048576,'Node Details'!E$1,0),"") -> Airtel | F74: =_xlfn.IFNA(VLOOKUP($D74,'Route-Details'!$B$2:$X$1048576,'Node Details'!F$1,0),"") -> Gorai | G74: =_xlfn.IFNA(VLOOKUP($D74,'Route-Details'!$B$2:$X$1048576,'Node Details'!G$1,0),"") -> Mumbai | H74: =_xlfn.IFNA(VLOOKUP($D75,'Route-Details'!$B$2:$X$1048576,'Node Details'!H$1,0),"") -> Mumbai | I74: =_xlfn.IFNA(VLOOKUP($D74,'Route-Details'!$B$2:$X$1048576,'Node Details'!I$1,0),"") -> 1GF | J74: =_xlfn.IFNA(VLOOKUP($D74,'Route-Details'!$B$2:$X$1048576,'Node Details'!J$1,0),"") -> 1GF | K74: 45092 | L74: 45092 | M74: WIP | R74: 12F | S74: 51 | T74: 51 | U74: 51 | W74: BAL-ANG-UASL-Mumbai-Maharashtra/PUR/100 04346 | X74: 14000 | Y74: 45181 | Z74: 102 | AB74: 51 | AC74: UA | AD74: 12F | AE74: 20 | AF74: =IF(AB74<>"",AE74*AB74,0) -> 1020 | AH74: Sudhist Enterprises | AI74: 51 | AJ74: 20 | AK74: =IF(AI74<>"",AJ74*AI74,0) -> 1020 | AN74: =IF(AL74<>"",AM74*AL74,0) -> 0 | AO74: =AN74+AK74 -> 1020 | AQ74: ETIL-PUR-ORD-24-06-00029 | AR74: 45461 | AS74: =AJ74 -> 20 | AT74: =AS74*AI74 -> 1020 | AV74: SE/458BG | AW74: 45461 | AX74: =AJ74 -> 20 | AY74: =AI74 -> 51 | AZ74: =IF(AY74<>"",AY74*AX74,0) -> 1020
A75: =A74+1 -> 73 | B75: 1GF120108 | C75: R-4 | D75: 00001GF12-1GF120106 | E75: =_xlfn.IFNA(VLOOKUP($D75,'Route-Details'!$B$2:$X$1048576,'Node Details'!E$1,0),"") -> Airtel | F75: =_xlfn.IFNA(VLOOKUP($D75,'Route-Details'!$B$2:$X$1048576,'Node Details'!F$1,0),"") -> Gorai | G75: =_xlfn.IFNA(VLOOKUP($D75,'Route-Details'!$B$2:$X$1048576,'Node Details'!G$1,0),"") -> Mumbai | H75: =_xlfn.IFNA(VLOOKUP($D76,'Route-Details'!$B$2:$X$1048576,'Node Details'!H$1,0),"") -> Mumbai | I75: =_xlfn.IFNA(VLOOKUP($D75,'Route-Details'!$B$2:$X$1048576,'Node Details'!I$1,0),"") -> 1GF | J75: =_xlfn.IFNA(VLOOKUP($D75,'Route-Details'!$B$2:$X$1048576,'Node Details'!J$1,0),"") -> 1GF | K75: 45092 | L75: 45092 | M75: WIP | W75: BAL-ANG-UASL-Mumbai-Maharashtra/PUR/100 04346 | X75: 14000 | Y75: 45181 | Z75: 102 | AF75: =IF(AB75<>"",AE75*AB75,0) -> 0 | AH75: Sudhist Enterprises | AJ75: 20 | AK75: =IF(AI75<>"",AJ75*AI75,0) -> 0 | AN75: =IF(AL75<>"",AM75*AL75,0) -> 0 | AO75: =AN75+AK75 -> 0 | AQ75: ETIL-PUR-ORD-24-06-00029 | AR75: 45461 | AS75: =AJ75 -> 20 | AT75: =AS75*AI75 -> 0 | AV75: SE/458BG | AW75: 45461 | AX75: =AJ75 -> 20 | AY75: =AI75 -> 0 | AZ75: =IF(AY75<>"",AY75*AX75,0) -> 0
A76: =A75+1 -> 74 | B76: 1GF23 | C76: R-15 | D76: 00001GF12-1GF120106 | E76: =_xlfn.IFNA(VLOOKUP($D76,'Route-Details'!$B$2:$X$1048576,'Node Details'!E$1,0),"") -> Airtel | F76: =_xlfn.IFNA(VLOOKUP($D76,'Route-Details'!$B$2:$X$1048576,'Node Details'!F$1,0),"") -> Gorai | G76: =_xlfn.IFNA(VLOOKUP($D76,'Route-Details'!$B$2:$X$1048576,'Node Details'!G$1,0),"") -> Mumbai | H76: =_xlfn.IFNA(VLOOKUP($D77,'Route-Details'!$B$2:$X$1048576,'Node Details'!H$1,0),"") -> Mumbai | I76: =_xlfn.IFNA(VLOOKUP($D76,'Route-Details'!$B$2:$X$1048576,'Node Details'!I$1,0),"") -> 1GF | J76: =_xlfn.IFNA(VLOOKUP($D76,'Route-Details'!$B$2:$X$1048576,'Node Details'!J$1,0),"") -> 1GF | K76: 45092 | L76: 45092 | M76: WIP | R76: 12F | S76: 140 | T76: 140 | U76: 140 | W76: BAL-ANG-UASL-Mumbai-Maharashtra/PUR/100 04346 | X76: 14000 | Y76: 45181 | Z76: 102 | AB76: 140 | AC76: UA | AD76: 12F | AE76: 20 | AF76: =IF(AB76<>"",AE76*AB76,0) -> 2800 | AH76: Sudhist Enterprises | AI76: 140 | AJ76: 20 | AK76: =IF(AI76<>"",AJ76*AI76,0) -> 2800 | AN76: =IF(AL76<>"",AM76*AL76,0) -> 0 | AO76: =AN76+AK76 -> 2800 | AQ76: ETIL-PUR-ORD-24-06-00029 | AR76: 45461 | AS76: =AJ76 -> 20 | AT76: =AS76*AI76 -> 2800 | AV76: SE/458BG | AW76: 45461 | AX76: =AJ76 -> 20 | AY76: =AI76 -> 140 | AZ76: =IF(AY76<>"",AY76*AX76,0) -> 2800
A77: =A76+1 -> 75 | B77: 1GF230101 | C77: R-15 | D77: 00001GF12-1GF120106 | E77: =_xlfn.IFNA(VLOOKUP($D77,'Route-Details'!$B$2:$X$1048576,'Node Details'!E$1,0),"") -> Airtel | F77: =_xlfn.IFNA(VLOOKUP($D77,'Route-Details'!$B$2:$X$1048576,'Node Details'!F$1,0),"") -> Gorai | G77: =_xlfn.IFNA(VLOOKUP($D77,'Route-Details'!$B$2:$X$1048576,'Node Details'!G$1,0),"") -> Mumbai | H77: =_xlfn.IFNA(VLOOKUP($D78,'Route-Details'!$B$2:$X$1048576,'Node Details'!H$1,0),"") -> Mumbai | I77: =_xlfn.IFNA(VLOOKUP($D77,'Route-Details'!$B$2:$X$1048576,'Node Details'!I$1,0),"") -> 1GF | J77: =_xlfn.IFNA(VLOOKUP($D77,'Route-Details'!$B$2:$X$1048576,'Node Details'!J$1,0),"") -> 1GF | K77: 45092 | L77: 45092 | M77: WIP | W77: BAL-ANG-UASL-Mumbai-Maharashtra/PUR/100 04346 | X77: 14000 | Y77: 45181 | Z77: 102 | AF77: =IF(AB77<>"",AE77*AB77,0) -> 0 | AH77: Sudhist Enterprises | AJ77: 20 | AK77: =IF(AI77<>"",AJ77*AI77,0) -> 0 | AN77: =IF(AL77<>"",AM77*AL77,0) -> 0 | AO77: =AN77+AK77 -> 0 | AQ77: ETIL-PUR-ORD-24-06-00029 | AR77: 45461 | AS77: =AJ77 -> 20 | AT77: =AS77*AI77 -> 0 | AV77: SE/458BG | AW77: 45461 | AX77: =AJ77 -> 20 | AY77: =AI77 -> 0 | AZ77: =IF(AY77<>"",AY77*AX77,0) -> 0
A78: =A77+1 -> 76 | B78: 1GF230102 | C78: R-15 | D78: 00001GF12-1GF120106 | E78: =_xlfn.IFNA(VLOOKUP($D78,'Route-Details'!$B$2:$X$1048576,'Node Details'!E$1,0),"") -> Airtel | F78: =_xlfn.IFNA(VLOOKUP($D78,'Route-Details'!$B$2:$X$1048576,'Node Details'!F$1,0),"") -> Gorai | G78: =_xlfn.IFNA(VLOOKUP($D78,'Route-Details'!$B$2:$X$1048576,'Node Details'!G$1,0),"") -> Mumbai | H78: =_xlfn.IFNA(VLOOKUP($D79,'Route-Details'!$B$2:$X$1048576,'Node Details'!H$1,0),"") -> Mumbai | I78: =_xlfn.IFNA(VLOOKUP($D78,'Route-Details'!$B$2:$X$1048576,'Node Details'!I$1,0),"") -> 1GF | J78: =_xlfn.IFNA(VLOOKUP($D78,'Route-Details'!$B$2:$X$1048576,'Node Details'!J$1,0),"") -> 1GF | K78: 45092 | L78: 45092 | M78: WIP | W78: BAL-ANG-UASL-Mumbai-Maharashtra/PUR/100 04346 | X78: 14000 | Y78: 45181 | Z78: 102 | AF78: =IF(AB78<>"",AE78*AB78,0) -> 0 | AH78: Sudhist Enterprises | AJ78: 20 | AK78: =IF(AI78<>"",AJ78*AI78,0) -> 0 | AN78: =IF(AL78<>"",AM78*AL78,0) -> 0 | AO78: =AN78+AK78 -> 0 | AQ78: ETIL-PUR-ORD-24-06-00029 | AR78: 45461 | AS78: =AJ78 -> 20 | AT78: =AS78*AI78 -> 0 | AV78: SE/458BG | AW78: 45461 | AX78: =AJ78 -> 20 | AY78: =AI78 -> 0 | AZ78: =IF(AY78<>"",AY78*AX78,0) -> 0
A79: =A78+1 -> 77 | B79: 1GF24 | C79: R-16 | D79: 00001GF12-1GF120106 | E79: =_xlfn.IFNA(VLOOKUP($D79,'Route-Details'!$B$2:$X$1048576,'Node Details'!E$1,0),"") -> Airtel | F79: =_xlfn.IFNA(VLOOKUP($D79,'Route-Details'!$B$2:$X$1048576,'Node Details'!F$1,0),"") -> Gorai | G79: =_xlfn.IFNA(VLOOKUP($D79,'Route-Details'!$B$2:$X$1048576,'Node Details'!G$1,0),"") -> Mumbai | H79: =_xlfn.IFNA(VLOOKUP($D80,'Route-Details'!$B$2:$X$1048576,'Node Details'!H$1,0),"") -> Mumbai | I79: =_xlfn.IFNA(VLOOKUP($D79,'Route-Details'!$B$2:$X$1048576,'Node Details'!I$1,0),"") -> 1GF | J79: =_xlfn.IFNA(VLOOKUP($D79,'Route-Details'!$B$2:$X$1048576,'Node Details'!J$1,0),"") -> 1GF | K79: 45092 | L79: 45092 | M79: WIP | R79: 12F | S79: 170 | T79: 170 | U79: 170 | W79: BAL-ANG-UASL-Mumbai-Maharashtra/PUR/100 04346 | X79: 14000 | Y79: 45181 | Z79: 102 | AB79: 170 | AC79: UA | AD79: 12F | AE79: 20 | AF79: =IF(AB79<>"",AE79*AB79,0) -> 3400 | AH79: Sudhist Enterprises | AI79: 170 | AJ79: 20 | AK79: =IF(AI79<>"",AJ79*AI79,0) -> 3400 | AN79: =IF(AL79<>"",AM79*AL79,0) -> 0 | AO79: =AN79+AK79 -> 3400 | AQ79: ETIL-PUR-ORD-24-06-00029 | AR79: 45461 | AS79: =AJ79 -> 20 | AT79: =AS79*AI79 -> 3400 | AV79: SE/458BG | AW79: 45461 | AX79: =AJ79 -> 20 | AY79: =AI79 -> 170 | AZ79: =IF(AY79<>"",AY79*AX79,0) -> 3400
A80: =A79+1 -> 78 | B80: 1GF240101 | C80: R-16 | D80: 00001GF12-1GF120106 | E80: =_xlfn.IFNA(VLOOKUP($D80,'Route-Details'!$B$2:$X$1048576,'Node Details'!E$1,0),"") -> Airtel | F80: =_xlfn.IFNA(VLOOKUP($D80,'Route-Details'!$B$2:$X$1048576,'Node Details'!F$1,0),"") -> Gorai | G80: =_xlfn.IFNA(VLOOKUP($D80,'Route-Details'!$B$2:$X$1048576,'Node Details'!G$1,0),"") -> Mumbai | H80: =_xlfn.IFNA(VLOOKUP($D81,'Route-Details'!$B$2:$X$1048576,'Node Details'!H$1,0),"") -> Mumbai | I80: =_xlfn.IFNA(VLOOKUP($D80,'Route-Details'!$B$2:$X$1048576,'Node Details'!I$1,0),"") -> 1GF | J80: =_xlfn.IFNA(VLOOKUP($D80,'Route-Details'!$B$2:$X$1048576,'Node Details'!J$1,0),"") -> 1GF | K80: 45092 | L80: 45092 | M80: WIP | W80: BAL-ANG-UASL-Mumbai-Maharashtra/PUR/100 04346 | X80: 14000 | Y80: 45181 | Z80: 102 | AF80: =IF(AB80<>"",AE80*AB80,0) -> 0 | AH80: Sudhist Enterprises | AK80: =IF(AI80<>"",AJ80*AI80,0) -> 0 | AN80: =IF(AL80<>"",AM80*AL80,0) -> 0 | AO80: =AN80+AK80 -> 0 | AQ80: ETIL-PUR-ORD-24-06-00029 | AR80: 45461 | AS80: =AJ80 -> 0 | AT80: =AS80*AI80 -> 0 | AV80: SE/458BG | AW80: 45461 | AX80: =AJ80 -> 0 | AY80: =AI80 -> 0 | AZ80: =IF(AY80<>"",AY80*AX80,0) -> 0
A81: =A80+1 -> 79 | B81: 1GF240102 | C81: R-16 | D81: 00001GF12-1GF120106 | E81: =_xlfn.IFNA(VLOOKUP($D81,'Route-Details'!$B$2:$X$1048576,'Node Details'!E$1,0),"") -> Airtel | F81: =_xlfn.IFNA(VLOOKUP($D81,'Route-Details'!$B$2:$X$1048576,'Node Details'!F$1,0),"") -> Gorai | G81: =_xlfn.IFNA(VLOOKUP($D81,'Route-Details'!$B$2:$X$1048576,'Node Details'!G$1,0),"") -> Mumbai | H81: =_xlfn.IFNA(VLOOKUP($D82,'Route-Details'!$B$2:$X$1048576,'Node Details'!H$1,0),"") | I81: =_xlfn.IFNA(VLOOKUP($D81,'Route-Details'!$B$2:$X$1048576,'Node Details'!I$1,0),"") -> 1GF | J81: =_xlfn.IFNA(VLOOKUP($D81,'Route-Details'!$B$2:$X$1048576,'Node Details'!J$1,0),"") -> 1GF | K81: 45092 | L81: 45092 | M81: WIP | W81: BAL-ANG-UASL-Mumbai-Maharashtra/PUR/100 04346 | X81: 14000 | Y81: 45181 | Z81: 102 | AF81: =IF(AB81<>"",AE81*AB81,0) -> 0 | AH81: Sudhist Enterprises | AK81: =IF(AI81<>"",AJ81*AI81,0) -> 0 | AN81: =IF(AL81<>"",AM81*AL81,0) -> 0 | AO81: =AN81+AK81 -> 0 | AQ81: ETIL-PUR-ORD-24-06-00029 | AR81: 45461 | AS81: =AJ81 -> 0 | AT81: =AS81*AI81 -> 0 | AV81: SE/458BG | AW81: 45461 | AX81: =AJ81 -> 0 | AY81: =AI81 -> 0 | AZ81: =IF(AY81<>"",AY81*AX81,0) -> 0

Sheet Other Material
C1: =MATCH(C2,'Node Details'!$B$2:$U$2,0) -> 3 | D1: =MATCH(D2,'Node Details'!$B$2:$U$2,0) -> 9 | E1: =MATCH(E2,'Node Details'!$B$2:$U$2,0) -> 4 | I1: =SUBTOTAL(9,I3:I1048576) -> 912 | K1: =SUBTOTAL(9,K3:K1048576) -> 179090 | Q1: =SUBTOTAL(9,Q3:Q1048576) -> 179090
A2: Sr No | B2: FDC/FAT Unique ID | C2: Route ID (Route on which FAT/FDC is connected) | D2: Cluster ID | E2: Customer | F2: HOTO Date | H2: Item Name | I2: Qty used | J2: Rate Per Unit | K2: Total Cost | L2: Installation Date | N2: Vendor PO No | O2: Vendor PO Date | P2: Vendor PO Rate | Q2: Vendor PO Cost | S2: Vendor Invoice No | T2: Vendor Invoice Date | U2: Vendor Invoice Rate | V2: Vendor Invoiced length | W2: Invoice Amt | X2: Circle
A3: 1 | B3: 1GF120101 | C3: =IF($B3<>"",_xlfn.IFNA(VLOOKUP($B3,'Node Details'!$B:$U,C$1,0),"Check"),"") -> 00001GF12-1GF120106 | D3: =IF($B3<>"",_xlfn.IFNA(VLOOKUP($B3,'Node Details'!$B:$U,D$1,0),"Check"),"") -> 1GF | E3: =IF($B3<>"",_xlfn.IFNA(VLOOKUP($B3,'Node Details'!$B:$U,E$1,0),"Check"),"") -> Airtel | F3: 45141 | H3: Pigtail | I3: 12 | J3: 80 | K3: =IF(I3<>"",J3*I3,0) -> 960 | L3: 45141 | N3: ETIPL-PUR-ORD-23-12-00057 | O3: 45273 | P3: =J3 -> 80 | Q3: =P3*I3 -> 960 | S3: INVSR-535/23-24 | T3: 45273 | U3: =J3 -> 80 | V3: =I3 -> 12 | W3: =IF(V3<>"",V3*U3,0) -> 960 | X3: Mumbai | Y3: CCL
A4: =A3+1 -> 2 | B4: 1GF120102 | C4: =IF($B4<>"",_xlfn.IFNA(VLOOKUP($B4,'Node Details'!$B:$U,C$1,0),"Check"),"") -> 00001GF12-1GF120106 | D4: =IF($B4<>"",_xlfn.IFNA(VLOOKUP($B4,'Node Details'!$B:$U,D$1,0),"Check"),"") -> 1GF | E4: =IF($B4<>"",_xlfn.IFNA(VLOOKUP($B4,'Node Details'!$B:$U,E$1,0),"Check"),"") -> Airtel | F4: 45141 | H4: Pigtail | I4: 10 | J4: 80 | K4: =IF(I4<>"",J4*I4,0) -> 800 | L4: 45141 | N4: ETIPL-PUR-ORD-23-12-00057 | O4: 45273 | P4: =J4 -> 80 | Q4: =P4*I4 -> 800 | S4: INVSR-535/23-24 | T4: 45273 | U4: =J4 -> 80 | V4: =I4 -> 10 | W4: =IF(V4<>"",V4*U4,0) -> 800 | X4: Mumbai | Y4: CCL
A5: =A4+1 -> 3 | B5: 1GF120103 | C5: =IF($B5<>"",_xlfn.IFNA(VLOOKUP($B5,'Node Details'!$B:$U,C$1,0),"Check"),"") -> 00001GF12-1GF120106 | D5: =IF($B5<>"",_xlfn.IFNA(VLOOKUP($B5,'Node Details'!$B:$U,D$1,0),"Check"),"") -> 1GF | E5: =IF($B5<>"",_xlfn.IFNA(VLOOKUP($B5,'Node Details'!$B:$U,E$1,0),"Check"),"") -> Airtel | F5: 45141 | H5: Pigtail | I5: 10 | J5: 80 | K5: =IF(I5<>"",J5*I5,0) -> 800 | L5: 45141 | N5: ETIPL-PUR-ORD-23-12-00057 | O5: 45273 | P5: =J5 -> 80 | Q5: =P5*I5 -> 800 | S5: INVSR-535/23-24 | T5: 45273 | U5: =J5 -> 80 | V5: =I5 -> 10 | W5: =IF(V5<>"",V5*U5,0) -> 800 | X5: Mumbai | Y5: CCL
A6: =A5+1 -> 4 | B6: 1GF120104 | C6: =IF($B6<>"",_xlfn.IFNA(VLOOKUP($B6,'Node Details'!$B:$U,C$1,0),"Check"),"") -> 00001GF12-1GF120106 | D6: =IF($B6<>"",_xlfn.IFNA(VLOOKUP($B6,'Node Details'!$B:$U,D$1,0),"Check"),"") -> 1GF | E6: =IF($B6<>"",_xlfn.IFNA(VLOOKUP($B6,'Node Details'!$B:$U,E$1,0),"Check"),"") -> Airtel | F6: 45141 | H6: Pigtail | I6: 10 | J6: 80 | K6: =IF(I6<>"",J6*I6,0) -> 800 | L6: 45141 | N6: ETIPL-PUR-ORD-23-12-00057 | O6: 45273 | P6: =J6 -> 80 | Q6: =P6*I6 -> 800 | S6: INVSR-535/23-24 | T6: 45273 | U6: =J6 -> 80 | V6: =I6 -> 10 | W6: =IF(V6<>"",V6*U6,0) -> 800 | X6: Mumbai | Y6: CCL
A7: =A6+1 -> 5 | B7: 1GF120105 | C7: =IF($B7<>"",_xlfn.IFNA(VLOOKUP($B7,'Node Details'!$B:$U,C$1,0),"Check"),"") -> 00001GF12-1GF120106 | D7: =IF($B7<>"",_xlfn.IFNA(VLOOKUP($B7,'Node Details'!$B:$U,D$1,0),"Check"),"") -> 1GF | E7: =IF($B7<>"",_xlfn.IFNA(VLOOKUP($B7,'Node Details'!$B:$U,E$1,0),"Check"),"") -> Airtel | F7: 45141 | H7: Pigtail | I7: 10 | J7: 80 | K7: =IF(I7<>"",J7*I7,0) -> 800 | L7: 45141 | N7: ETIPL-PUR-ORD-23-12-00057 | O7: 45273 | P7: =J7 -> 80 | Q7: =P7*I7 -> 800 | S7: INVSR-535/23-24 | T7: 45273 | U7: =J7 -> 80 | V7: =I7 -> 10 | W7: =IF(V7<>"",V7*U7,0) -> 800 | X7: Mumbai | Y7: CCL
A8: =A7+1 -> 6 | B8: 1GF120106 | C8: =IF($B8<>"",_xlfn.IFNA(VLOOKUP($B8,'Node Details'!$B:$U,C$1,0),"Check"),"") -> 00001GF12-1GF120106 | D8: =IF($B8<>"",_xlfn.IFNA(VLOOKUP($B8,'Node Details'!$B:$U,D$1,0),"Check"),"") -> 1GF | E8: =IF($B8<>"",_xlfn.IFNA(VLOOKUP($B8,'Node Details'!$B:$U,E$1,0),"Check"),"") -> Airtel | F8: 45141 | H8: Pigtail | I8: 10 | J8: 80 | K8: =IF(I8<>"",J8*I8,0) -> 800 | L8: 45141 | N8: ETIPL-PUR-ORD-23-12-00057 | O8: 45273 | P8: =J8 -> 80 | Q8: =P8*I8 -> 800 | S8: INVSR-535/23-24 | T8: 45273 | U8: =J8 -> 80 | V8: =I8 -> 10 | W8: =IF(V8<>"",V8*U8,0) -> 800 | X8: Mumbai | Y8: CCL
A9: =A8+1 -> 7 | B9: 1GF130101 | C9: =IF($B9<>"",_xlfn.IFNA(VLOOKUP($B9,'Node Details'!$B:$U,C$1,0),"Check"),"") -> 00001GF13-1GF130106 | D9: =IF($B9<>"",_xlfn.IFNA(VLOOKUP($B9,'Node Details'!$B:$U,D$1,0),"Check"),"") -> 1GF | E9: =IF($B9<>"",_xlfn.IFNA(VLOOKUP($B9,'Node Details'!$B:$U,E$1,0),"Check"),"") -> Airtel | F9: 45141 | H9: Pigtail | I9: 12 | J9: 80 | K9: =IF(I9<>"",J9*I9,0) -> 960 | L9: 45141 | N9: ETIPL-PUR-ORD-23-12-00057 | O9: 45273 | P9: =J9 -> 80 | Q9: =P9*I9 -> 960 | S9: INVSR-535/23-24 | T9: 45273 | U9: =J9 -> 80 | V9: =I9 -> 12 | W9: =IF(V9<>"",V9*U9,0) -> 960 | X9: Mumbai | Y9: CCL
A10: =A9+1 -> 8 | B10: 1GF130102 | C10: =IF($B10<>"",_xlfn.IFNA(VLOOKUP($B10,'Node Details'!$B:$U,C$1,0),"Check"),"") -> 00001GF13-1GF130106 | D10: =IF($B10<>"",_xlfn.IFNA(VLOOKUP($B10,'Node Details'!$B:$U,D$1,0),"Check"),"") -> 1GF | E10: =IF($B10<>"",_xlfn.IFNA(VLOOKUP($B10,'Node Details'!$B:$U,E$1,0),"Check"),"") -> Airtel | F10: 45141 | H10: Pigtail | I10: 14 | J10: 80 | K10: =IF(I10<>"",J10*I10,0) -> 1120 | L10: 45141 | N10: ETIPL-PUR-ORD-23-12-00057 | O10: 45273 | P10: =J10 -> 80 | Q10: =P10*I10 -> 1120 | S10: INVSR-535/23-24 | T10: 45273 | U10: =J10 -> 80 | V10: =I10 -> 14 | W10: =IF(V10<>"",V10*U10,0) -> 1120 | X10: Mumbai | Y10: CCL
A11: =A10+1 -> 9 | B11: 1GF130103 | C11: =IF($B11<>"",_xlfn.IFNA(VLOOKUP($B11,'Node Details'!$B:$U,C$1,0),"Check"),"") -> 00001GF13-1GF130106 | D11: =IF($B11<>"",_xlfn.IFNA(VLOOKUP($B11,'Node Details'!$B:$U,D$1,0),"Check"),"") -> 1GF | E11: =IF($B11<>"",_xlfn.IFNA(VLOOKUP($B11,'Node Details'!$B:$U,E$1,0),"Check"),"") -> Airtel | F11: 45141 | H11: Pigtail | I11: 10 | J11: 80 | K11: =IF(I11<>"",J11*I11,0) -> 800 | L11: 45141 | N11: ETIPL-PUR-ORD-23-12-00057 | O11: 45273 | P11: =J11 -> 80 | Q11: =P11*I11 -> 800 | S11: INVSR-535/23-24 | T11: 45273 | U11: =J11 -> 80 | V11: =I11 -> 10 | W11: =IF(V11<>"",V11*U11,0) -> 800 | X11: Mumbai | Y11: CCL
A12: =A11+1 -> 10 | B12: 1GF130104 | C12: =IF($B12<>"",_xlfn.IFNA(VLOOKUP($B12,'Node Details'!$B:$U,C$1,0),"Check"),"") -> 00001GF13-1GF130106 | D12: =IF($B12<>"",_xlfn.IFNA(VLOOKUP($B12,'Node Details'!$B:$U,D$1,0),"Check"),"") -> 1GF | E12: =IF($B12<>"",_xlfn.IFNA(VLOOKUP($B12,'Node Details'!$B:$U,E$1,0),"Check"),"") -> Airtel | F12: 45141 | H12: Pigtail | I12: 14 | J12: 80 | K12: =IF(I12<>"",J12*I12,0) -> 1120 | L12: 45141 | N12: ETIPL-PUR-ORD-23-12-00057 | O12: 45273 | P12: =J12 -> 80 | Q12: =P12*I12 -> 1120 | S12: INVSR-535/23-24 | T12: 45273 | U12: =J12 -> 80 | V12: =I12 -> 14 | W12: =IF(V12<>"",V12*U12,0) -> 1120 | X12: Mumbai | Y12: CCL
A13: =A12+1 -> 11 | B13: 1GF130105 | C13: =IF($B13<>"",_xlfn.IFNA(VLOOKUP($B13,'Node Details'!$B:$U,C$1,0),"Check"),"") -> 00001GF13-1GF130106 | D13: =IF($B13<>"",_xlfn.IFNA(VLOOKUP($B13,'Node Details'!$B:$U,D$1,0),"Check"),"") -> 1GF | E13: =IF($B13<>"",_xlfn.IFNA(VLOOKUP($B13,'Node Details'!$B:$U,E$1,0),"Check"),"") -> Airtel | F13: 45141 | H13: Pigtail | I13: 10 | J13: 80 | K13: =IF(I13<>"",J13*I13,0) -> 800 | L13: 45141 | N13: ETIPL-PUR-ORD-23-12-00057 | O13: 45273 | P13: =J13 -> 80 | Q13: =P13*I13 -> 800 | S13: INVSR-535/23-24 | T13: 45273 | U13: =J13 -> 80 | V13: =I13 -> 10 | W13: =IF(V13<>"",V13*U13,0) -> 800 | X13: Mumbai | Y13: CCL
A14: =A13+1 -> 12 | B14: 1GF130106 | C14: =IF($B14<>"",_xlfn.IFNA(VLOOKUP($B14,'Node Details'!$B:$U,C$1,0),"Check"),"") -> 00001GF13-1GF130106 | D14: =IF($B14<>"",_xlfn.IFNA(VLOOKUP($B14,'Node Details'!$B:$U,D$1,0),"Check"),"") -> 1GF | E14: =IF($B14<>"",_xlfn.IFNA(VLOOKUP($B14,'Node Details'!$B:$U,E$1,0),"Check"),"") -> Airtel | F14: 45141 | H14: Pigtail | I14: 8 | J14: 80 | K14: =IF(I14<>"",J14*I14,0) -> 640 | L14: 45141 | N14: ETIPL-PUR-ORD-23-12-00057 | O14: 45273 | P14: =J14 -> 80 | Q14: =P14*I14 -> 640 | S14: INVSR-535/23-24 | T14: 45273 | U14: =J14 -> 80 | V14: =I14 -> 8 | W14: =IF(V14<>"",V14*U14,0) -> 640 | X14: Mumbai | Y14: CCL
A15: =A14+1 -> 13 | B15: 1GF140101 | C15: =IF($B15<>"",_xlfn.IFNA(VLOOKUP($B15,'Node Details'!$B:$U,C$1,0),"Check"),"") -> 00001GF14-1GF140107 | D15: =IF($B15<>"",_xlfn.IFNA(VLOOKUP($B15,'Node Details'!$B:$U,D$1,0),"Check"),"") -> 1GF | E15: =IF($B15<>"",_xlfn.IFNA(VLOOKUP($B15,'Node Details'!$B:$U,E$1,0),"Check"),"") -> Airtel | F15: 45141 | H15: Pigtail | I15: 14 | J15: 40 | K15: =IF(I15<>"",J15*I15,0) -> 560 | L15: 45141 | P15: =J15 -> 40 | Q15: =P15*I15 -> 560 | U15: =J15 -> 40 | V15: =I15 -> 14 | W15: =IF(V15<>"",V15*U15,0) -> 560 | X15: Mumbai | Y15: CE
A16: =A15+1 -> 14 | B16: 1GF140102 | C16: =IF($B16<>"",_xlfn.IFNA(VLOOKUP($B16,'Node Details'!$B:$U,C$1,0),"Check"),"") -> 00001GF14-1GF140107 | D16: =IF($B16<>"",_xlfn.IFNA(VLOOKUP($B16,'Node Details'!$B:$U,D$1,0),"Check"),"") -> 1GF | E16: =IF($B16<>"",_xlfn.IFNA(VLOOKUP($B16,'Node Details'!$B:$U,E$1,0),"Check"),"") -> Airtel | F16: 45141 | H16: Pigtail | I16: 14 | J16: 40 | K16: =IF(I16<>"",J16*I16,0) -> 560 | L16: 45141 | P16: =J16 -> 40 | Q16: =P16*I16 -> 560 | U16: =J16 -> 40 | V16: =I16 -> 14 | W16: =IF(V16<>"",V16*U16,0) -> 560 | X16: Mumbai | Y16: CE
A17: =A16+1 -> 15 | B17: 1GF140103 | C17: =IF($B17<>"",_xlfn.IFNA(VLOOKUP($B17,'Node Details'!$B:$U,C$1,0),"Check"),"") -> 00001GF14-1GF140107 | D17: =IF($B17<>"",_xlfn.IFNA(VLOOKUP($B17,'Node Details'!$B:$U,D$1,0),"Check"),"") -> 1GF | E17: =IF($B17<>"",_xlfn.IFNA(VLOOKUP($B17,'Node Details'!$B:$U,E$1,0),"Check"),"") -> Airtel | F17: 45141 | H17: Pigtail | I17: 14 | J17: 40 | K17: =IF(I17<>"",J17*I17,0) -> 560 | L17: 45141 | P17: =J17 -> 40 | Q17: =P17*I17 -> 560 | U17: =J17 -> 40 | V17: =I17 -> 14 | W17: =IF(V17<>"",V17*U17,0) -> 560 | X17: Mumbai | Y17: CE
A18: =A17+1 -> 16 | B18: 1GF140104 | C18: =IF($B18<>"",_xlfn.IFNA(VLOOKUP($B18,'Node Details'!$B:$U,C$1,0),"Check"),"") -> 00001GF14-1GF140107 | D18: =IF($B18<>"",_xlfn.IFNA(VLOOKUP($B18,'Node Details'!$B:$U,D$1,0),"Check"),"") -> 1GF | E18: =IF($B18<>"",_xlfn.IFNA(VLOOKUP($B18,'Node Details'!$B:$U,E$1,0),"Check"),"") -> Airtel | F18: 45141 | H18: Pigtail | I18: 10 | J18: 40 | K18: =IF(I18<>"",J18*I18,0) -> 400 | L18: 45141 | P18: =J18 -> 40 | Q18: =P18*I18 -> 400 | U18: =J18 -> 40 | V18: =I18 -> 10 | W18: =IF(V18<>"",V18*U18,0) -> 400 | X18: Mumbai | Y18: CE
A19: =A18+1 -> 17 | B19: 1GF140105 | C19: =IF($B19<>"",_xlfn.IFNA(VLOOKUP($B19,'Node Details'!$B:$U,C$1,0),"Check"),"") -> 00001GF14-1GF140107 | D19: =IF($B19<>"",_xlfn.IFNA(VLOOKUP($B19,'Node Details'!$B:$U,D$1,0),"Check"),"") -> 1GF | E19: =IF($B19<>"",_xlfn.IFNA(VLOOKUP($B19,'Node Details'!$B:$U,E$1,0),"Check"),"") -> Airtel | F19: 45141 | H19: Pigtail | I19: 14 | J19: 40 | K19: =IF(I19<>"",J19*I19,0) -> 560 | L19: 45141 | P19: =J19 -> 40 | Q19: =P19*I19 -> 560 | U19: =J19 -> 40 | V19: =I19 -> 14 | W19: =IF(V19<>"",V19*U19,0) -> 560 | X19: Mumbai | Y19: CE
A20: =A19+1 -> 18 | B20: 1GF140106 | C20: =IF($B20<>"",_xlfn.IFNA(VLOOKUP($B20,'Node Details'!$B:$U,C$1,0),"Check"),"") -> 00001GF14-1GF140107 | D20: =IF($B20<>"",_xlfn.IFNA(VLOOKUP($B20,'Node Details'!$B:$U,D$1,0),"Check"),"") -> 1GF | E20: =IF($B20<>"",_xlfn.IFNA(VLOOKUP($B20,'Node Details'!$B:$U,E$1,0),"Check"),"") -> Airtel | F20: 45141 | H20: Pigtail | I20: 10 | J20: 40 | K20: =IF(I20<>"",J20*I20,0) -> 400 | L20: 45141 | P20: =J20 -> 40 | Q20: =P20*I20 -> 400 | U20: =J20 -> 40 | V20: =I20 -> 10 | W20: =IF(V20<>"",V20*U20,0) -> 400 | X20: Mumbai | Y20: CE
A21: =A20+1 -> 19 | B21: 1GF140107 | C21: =IF($B21<>"",_xlfn.IFNA(VLOOKUP($B21,'Node Details'!$B:$U,C$1,0),"Check"),"") -> 00001GF14-1GF140107 | D21: =IF($B21<>"",_xlfn.IFNA(VLOOKUP($B21,'Node Details'!$B:$U,D$1,0),"Check"),"") -> 1GF | E21: =IF($B21<>"",_xlfn.IFNA(VLOOKUP($B21,'Node Details'!$B:$U,E$1,0),"Check"),"") -> Airtel | F21: 45141 | H21: Pigtail | I21: 10 | J21: 40 | K21: =IF(I21<>"",J21*I21,0) -> 400 | L21: 45141 | P21: =J21 -> 40 | Q21: =P21*I21 -> 400 | U21: =J21 -> 40 | V21: =I21 -> 10 | W21: =IF(V21<>"",V21*U21,0) -> 400 | X21: Mumbai | Y21: CE
A22: =A21+1 -> 20 | B22: 1GF150101 | C22: =IF($B22<>"",_xlfn.IFNA(VLOOKUP($B22,'Node Details'!$B:$U,C$1,0),"Check"),"") -> 00001GF15-1GF150107 | D22: =IF($B22<>"",_xlfn.IFNA(VLOOKUP($B22,'Node Details'!$B:$U,D$1,0),"Check"),"") -> 1GF | E22: =IF($B22<>"",_xlfn.IFNA(VLOOKUP($B22,'Node Details'!$B:$U,E$1,0),"Check"),"") -> Airtel | F22: 45141 | H22: Pigtail | I22: 12 | J22: 40 | K22: =IF(I22<>"",J22*I22,0) -> 480 | L22: 45141 | P22: =J22 -> 40 | Q22: =P22*I22 -> 480 | U22: =J22 -> 40 | V22: =I22 -> 12 | W22: =IF(V22<>"",V22*U22,0) -> 480 | X22: Mumbai | Y22: CE
A23: =A22+1 -> 21 | B23: 1GF150102 | C23: =IF($B23<>"",_xlfn.IFNA(VLOOKUP($B23,'Node Details'!$B:$U,C$1,0),"Check"),"") -> 00001GF15-1GF150107 | D23: =IF($B23<>"",_xlfn.IFNA(VLOOKUP($B23,'Node Details'!$B:$U,D$1,0),"Check"),"") -> 1GF | E23: =IF($B23<>"",_xlfn.IFNA(VLOOKUP($B23,'Node Details'!$B:$U,E$1,0),"Check"),"") -> Airtel | F23: 45141 | H23: Pigtail | I23: 10 | J23: 40 | K23: =IF(I23<>"",J23*I23,0) -> 400 | L23: 45141 | P23: =J23 -> 40 | Q23: =P23*I23 -> 400 | U23: =J23 -> 40 | V23: =I23 -> 10 | W23: =IF(V23<>"",V23*U23,0) -> 400 | X23: Mumbai | Y23: CE
A24: =A23+1 -> 22 | B24: 1GF150103 | C24: =IF($B24<>"",_xlfn.IFNA(VLOOKUP($B24,'Node Details'!$B:$U,C$1,0),"Check"),"") -> 00001GF15-1GF150107 | D24: =IF($B24<>"",_xlfn.IFNA(VLOOKUP($B24,'Node Details'!$B:$U,D$1,0),"Check"),"") -> 1GF | E24: =IF($B24<>"",_xlfn.IFNA(VLOOKUP($B24,'Node Details'!$B:$U,E$1,0),"Check"),"") -> Airtel | F24: 45141 | H24: Pigtail | I24: 14 | J24: 40 | K24: =IF(I24<>"",J24*I24,0) -> 560 | L24: 45141 | P24: =J24 -> 40 | Q24: =P24*I24 -> 560 | U24: =J24 -> 40 | V24: =I24 -> 14 | W24: =IF(V24<>"",V24*U24,0) -> 560 | X24: Mumbai | Y24: CE
A25: =A24+1 -> 23 | B25: 1GF150104 | C25: =IF($B25<>"",_xlfn.IFNA(VLOOKUP($B25,'Node Details'!$B:$U,C$1,0),"Check"),"") -> 00001GF15-1GF150107 | D25: =IF($B25<>"",_xlfn.IFNA(VLOOKUP($B25,'Node Details'!$B:$U,D$1,0),"Check"),"") -> 1GF | E25: =IF($B25<>"",_xlfn.IFNA(VLOOKUP($B25,'Node Details'!$B:$U,E$1,0),"Check"),"") -> Airtel | F25: 45141 | H25: Pigtail | I25: 8 | J25: 40 | K25: =IF(I25<>"",J25*I25,0) -> 320 | L25: 45141 | P25: =J25 -> 40 | Q25: =P25*I25 -> 320 | U25: =J25 -> 40 | V25: =I25 -> 8 | W25: =IF(V25<>"",V25*U25,0) -> 320 | X25: Mumbai | Y25: CE
A26: =A25+1 -> 24 | B26: 1GF150105 | C26: =IF($B26<>"",_xlfn.IFNA(VLOOKUP($B26,'Node Details'!$B:$U,C$1,0),"Check"),"") -> 00001GF15-1GF150107 | D26: =IF($B26<>"",_xlfn.IFNA(VLOOKUP($B26,'Node Details'!$B:$U,D$1,0),"Check"),"") -> 1GF | E26: =IF($B26<>"",_xlfn.IFNA(VLOOKUP($B26,'Node Details'!$B:$U,E$1,0),"Check"),"") -> Airtel | F26: 45141 | H26: Pigtail | I26: 12 | J26: 40 | K26: =IF(I26<>"",J26*I26,0) -> 480 | L26: 45141 | P26: =J26 -> 40 | Q26: =P26*I26 -> 480 | U26: =J26 -> 40 | V26: =I26 -> 12 | W26: =IF(V26<>"",V26*U26,0) -> 480 | X26: Mumbai | Y26: CE
... A57: =A56+1 -> 55 | B57: 1GF220102 | C57: =IF($B57<>"",_xlfn.IFNA(VLOOKUP($B57,'Node Details'!$B:$U,C$1,0),"Check"),"") -> 00001GF22-1GF210102 | D57: =IF($B57<>"",_xlfn.IFNA(VLOOKUP($B57,'Node Details'!$B:$U,D$1,0),"Check"),"") -> 1GF | E57: =IF($B57<>"",_xlfn.IFNA(VLOOKUP($B57,'Node Details'!$B:$U,E$1,0),"Check"),"") -> Airtel | F57: 45141 | H57: Pigtail | I57: 14 | J57: 40 | K57: =IF(I57<>"",J57*I57,0) -> 560 | L57: 45141 | P57: =J57 -> 40 | Q57: =P57*I57 -> 560 | U57: =J57 -> 40 | V57: =I57 -> 14 | W57: =IF(V57<>"",V57*U57,0) -> 560 | X57: Mumbai | Y57: CE
A58: =A57+1 -> 56 | B58: 1GF12 | C58: =IF($B58<>"",_xlfn.IFNA(VLOOKUP($B58,'Node Details'!$B:$U,C$1,0),"Check"),"") -> 0000001GF-00001GF12 | D58: =IF($B58<>"",_xlfn.IFNA(VLOOKUP($B58,'Node Details'!$B:$U,D$1,0),"Check"),"") -> 1GF | E58: =IF($B58<>"",_xlfn.IFNA(VLOOKUP($B58,'Node Details'!$B:$U,E$1,0),"Check"),"") -> Airtel | F58: 45141 | H58: Primary Splitter 2:16 | I58: 1 | J58: 1350 | K58: =IF(I58<>"",J58*I58,0) -> 1350 | L58: 45141 | N58: ETIPL-PUR-ORD-23-12-00057 | O58: 45273 | P58: =J58 -> 1350 | Q58: =P58*I58 -> 1350 | S58: INVSR-535/23-24 | T58: 45273 | U58: =J58 -> 1350 | V58: =I58 -> 1 | W58: =IF(V58<>"",V58*U58,0) -> 1350 | X58: Mumbai | Y58: CCL
A59: =A58+1 -> 57 | B59: 1GF13 | C59: =IF($B59<>"",_xlfn.IFNA(VLOOKUP($B59,'Node Details'!$B:$U,C$1,0),"Check"),"") -> 00001GF12-00001GF22 | D59: =IF($B59<>"",_xlfn.IFNA(VLOOKUP($B59,'Node Details'!$B:$U,D$1,0),"Check"),"") -> 1GF | E59: =IF($B59<>"",_xlfn.IFNA(VLOOKUP($B59,'Node Details'!$B:$U,E$1,0),"Check"),"") -> Airtel | F59: 45141 | H59: Primary Splitter 2:16 | I59: 1 | J59: 1350 | K59: =IF(I59<>"",J59*I59,0) -> 1350 | L59: 45141 | N59: ETIPL-PUR-ORD-23-12-00057 | O59: 45273 | P59: =J59 -> 1350 | Q59: =P59*I59 -> 1350 | S59: INVSR-535/23-24 | T59: 45273 | U59: =J59 -> 1350 | V59: =I59 -> 1 | W59: =IF(V59<>"",V59*U59,0) -> 1350 | X59: Mumbai | Y59: CCL
A60: =A59+1 -> 58 | B60: 1GF14 | C60: =IF($B60<>"",_xlfn.IFNA(VLOOKUP($B60,'Node Details'!$B:$U,C$1,0),"Check"),"") -> 00001GF12-00001GF22 | D60: =IF($B60<>"",_xlfn.IFNA(VLOOKUP($B60,'Node Details'!$B:$U,D$1,0),"Check"),"") -> 1GF | E60: =IF($B60<>"",_xlfn.IFNA(VLOOKUP($B60,'Node Details'!$B:$U,E$1,0),"Check"),"") -> Airtel | F60: 45141 | H60: Primary Splitter 2:16 | I60: 1 | J60: 1350 | K60: =IF(I60<>"",J60*I60,0) -> 1350 | L60: 45141 | N60: ETIPL-PUR-ORD-23-12-00057 | O60: 45273 | P60: =J60 -> 1350 | Q60: =P60*I60 -> 1350 | S60: INVSR-535/23-24 | T60: 45273 | U60: =J60 -> 1350 | V60: =I60 -> 1 | W60: =IF(V60<>"",V60*U60,0) -> 1350 | X60: Mumbai | Y60: CCL
A61: =A60+1 -> 59 | B61: 1GF15 | C61: =IF($B61<>"",_xlfn.IFNA(VLOOKUP($B61,'Node Details'!$B:$U,C$1,0),"Check"),"") -> 00001GF12-00001GF22 | D61: =IF($B61<>"",_xlfn.IFNA(VLOOKUP($B61,'Node Details'!$B:$U,D$1,0),"Check"),"") -> 1GF | E61: =IF($B61<>"",_xlfn.IFNA(VLOOKUP($B61,'Node Details'!$B:$U,E$1,0),"Check"),"") -> Airtel | F61: 45141 | H61: Primary Splitter 2:16 | I61: 1 | J61: 1350 | K61: =IF(I61<>"",J61*I61,0) -> 1350 | L61: 45141 | N61: ETIPL-PUR-ORD-23-12-00057 | O61: 45273 | P61: =J61 -> 1350 | Q61: =P61*I61 -> 1350 | S61: INVSR-535/23-24 | T61: 45273 | U61: =J61 -> 1350 | V61: =I61 -> 1 | W61: =IF(V61<>"",V61*U61,0) -> 1350 | X61: Mumbai | Y61: CCL
A62: =A61+1 -> 60 | B62: 1GF16 | C62: =IF($B62<>"",_xlfn.IFNA(VLOOKUP($B62,'Node Details'!$B:$U,C$1,0),"Check"),"") -> 00001GF12-00001GF22 | D62: =IF($B62<>"",_xlfn.IFNA(VLOOKUP($B62,'Node Details'!$B:$U,D$1,0),"Check"),"") -> 1GF | E62: =IF($B62<>"",_xlfn.IFNA(VLOOKUP($B62,'Node Details'!$B:$U,E$1,0),"Check"),"") -> Airtel | F62: 45141 | H62: Primary Splitter 2:16 | I62: 1 | J62: 1350 | K62: =IF(I62<>"",J62*I62,0) -> 1350 | L62: 45141 | N62: ETIPL-PUR-ORD-23-12-00057 | O62: 45273 | P62: =J62 -> 1350 | Q62: =P62*I62 -> 1350 | S62: INVSR-535/23-24 | T62: 45273 | U62: =J62 -> 1350 | V62: =I62 -> 1 | W62: =IF(V62<>"",V62*U62,0) -> 1350 | X62: Mumbai | Y62: CCL
A63: =A62+1 -> 61 | B63: 1GF17 | C63: =IF($B63<>"",_xlfn.IFNA(VLOOKUP($B63,'Node Details'!$B:$U,C$1,0),"Check"),"") -> 00001GF12-00001GF22 | D63: =IF($B63<>"",_xlfn.IFNA(VLOOKUP($B63,'Node Details'!$B:$U,D$1,0),"Check"),"") -> 1GF | E63: =IF($B63<>"",_xlfn.IFNA(VLOOKUP($B63,'Node Details'!$B:$U,E$1,0),"Check"),"") -> Airtel | F63: 45141 | H63: Primary Splitter 2:8 | I63: 1 | J63: 1065 | K63: =IF(I63<>"",J63*I63,0) -> 1065 | L63: 45141 | P63: =J63 -> 1065 | Q63: =P63*I63 -> 1065 | U63: =J63 -> 1065 | V63: =I63 -> 1 | W63: =IF(V63<>"",V63*U63,0) -> 1065 | X63: Mumbai | Y63: CE
A64: =A63+1 -> 62 | B64: 1GF18 | C64: =IF($B64<>"",_xlfn.IFNA(VLOOKUP($B64,'Node Details'!$B:$U,C$1,0),"Check"),"") -> 00001GF12-00001GF22 | D64: =IF($B64<>"",_xlfn.IFNA(VLOOKUP($B64,'Node Details'!$B:$U,D$1,0),"Check"),"") -> 1GF | E64: =IF($B64<>"",_xlfn.IFNA(VLOOKUP($B64,'Node Details'!$B:$U,E$1,0),"Check"),"") -> Airtel | F64: 45141 | H64: Primary Splitter 2:8 | I64: 1 | J64: 1065 | K64: =IF(I64<>"",J64*I64,0) -> 1065 | L64: 45141 | P64: =J64 -> 1065 | Q64: =P64*I64 -> 1065 | U64: =J64 -> 1065 | V64: =I64 -> 1 | W64: =IF(V64<>"",V64*U64,0) -> 1065 | X64: Mumbai | Y64: CE
A65: =A64+1 -> 63 | B65: 1GF19 | C65: =IF($B65<>"",_xlfn.IFNA(VLOOKUP($B65,'Node Details'!$B:$U,C$1,0),"Check"),"") -> 00001GF12-00001GF22 | D65: =IF($B65<>"",_xlfn.IFNA(VLOOKUP($B65,'Node Details'!$B:$U,D$1,0),"Check"),"") -> 1GF | E65: =IF($B65<>"",_xlfn.IFNA(VLOOKUP($B65,'Node Details'!$B:$U,E$1,0),"Check"),"") -> Airtel | F65: 45141 | H65: Primary Splitter 2:8 | I65: 1 | J65: 1065 | K65: =IF(I65<>"",J65*I65,0) -> 1065 | L65: 45141 | P65: =J65 -> 1065 | Q65: =P65*I65 -> 1065 | U65: =J65 -> 1065 | V65: =I65 -> 1 | W65: =IF(V65<>"",V65*U65,0) -> 1065 | X65: Mumbai | Y65: CE
A66: =A65+1 -> 64 | B66: 1GF20 | C66: =IF($B66<>"",_xlfn.IFNA(VLOOKUP($B66,'Node Details'!$B:$U,C$1,0),"Check"),"") -> 00001GF12-00001GF22 | D66: =IF($B66<>"",_xlfn.IFNA(VLOOKUP($B66,'Node Details'!$B:$U,D$1,0),"Check"),"") -> 1GF | E66: =IF($B66<>"",_xlfn.IFNA(VLOOKUP($B66,'Node Details'!$B:$U,E$1,0),"Check"),"") -> Airtel | F66: 45141 | H66: Primary Splitter 2:8 | I66: 1 | J66: 1065 | K66: =IF(I66<>"",J66*I66,0) -> 1065 | L66: 45141 | P66: =J66 -> 1065 | Q66: =P66*I66 -> 1065 | U66: =J66 -> 1065 | V66: =I66 -> 1 | W66: =IF(V66<>"",V66*U66,0) -> 1065 | X66: Mumbai | Y66: CE
A67: =A66+1 -> 65 | B67: 1GF21 | C67: =IF($B67<>"",_xlfn.IFNA(VLOOKUP($B67,'Node Details'!$B:$U,C$1,0),"Check"),"") -> 00001GF12-00001GF22 | D67: =IF($B67<>"",_xlfn.IFNA(VLOOKUP($B67,'Node Details'!$B:$U,D$1,0),"Check"),"") -> 1GF | E67: =IF($B67<>"",_xlfn.IFNA(VLOOKUP($B67,'Node Details'!$B:$U,E$1,0),"Check"),"") -> Airtel | F67: 45141 | H67: Secondary Splitter 1:8 | I67: 1 | J67: 1065 | K67: =IF(I67<>"",J67*I67,0) -> 1065 | L67: 45141 | P67: =J67 -> 1065 | Q67: =P67*I67 -> 1065 | U67: =J67 -> 1065 | V67: =I67 -> 1 | W67: =IF(V67<>"",V67*U67,0) -> 1065 | X67: Mumbai | Y67: CE
A68: =A67+1 -> 66 | B68: 1GF22 | C68: =IF($B68<>"",_xlfn.IFNA(VLOOKUP($B68,'Node Details'!$B:$U,C$1,0),"Check"),"") -> 00001GF12-00001GF22 | D68: =IF($B68<>"",_xlfn.IFNA(VLOOKUP($B68,'Node Details'!$B:$U,D$1,0),"Check"),"") -> 1GF | E68: =IF($B68<>"",_xlfn.IFNA(VLOOKUP($B68,'Node Details'!$B:$U,E$1,0),"Check"),"") -> Airtel | F68: 45141 | H68: Secondary Splitter 1:8 | I68: 1 | J68: 1065 | K68: =IF(I68<>"",J68*I68,0) -> 1065 | L68: 45141 | P68: =J68 -> 1065 | Q68: =P68*I68 -> 1065 | U68: =J68 -> 1065 | V68: =I68 -> 1 | W68: =IF(V68<>"",V68*U68,0) -> 1065 | X68: Mumbai | Y68: CE
A69: =A68+1 -> 67 | B69: 1GF120101 | C69: =IF($B69<>"",_xlfn.IFNA(VLOOKUP($B69,'Node Details'!$B:$U,C$1,0),"Check"),"") -> 00001GF12-1GF120106 | D69: =IF($B69<>"",_xlfn.IFNA(VLOOKUP($B69,'Node Details'!$B:$U,D$1,0),"Check"),"") -> 1GF | E69: =IF($B69<>"",_xlfn.IFNA(VLOOKUP($B69,'Node Details'!$B:$U,E$1,0),"Check"),"") -> Airtel | F69: 45141 | H69: Secondary Splitter 1:8 | I69: 2 | J69: 550 | K69: =IF(I69<>"",J69*I69,0) -> 1100 | L69: 45141 | N69: ETIPL-PUR-ORD-23-12-00057 | O69: 45273 | P69: =J69 -> 550 | Q69: =P69*I69 -> 1100 | S69: INVSR-535/23-24 | T69: 45273 | U69: =J69 -> 550 | V69: =I69 -> 2 | W69: =IF(V69<>"",V69*U69,0) -> 1100 | X69: Mumbai | Y69: CCL
A70: =A69+1 -> 68 | B70: 1GF120102 | C70: =IF($B70<>"",_xlfn.IFNA(VLOOKUP($B70,'Node Details'!$B:$U,C$1,0),"Check"),"") -> 00001GF12-1GF120106 | D70: =IF($B70<>"",_xlfn.IFNA(VLOOKUP($B70,'Node Details'!$B:$U,D$1,0),"Check"),"") -> 1GF | E70: =IF($B70<>"",_xlfn.IFNA(VLOOKUP($B70,'Node Details'!$B:$U,E$1,0),"Check"),"") -> Airtel | F70: 45141 | H70: Secondary Splitter 1:8 | I70: 2 | J70: 550 | K70: =IF(I70<>"",J70*I70,0) -> 1100 | L70: 45141 | N70: ETIPL-PUR-ORD-23-12-00057 | O70: 45273 | P70: =J70 -> 550 | Q70: =P70*I70 -> 1100 | S70: INVSR-535/23-24 | T70: 45273 | U70: =J70 -> 550 | V70: =I70 -> 2 | W70: =IF(V70<>"",V70*U70,0) -> 1100 | X70: Mumbai | Y70: CCL
A71: =A70+1 -> 69 | B71: 1GF120103 | C71: =IF($B71<>"",_xlfn.IFNA(VLOOKUP($B71,'Node Details'!$B:$U,C$1,0),"Check"),"") -> 00001GF12-1GF120106 | D71: =IF($B71<>"",_xlfn.IFNA(VLOOKUP($B71,'Node Details'!$B:$U,D$1,0),"Check"),"") -> 1GF | E71: =IF($B71<>"",_xlfn.IFNA(VLOOKUP($B71,'Node Details'!$B:$U,E$1,0),"Check"),"") -> Airtel | F71: 45141 | H71: Secondary Splitter 1:8 | I71: 2 | J71: 550 | K71: =IF(I71<>"",J71*I71,0) -> 1100 | L71: 45141 | N71: ETIPL-PUR-ORD-23-12-00057 | O71: 45273 | P71: =J71 -> 550 | Q71: =P71*I71 -> 1100 | S71: INVSR-535/23-24 | T71: 45273 | U71: =J71 -> 550 | V71: =I71 -> 2 | W71: =IF(V71<>"",V71*U71,0) -> 1100 | X71: Mumbai | Y71: CCL
A72: =A71+1 -> 70 | B72: 1GF120104 | C72: =IF($B72<>"",_xlfn.IFNA(VLOOKUP($B72,'Node Details'!$B:$U,C$1,0),"Check"),"") -> 00001GF12-1GF120106 | D72: =IF($B72<>"",_xlfn.IFNA(VLOOKUP($B72,'Node Details'!$B:$U,D$1,0),"Check"),"") -> 1GF | E72: =IF($B72<>"",_xlfn.IFNA(VLOOKUP($B72,'Node Details'!$B:$U,E$1,0),"Check"),"") -> Airtel | F72: 45141 | H72: Secondary Splitter 1:8 | I72: 2 | J72: 550 | K72: =IF(I72<>"",J72*I72,0) -> 1100 | L72: 45141 | N72: ETIPL-PUR-ORD-23-12-00057 | O72: 45273 | P72: =J72 -> 550 | Q72: =P72*I72 -> 1100 | S72: INVSR-535/23-24 | T72: 45273 | U72: =J72 -> 550 | V72: =I72 -> 2 | W72: =IF(V72<>"",V72*U72,0) -> 1100 | X72: Mumbai | Y72: CCL
A73: =A72+1 -> 71 | B73: 1GF120105 | C73: =IF($B73<>"",_xlfn.IFNA(VLOOKUP($B73,'Node Details'!$B:$U,C$1,0),"Check"),"") -> 00001GF12-1GF120106 | D73: =IF($B73<>"",_xlfn.IFNA(VLOOKUP($B73,'Node Details'!$B:$U,D$1,0),"Check"),"") -> 1GF | E73: =IF($B73<>"",_xlfn.IFNA(VLOOKUP($B73,'Node Details'!$B:$U,E$1,0),"Check"),"") -> Airtel | F73: 45141 | H73: Secondary Splitter 1:8 | I73: 3 | J73: 550 | K73: =IF(I73<>"",J73*I73,0) -> 1650 | L73: 45141 | N73: ETIPL-PUR-ORD-23-12-00057 | O73: 45273 | P73: =J73 -> 550 | Q73: =P73*I73 -> 1650 | S73: INVSR-535/23-24 | T73: 45273 | U73: =J73 -> 550 | V73: =I73 -> 3 | W73: =IF(V73<>"",V73*U73,0) -> 1650 | X73: Mumbai | Y73: CCL
A74: =A73+1 -> 72 | B74: 1GF120106 | C74: =IF($B74<>"",_xlfn.IFNA(VLOOKUP($B74,'Node Details'!$B:$U,C$1,0),"Check"),"") -> 00001GF12-1GF120106 | D74: =IF($B74<>"",_xlfn.IFNA(VLOOKUP($B74,'Node Details'!$B:$U,D$1,0),"Check"),"") -> 1GF | E74: =IF($B74<>"",_xlfn.IFNA(VLOOKUP($B74,'Node Details'!$B:$U,E$1,0),"Check"),"") -> Airtel | F74: 45141 | H74: Secondary Splitter 1:8 | I74: 2 | J74: 550 | K74: =IF(I74<>"",J74*I74,0) -> 1100 | L74: 45141 | N74: ETIPL-PUR-ORD-23-12-00057 | O74: 45273 | P74: =J74 -> 550 | Q74: =P74*I74 -> 1100 | S74: INVSR-535/23-24 | T74: 45273 | U74: =J74 -> 550 | V74: =I74 -> 2 | W74: =IF(V74<>"",V74*U74,0) -> 1100 | X74: Mumbai | Y74: CCL
A75: =A74+1 -> 73 | B75: 1GF130101 | C75: =IF($B75<>"",_xlfn.IFNA(VLOOKUP($B75,'Node Details'!$B:$U,C$1,0),"Check"),"") -> 00001GF13-1GF130106 | D75: =IF($B75<>"",_xlfn.IFNA(VLOOKUP($B75,'Node Details'!$B:$U,D$1,0),"Check"),"") -> 1GF | E75: =IF($B75<>"",_xlfn.IFNA(VLOOKUP($B75,'Node Details'!$B:$U,E$1,0),"Check"),"") -> Airtel | F75: 45141 | H75: Secondary Splitter 1:8 | I75: 2 | J75: 550 | K75: =IF(I75<>"",J75*I75,0) -> 1100 | L75: 45141 | N75: ETIPL-PUR-ORD-23-12-00057 | O75: 45273 | P75: =J75 -> 550 | Q75: =P75*I75 -> 1100 | S75: INVSR-535/23-24 | T75: 45273 | U75: =J75 -> 550 | V75: =I75 -> 2 | W75: =IF(V75<>"",V75*U75,0) -> 1100 | X75: Mumbai | Y75: CCL
A76: =A75+1 -> 74 | B76: 1GF130102 | C76: =IF($B76<>"",_xlfn.IFNA(VLOOKUP($B76,'Node Details'!$B:$U,C$1,0),"Check"),"") -> 00001GF13-1GF130106 | D76: =IF($B76<>"",_xlfn.IFNA(VLOOKUP($B76,'Node Details'!$B:$U,D$1,0),"Check"),"") -> 1GF | E76: =IF($B76<>"",_xlfn.IFNA(VLOOKUP($B76,'Node Details'!$B:$U,E$1,0),"Check"),"") -> Airtel | F76: 45141 | H76: Secondary Splitter 1:8 | I76: 3 | J76: 550 | K76: =IF(I76<>"",J76*I76,0) -> 1650 | L76: 45141 | N76: ETIPL-PUR-ORD-23-12-00057 | O76: 45273 | P76: =J76 -> 550 | Q76: =P76*I76 -> 1650 | S76: INVSR-535/23-24 | T76: 45273 | U76: =J76 -> 550 | V76: =I76 -> 3 | W76: =IF(V76<>"",V76*U76,0) -> 1650 | X76: Mumbai | Y76: CCL
A77: =A76+1 -> 75 | B77: 1GF130103 | C77: =IF($B77<>"",_xlfn.IFNA(VLOOKUP($B77,'Node Details'!$B:$U,C$1,0),"Check"),"") -> 00001GF13-1GF130106 | D77: =IF($B77<>"",_xlfn.IFNA(VLOOKUP($B77,'Node Details'!$B:$U,D$1,0),"Check"),"") -> 1GF | E77: =IF($B77<>"",_xlfn.IFNA(VLOOKUP($B77,'Node Details'!$B:$U,E$1,0),"Check"),"") -> Airtel | F77: 45141 | H77: Secondary Splitter 1:8 | I77: 2 | J77: 550 | K77: =IF(I77<>"",J77*I77,0) -> 1100 | L77: 45141 | N77: ETIPL-PUR-ORD-23-12-00057 | O77: 45273 | P77: =J77 -> 550 | Q77: =P77*I77 -> 1100 | S77: INVSR-535/23-24 | T77: 45273 | U77: =J77 -> 550 | V77: =I77 -> 2 | W77: =IF(V77<>"",V77*U77,0) -> 1100 | X77: Mumbai | Y77: CCL
A78: =A77+1 -> 76 | B78: 1GF130104 | C78: =IF($B78<>"",_xlfn.IFNA(VLOOKUP($B78,'Node Details'!$B:$U,C$1,0),"Check"),"") -> 00001GF13-1GF130106 | D78: =IF($B78<>"",_xlfn.IFNA(VLOOKUP($B78,'Node Details'!$B:$U,D$1,0),"Check"),"") -> 1GF | E78: =IF($B78<>"",_xlfn.IFNA(VLOOKUP($B78,'Node Details'!$B:$U,E$1,0),"Check"),"") -> Airtel | F78: 45141 | H78: Secondary Splitter 1:8 | I78: 2 | J78: 390 | K78: =IF(I78<>"",J78*I78,0) -> 780 | L78: 45141 | P78: =J78 -> 390 | Q78: =P78*I78 -> 780 | U78: =J78 -> 390 | V78: =I78 -> 2 | W78: =IF(V78<>"",V78*U78,0) -> 780 | X78: Mumbai | Y78: CE
A79: =A78+1 -> 77 | B79: 1GF130105 | C79: =IF($B79<>"",_xlfn.IFNA(VLOOKUP($B79,'Node Details'!$B:$U,C$1,0),"Check"),"") -> 00001GF13-1GF130106 | D79: =IF($B79<>"",_xlfn.IFNA(VLOOKUP($B79,'Node Details'!$B:$U,D$1,0),"Check"),"") -> 1GF | E79: =IF($B79<>"",_xlfn.IFNA(VLOOKUP($B79,'Node Details'!$B:$U,E$1,0),"Check"),"") -> Airtel | F79: 45141 | H79: Secondary Splitter 1:8 | I79: 2 | J79: 390 | K79: =IF(I79<>"",J79*I79,0) -> 780 | L79: 45141 | P79: =J79 -> 390 | Q79: =P79*I79 -> 780 | U79: =J79 -> 390 | V79: =I79 -> 2 | W79: =IF(V79<>"",V79*U79,0) -> 780 | X79: Mumbai | Y79: CE
A80: =A79+1 -> 78 | B80: 1GF130106 | C80: =IF($B80<>"",_xlfn.IFNA(VLOOKUP($B80,'Node Details'!$B:$U,C$1,0),"Check"),"") -> 00001GF13-1GF130106 | D80: =IF($B80<>"",_xlfn.IFNA(VLOOKUP($B80,'Node Details'!$B:$U,D$1,0),"Check"),"") -> 1GF | E80: =IF($B80<>"",_xlfn.IFNA(VLOOKUP($B80,'Node Details'!$B:$U,E$1,0),"Check"),"") -> Airtel | F80: 45141 | H80: Secondary Splitter 1:8 | I80: 2 | J80: 390 | K80: =IF(I80<>"",J80*I80,0) -> 780 | L80: 45141 | P80: =J80 -> 390 | Q80: =P80*I80 -> 780 | U80: =J80 -> 390 | V80: =I80 -> 2 | W80: =IF(V80<>"",V80*U80,0) -> 780 | X80: Mumbai | Y80: CE
A81: =A80+1 -> 79 | B81: 1GF140101 | C81: =IF($B81<>"",_xlfn.IFNA(VLOOKUP($B81,'Node Details'!$B:$U,C$1,0),"Check"),"") -> 00001GF14-1GF140107 | D81: =IF($B81<>"",_xlfn.IFNA(VLOOKUP($B81,'Node Details'!$B:$U,D$1,0),"Check"),"") -> 1GF | E81: =IF($B81<>"",_xlfn.IFNA(VLOOKUP($B81,'Node Details'!$B:$U,E$1,0),"Check"),"") -> Airtel | F81: 45141 | H81: Secondary Splitter 1:8 | I81: 2 | J81: 390 | K81: =IF(I81<>"",J81*I81,0) -> 780 | L81: 45141 | P81: =J81 -> 390 | Q81: =P81*I81 -> 780 | U81: =J81 -> 390 | V81: =I81 -> 2 | W81: =IF(V81<>"",V81*U81,0) -> 780 | X81: Mumbai | Y81: CE
A82: =A81+1 -> 80 | B82: 1GF140102 | C82: =IF($B82<>"",_xlfn.IFNA(VLOOKUP($B82,'Node Details'!$B:$U,C$1,0),"Check"),"") -> 00001GF14-1GF140107 | D82: =IF($B82<>"",_xlfn.IFNA(VLOOKUP($B82,'Node Details'!$B:$U,D$1,0),"Check"),"") -> 1GF | E82: =IF($B82<>"",_xlfn.IFNA(VLOOKUP($B82,'Node Details'!$B:$U,E$1,0),"Check"),"") -> Airtel | F82: 45141 | H82: Secondary Splitter 1:8 | I82: 3 | J82: 390 | K82: =IF(I82<>"",J82*I82,0) -> 1170 | L82: 45141 | P82: =J82 -> 390 | Q82: =P82*I82 -> 1170 | U82: =J82 -> 390 | V82: =I82 -> 3 | W82: =IF(V82<>"",V82*U82,0) -> 1170 | X82: Mumbai | Y82: CE
A83: =A82+1 -> 81 | B83: 1GF140103 | C83: =IF($B83<>"",_xlfn.IFNA(VLOOKUP($B83,'Node Details'!$B:$U,C$1,0),"Check"),"") -> 00001GF14-1GF140107 | D83: =IF($B83<>"",_xlfn.IFNA(VLOOKUP($B83,'Node Details'!$B:$U,D$1,0),"Check"),"") -> 1GF | E83: =IF($B83<>"",_xlfn.IFNA(VLOOKUP($B83,'Node Details'!$B:$U,E$1,0),"Check"),"") -> Airtel | F83: 45141 | H83: Secondary Splitter 1:8 | I83: 3 | J83: 390 | K83: =IF(I83<>"",J83*I83,0) -> 1170 | L83: 45141 | P83: =J83 -> 390 | Q83: =P83*I83 -> 1170 | U83: =J83 -> 390 | V83: =I83 -> 3 | W83: =IF(V83<>"",V83*U83,0) -> 1170 | X83: Mumbai | Y83: CE
A84: =A83+1 -> 82 | B84: 1GF140104 | C84: =IF($B84<>"",_xlfn.IFNA(VLOOKUP($B84,'Node Details'!$B:$U,C$1,0),"Check"),"") -> 00001GF14-1GF140107 | D84: =IF($B84<>"",_xlfn.IFNA(VLOOKUP($B84,'Node Details'!$B:$U,D$1,0),"Check"),"") -> 1GF | E84: =IF($B84<>"",_xlfn.IFNA(VLOOKUP($B84,'Node Details'!$B:$U,E$1,0),"Check"),"") -> Airtel | F84: 45141 | H84: Secondary Splitter 1:8 | I84: 3 | J84: 390 | K84: =IF(I84<>"",J84*I84,0) -> 1170 | L84: 45141 | P84: =J84 -> 390 | Q84: =P84*I84 -> 1170 | U84: =J84 -> 390 | V84: =I84 -> 3 | W84: =IF(V84<>"",V84*U84,0) -> 1170 | X84: Mumbai | Y84: CE
A85: =A84+1 -> 83 | B85: 1GF140105 | C85: =IF($B85<>"",_xlfn.IFNA(VLOOKUP($B85,'Node Details'!$B:$U,C$1,0),"Check"),"") -> 00001GF14-1GF140107 | D85: =IF($B85<>"",_xlfn.IFNA(VLOOKUP($B85,'Node Details'!$B:$U,D$1,0),"Check"),"") -> 1GF | E85: =IF($B85<>"",_xlfn.IFNA(VLOOKUP($B85,'Node Details'!$B:$U,E$1,0),"Check"),"") -> Airtel | F85: 45141 | H85: Secondary Splitter 1:8 | I85: 3 | J85: 390 | K85: =IF(I85<>"",J85*I85,0) -> 1170 | L85: 45141 | P85: =J85 -> 390 | Q85: =P85*I85 -> 1170 | U85: =J85 -> 390 | V85: =I85 -> 3 | W85: =IF(V85<>"",V85*U85,0) -> 1170 | X85: Mumbai | Y85: CE
A86: =A85+1 -> 84 | B86: 1GF140106 | C86: =IF($B86<>"",_xlfn.IFNA(VLOOKUP($B86,'Node Details'!$B:$U,C$1,0),"Check"),"") -> 00001GF14-1GF140107 | D86: =IF($B86<>"",_xlfn.IFNA(VLOOKUP($B86,'Node Details'!$B:$U,D$1,0),"Check"),"") -> 1GF | E86: =IF($B86<>"",_xlfn.IFNA(VLOOKUP($B86,'Node Details'!$B:$U,E$1,0),"Check"),"") -> Airtel | F86: 45141 | H86: Secondary Splitter 1:8 | I86: 2 | J86: 390 | K86: =IF(I86<>"",J86*I86,0) -> 780 | L86: 45141 | P86: =J86 -> 390 | Q86: =P86*I86 -> 780 | U86: =J86 -> 390 | V86: =I86 -> 2 | W86: =IF(V86<>"",V86*U86,0) -> 780 | X86: Mumbai | Y86: CE
A87: =A86+1 -> 85 | B87: 1GF140107 | C87: =IF($B87<>"",_xlfn.IFNA(VLOOKUP($B87,'Node Details'!$B:$U,C$1,0),"Check"),"") -> 00001GF14-1GF140107 | D87: =IF($B87<>"",_xlfn.IFNA(VLOOKUP($B87,'Node Details'!$B:$U,D$1,0),"Check"),"") -> 1GF | E87: =IF($B87<>"",_xlfn.IFNA(VLOOKUP($B87,'Node Details'!$B:$U,E$1,0),"Check"),"") -> Airtel | F87: 45141 | H87: Secondary Splitter 1:8 | I87: 2 | J87: 390 | K87: =IF(I87<>"",J87*I87,0) -> 780 | L87: 45141 | P87: =J87 -> 390 | Q87: =P87*I87 -> 780 | U87: =J87 -> 390 | V87: =I87 -> 2 | W87: =IF(V87<>"",V87*U87,0) -> 780 | X87: Mumbai | Y87: CE
A88: =A87+1 -> 86 | B88: 1GF150101 | C88: =IF($B88<>"",_xlfn.IFNA(VLOOKUP($B88,'Node Details'!$B:$U,C$1,0),"Check"),"") -> 00001GF15-1GF150107 | D88: =IF($B88<>"",_xlfn.IFNA(VLOOKUP($B88,'Node Details'!$B:$U,D$1,0),"Check"),"") -> 1GF | E88: =IF($B88<>"",_xlfn.IFNA(VLOOKUP($B88,'Node Details'!$B:$U,E$1,0),"Check"),"") -> Airtel | F88: 45141 | H88: Secondary Splitter 1:8 | I88: 2 | J88: 390 | K88: =IF(I88<>"",J88*I88,0) -> 780 | L88: 45141 | P88: =J88 -> 390 | Q88: =P88*I88 -> 780 | U88: =J88 -> 390 | V88: =I88 -> 2 | W88: =IF(V88<>"",V88*U88,0) -> 780 | X88: Mumbai | Y88: CE
A89: =A88+1 -> 87 | B89: 1GF150102 | C89: =IF($B89<>"",_xlfn.IFNA(VLOOKUP($B89,'Node Details'!$B:$U,C$1,0),"Check"),"") -> 00001GF15-1GF150107 | D89: =IF($B89<>"",_xlfn.IFNA(VLOOKUP($B89,'Node Details'!$B:$U,D$1,0),"Check"),"") -> 1GF | E89: =IF($B89<>"",_xlfn.IFNA(VLOOKUP($B89,'Node Details'!$B:$U,E$1,0),"Check"),"") -> Airtel | F89: 45141 | H89: Secondary Splitter 1:8 | I89: 3 | J89: 390 | K89: =IF(I89<>"",J89*I89,0) -> 1170 | L89: 45141 | P89: =J89 -> 390 | Q89: =P89*I89 -> 1170 | U89: =J89 -> 390 | V89: =I89 -> 3 | W89: =IF(V89<>"",V89*U89,0) -> 1170 | X89: Mumbai | Y89: CE
... A127: =A126+1 -> 125 | B127: 1GF220106 | C127: =IF($B127<>"",_xlfn.IFNA(VLOOKUP($B127,'Node Details'!$B:$U,C$1,0),"Check"),"") -> 00001GF22-1GF210102 | D127: =IF($B127<>"",_xlfn.IFNA(VLOOKUP($B127,'Node Details'!$B:$U,D$1,0),"Check"),"") -> 1GF | E127: =IF($B127<>"",_xlfn.IFNA(VLOOKUP($B127,'Node Details'!$B:$U,E$1,0),"Check"),"") -> Airtel | F127: 45141 | H127: Secondary Splitter 1:8 | I127: 3 | J127: 390 | K127: =IF(I127<>"",J127*I127,0) -> 1170 | L127: 45141 | P127: =J127 -> 390 | Q127: =P127*I127 -> 1170 | U127: =J127 -> 390 | V127: =I127 -> 3 | W127: =IF(V127<>"",V127*U127,0) -> 1170 | X127: Mumbai | Y127: CE
A128: =A127+1 -> 126 | B128: 1GF12 | C128: =IF($B128<>"",_xlfn.IFNA(VLOOKUP($B128,'Node Details'!$B:$U,C$1,0),"Check"),"") -> 0000001GF-00001GF12 | D128: =IF($B128<>"",_xlfn.IFNA(VLOOKUP($B128,'Node Details'!$B:$U,D$1,0),"Check"),"") -> 1GF | E128: =IF($B128<>"",_xlfn.IFNA(VLOOKUP($B128,'Node Details'!$B:$U,E$1,0),"Check"),"") -> Airtel | F128: 45379 | H128: Wall Mount | I128: 1 | J128: 1500 | K128: =IF(I128<>"",J128*I128,0) -> 1500 | L128: 45141 | N128: ETIPL-PUR-ORD-23-12-00057 | O128: 45273 | P128: =J128 -> 1500 | Q128: =P128*I128 -> 1500 | S128: INVSR-535/23-24 | T128: 45273 | U128: =J128 -> 1500 | V128: =I128 -> 1 | W128: =IF(V128<>"",V128*U128,0) -> 1500 | X128: Mumbai | Y128: CCL
A129: =A128+1 -> 127 | B129: 1GF120101 | C129: =IF($B129<>"",_xlfn.IFNA(VLOOKUP($B129,'Node Details'!$B:$U,C$1,0),"Check"),"") -> 00001GF12-1GF120106 | D129: =IF($B129<>"",_xlfn.IFNA(VLOOKUP($B129,'Node Details'!$B:$U,D$1,0),"Check"),"") -> 1GF | E129: =IF($B129<>"",_xlfn.IFNA(VLOOKUP($B129,'Node Details'!$B:$U,E$1,0),"Check"),"") -> Airtel | F129: 45379 | H129: Wall Mount | I129: 1 | J129: 710 | K129: =IF(I129<>"",J129*I129,0) -> 710 | L129: 45141 | P129: =J129 -> 710 | Q129: =P129*I129 -> 710 | U129: =J129 -> 710 | V129: =I129 -> 1 | W129: =IF(V129<>"",V129*U129,0) -> 710 | X129: Mumbai | Y129: CE
A130: =A129+1 -> 128 | B130: 1GF120102 | C130: =IF($B130<>"",_xlfn.IFNA(VLOOKUP($B130,'Node Details'!$B:$U,C$1,0),"Check"),"") -> 00001GF12-1GF120106 | D130: =IF($B130<>"",_xlfn.IFNA(VLOOKUP($B130,'Node Details'!$B:$U,D$1,0),"Check"),"") -> 1GF | E130: =IF($B130<>"",_xlfn.IFNA(VLOOKUP($B130,'Node Details'!$B:$U,E$1,0),"Check"),"") -> Airtel | F130: 45379 | H130: Wall Mount | I130: 1 | J130: 710 | K130: =IF(I130<>"",J130*I130,0) -> 710 | L130: 45141 | P130: =J130 -> 710 | Q130: =P130*I130 -> 710 | U130: =J130 -> 710 | V130: =I130 -> 1 | W130: =IF(V130<>"",V130*U130,0) -> 710 | X130: Mumbai | Y130: CE
A131: =A130+1 -> 129 | B131: 1GF120103 | C131: =IF($B131<>"",_xlfn.IFNA(VLOOKUP($B131,'Node Details'!$B:$U,C$1,0),"Check"),"") -> 00001GF12-1GF120106 | D131: =IF($B131<>"",_xlfn.IFNA(VLOOKUP($B131,'Node Details'!$B:$U,D$1,0),"Check"),"") -> 1GF | E131: =IF($B131<>"",_xlfn.IFNA(VLOOKUP($B131,'Node Details'!$B:$U,E$1,0),"Check"),"") -> Airtel | F131: 45379 | H131: Wall Mount | I131: 1 | J131: 710 | K131: =IF(I131<>"",J131*I131,0) -> 710 | L131: 45141 | P131: =J131 -> 710 | Q131: =P131*I131 -> 710 | U131: =J131 -> 710 | V131: =I131 -> 1 | W131: =IF(V131<>"",V131*U131,0) -> 710 | X131: Mumbai | Y131: CE
A132: =A131+1 -> 130 | B132: 1GF120104 | C132: =IF($B132<>"",_xlfn.IFNA(VLOOKUP($B132,'Node Details'!$B:$U,C$1,0),"Check"),"") -> 00001GF12-1GF120106 | D132: =IF($B132<>"",_xlfn.IFNA(VLOOKUP($B132,'Node Details'!$B:$U,D$1,0),"Check"),"") -> 1GF | E132: =IF($B132<>"",_xlfn.IFNA(VLOOKUP($B132,'Node Details'!$B:$U,E$1,0),"Check"),"") -> Airtel | F132: 45379 | H132: Wall Mount | I132: 1 | J132: 710 | K132: =IF(I132<>"",J132*I132,0) -> 710 | L132: 45141 | P132: =J132 -> 710 | Q132: =P132*I132 -> 710 | U132: =J132 -> 710 | V132: =I132 -> 1 | W132: =IF(V132<>"",V132*U132,0) -> 710 | X132: Mumbai | Y132: CE
A133: =A132+1 -> 131 | B133: 1GF120105 | C133: =IF($B133<>"",_xlfn.IFNA(VLOOKUP($B133,'Node Details'!$B:$U,C$1,0),"Check"),"") -> 00001GF12-1GF120106 | D133: =IF($B133<>"",_xlfn.IFNA(VLOOKUP($B133,'Node Details'!$B:$U,D$1,0),"Check"),"") -> 1GF | E133: =IF($B133<>"",_xlfn.IFNA(VLOOKUP($B133,'Node Details'!$B:$U,E$1,0),"Check"),"") -> Airtel | F133: 45379 | H133: Wall Mount | I133: 1 | J133: 710 | K133: =IF(I133<>"",J133*I133,0) -> 710 | L133: 45141 | P133: =J133 -> 710 | Q133: =P133*I133 -> 710 | U133: =J133 -> 710 | V133: =I133 -> 1 | W133: =IF(V133<>"",V133*U133,0) -> 710 | X133: Mumbai | Y133: CE
A134: =A133+1 -> 132 | B134: 1GF120106 | C134: =IF($B134<>"",_xlfn.IFNA(VLOOKUP($B134,'Node Details'!$B:$U,C$1,0),"Check"),"") -> 00001GF12-1GF120106 | D134: =IF($B134<>"",_xlfn.IFNA(VLOOKUP($B134,'Node Details'!$B:$U,D$1,0),"Check"),"") -> 1GF | E134: =IF($B134<>"",_xlfn.IFNA(VLOOKUP($B134,'Node Details'!$B:$U,E$1,0),"Check"),"") -> Airtel | F134: 45379 | H134: Wall Mount | I134: 1 | J134: 710 | K134: =IF(I134<>"",J134*I134,0) -> 710 | L134: 45141 | P134: =J134 -> 710 | Q134: =P134*I134 -> 710 | U134: =J134 -> 710 | V134: =I134 -> 1 | W134: =IF(V134<>"",V134*U134,0) -> 710 | X134: Mumbai | Y134: CE
A135: =A134+1 -> 133 | B135: 1GF13 | C135: =IF($B135<>"",_xlfn.IFNA(VLOOKUP($B135,'Node Details'!$B:$U,C$1,0),"Check"),"") -> 00001GF12-00001GF22 | D135: =IF($B135<>"",_xlfn.IFNA(VLOOKUP($B135,'Node Details'!$B:$U,D$1,0),"Check"),"") -> 1GF | E135: =IF($B135<>"",_xlfn.IFNA(VLOOKUP($B135,'Node Details'!$B:$U,E$1,0),"Check"),"") -> Airtel | F135: 45379 | H135: Wall Mount | I135: 1 | J135: 1500 | K135: =IF(I135<>"",J135*I135,0) -> 1500 | L135: 45141 | N135: ETIPL-PUR-ORD-23-12-00057 | O135: 45273 | P135: =J135 -> 1500 | Q135: =P135*I135 -> 1500 | S135: INVSR-535/23-24 | T135: 45273 | U135: =J135 -> 1500 | V135: =I135 -> 1 | W135: =IF(V135<>"",V135*U135,0) -> 1500 | X135: Mumbai | Y135: CCL
A136: =A135+1 -> 134 | B136: 1GF130101 | C136: =IF($B136<>"",_xlfn.IFNA(VLOOKUP($B136,'Node Details'!$B:$U,C$1,0),"Check"),"") -> 00001GF13-1GF130106 | D136: =IF($B136<>"",_xlfn.IFNA(VLOOKUP($B136,'Node Details'!$B:$U,D$1,0),"Check"),"") -> 1GF | E136: =IF($B136<>"",_xlfn.IFNA(VLOOKUP($B136,'Node Details'!$B:$U,E$1,0),"Check"),"") -> Airtel | F136: 45379 | H136: Wall Mount | I136: 1 | J136: 710 | K136: =IF(I136<>"",J136*I136,0) -> 710 | L136: 45141 | P136: =J136 -> 710 | Q136: =P136*I136 -> 710 | U136: =J136 -> 710 | V136: =I136 -> 1 | W136: =IF(V136<>"",V136*U136,0) -> 710 | X136: Mumbai | Y136: CE
A137: =A136+1 -> 135 | B137: 1GF130102 | C137: =IF($B137<>"",_xlfn.IFNA(VLOOKUP($B137,'Node Details'!$B:$U,C$1,0),"Check"),"") -> 00001GF13-1GF130106 | D137: =IF($B137<>"",_xlfn.IFNA(VLOOKUP($B137,'Node Details'!$B:$U,D$1,0),"Check"),"") -> 1GF | E137: =IF($B137<>"",_xlfn.IFNA(VLOOKUP($B137,'Node Details'!$B:$U,E$1,0),"Check"),"") -> Airtel | F137: 45379 | H137: Wall Mount | I137: 1 | J137: 710 | K137: =IF(I137<>"",J137*I137,0) -> 710 | L137: 45141 | P137: =J137 -> 710 | Q137: =P137*I137 -> 710 | U137: =J137 -> 710 | V137: =I137 -> 1 | W137: =IF(V137<>"",V137*U137,0) -> 710 | X137: Mumbai | Y137: CE
A138: =A137+1 -> 136 | B138: 1GF130103 | C138: =IF($B138<>"",_xlfn.IFNA(VLOOKUP($B138,'Node Details'!$B:$U,C$1,0),"Check"),"") -> 00001GF13-1GF130106 | D138: =IF($B138<>"",_xlfn.IFNA(VLOOKUP($B138,'Node Details'!$B:$U,D$1,0),"Check"),"") -> 1GF | E138: =IF($B138<>"",_xlfn.IFNA(VLOOKUP($B138,'Node Details'!$B:$U,E$1,0),"Check"),"") -> Airtel | F138: 45379 | H138: Wall Mount | I138: 1 | J138: 710 | K138: =IF(I138<>"",J138*I138,0) -> 710 | L138: 45141 | P138: =J138 -> 710 | Q138: =P138*I138 -> 710 | U138: =J138 -> 710 | V138: =I138 -> 1 | W138: =IF(V138<>"",V138*U138,0) -> 710 | X138: Mumbai | Y138: CE
A139: =A138+1 -> 137 | B139: 1GF130104 | C139: =IF($B139<>"",_xlfn.IFNA(VLOOKUP($B139,'Node Details'!$B:$U,C$1,0),"Check"),"") -> 00001GF13-1GF130106 | D139: =IF($B139<>"",_xlfn.IFNA(VLOOKUP($B139,'Node Details'!$B:$U,D$1,0),"Check"),"") -> 1GF | E139: =IF($B139<>"",_xlfn.IFNA(VLOOKUP($B139,'Node Details'!$B:$U,E$1,0),"Check"),"") -> Airtel | F139: 45379 | H139: Wall Mount | I139: 1 | J139: 710 | K139: =IF(I139<>"",J139*I139,0) -> 710 | L139: 45141 | P139: =J139 -> 710 | Q139: =P139*I139 -> 710 | U139: =J139 -> 710 | V139: =I139 -> 1 | W139: =IF(V139<>"",V139*U139,0) -> 710 | X139: Mumbai | Y139: CE
A140: =A139+1 -> 138 | B140: 1GF130105 | C140: =IF($B140<>"",_xlfn.IFNA(VLOOKUP($B140,'Node Details'!$B:$U,C$1,0),"Check"),"") -> 00001GF13-1GF130106 | D140: =IF($B140<>"",_xlfn.IFNA(VLOOKUP($B140,'Node Details'!$B:$U,D$1,0),"Check"),"") -> 1GF | E140: =IF($B140<>"",_xlfn.IFNA(VLOOKUP($B140,'Node Details'!$B:$U,E$1,0),"Check"),"") -> Airtel | F140: 45379 | H140: Wall Mount | I140: 1 | J140: 710 | K140: =IF(I140<>"",J140*I140,0) -> 710 | L140: 45141 | P140: =J140 -> 710 | Q140: =P140*I140 -> 710 | U140: =J140 -> 710 | V140: =I140 -> 1 | W140: =IF(V140<>"",V140*U140,0) -> 710 | X140: Mumbai | Y140: CE
A141: =A140+1 -> 139 | B141: 1GF130106 | C141: =IF($B141<>"",_xlfn.IFNA(VLOOKUP($B141,'Node Details'!$B:$U,C$1,0),"Check"),"") -> 00001GF13-1GF130106 | D141: =IF($B141<>"",_xlfn.IFNA(VLOOKUP($B141,'Node Details'!$B:$U,D$1,0),"Check"),"") -> 1GF | E141: =IF($B141<>"",_xlfn.IFNA(VLOOKUP($B141,'Node Details'!$B:$U,E$1,0),"Check"),"") -> Airtel | F141: 45379 | H141: Wall Mount | I141: 1 | J141: 710 | K141: =IF(I141<>"",J141*I141,0) -> 710 | L141: 45141 | P141: =J141 -> 710 | Q141: =P141*I141 -> 710 | U141: =J141 -> 710 | V141: =I141 -> 1 | W141: =IF(V141<>"",V141*U141,0) -> 710 | X141: Mumbai | Y141: CE
A142: =A141+1 -> 140 | B142: 1GF14 | C142: =IF($B142<>"",_xlfn.IFNA(VLOOKUP($B142,'Node Details'!$B:$U,C$1,0),"Check"),"") -> 00001GF12-00001GF22 | D142: =IF($B142<>"",_xlfn.IFNA(VLOOKUP($B142,'Node Details'!$B:$U,D$1,0),"Check"),"") -> 1GF | E142: =IF($B142<>"",_xlfn.IFNA(VLOOKUP($B142,'Node Details'!$B:$U,E$1,0),"Check"),"") -> Airtel | F142: 45379 | H142: Wall Mount | I142: 1 | J142: 1500 | K142: =IF(I142<>"",J142*I142,0) -> 1500 | L142: 45141 | N142: ETIPL-PUR-ORD-23-12-00057 | O142: 45273 | P142: =J142 -> 1500 | Q142: =P142*I142 -> 1500 | S142: INVSR-535/23-24 | T142: 45273 | U142: =J142 -> 1500 | V142: =I142 -> 1 | W142: =IF(V142<>"",V142*U142,0) -> 1500 | X142: Mumbai | Y142: CCL
A143: =A142+1 -> 141 | B143: 1GF140101 | C143: =IF($B143<>"",_xlfn.IFNA(VLOOKUP($B143,'Node Details'!$B:$U,C$1,0),"Check"),"") -> 00001GF14-1GF140107 | D143: =IF($B143<>"",_xlfn.IFNA(VLOOKUP($B143,'Node Details'!$B:$U,D$1,0),"Check"),"") -> 1GF | E143: =IF($B143<>"",_xlfn.IFNA(VLOOKUP($B143,'Node Details'!$B:$U,E$1,0),"Check"),"") -> Airtel | F143: 45379 | H143: Wall Mount | I143: 1 | J143: 1500 | K143: =IF(I143<>"",J143*I143,0) -> 1500 | L143: 45141 | P143: =J143 -> 1500 | Q143: =P143*I143 -> 1500 | U143: =J143 -> 1500 | V143: =I143 -> 1 | W143: =IF(V143<>"",V143*U143,0) -> 1500 | X143: Mumbai | Y143: CE
A144: =A143+1 -> 142 | B144: 1GF140102 | C144: =IF($B144<>"",_xlfn.IFNA(VLOOKUP($B144,'Node Details'!$B:$U,C$1,0),"Check"),"") -> 00001GF14-1GF140107 | D144: =IF($B144<>"",_xlfn.IFNA(VLOOKUP($B144,'Node Details'!$B:$U,D$1,0),"Check"),"") -> 1GF | E144: =IF($B144<>"",_xlfn.IFNA(VLOOKUP($B144,'Node Details'!$B:$U,E$1,0),"Check"),"") -> Airtel | F144: 45379 | H144: Wall Mount | I144: 1 | J144: 710 | K144: =IF(I144<>"",J144*I144,0) -> 710 | L144: 45141 | P144: =J144 -> 710 | Q144: =P144*I144 -> 710 | U144: =J144 -> 710 | V144: =I144 -> 1 | W144: =IF(V144<>"",V144*U144,0) -> 710 | X144: Mumbai | Y144: CE
A145: =A144+1 -> 143 | B145: 1GF140103 | C145: =IF($B145<>"",_xlfn.IFNA(VLOOKUP($B145,'Node Details'!$B:$U,C$1,0),"Check"),"") -> 00001GF14-1GF140107 | D145: =IF($B145<>"",_xlfn.IFNA(VLOOKUP($B145,'Node Details'!$B:$U,D$1,0),"Check"),"") -> 1GF | E145: =IF($B145<>"",_xlfn.IFNA(VLOOKUP($B145,'Node Details'!$B:$U,E$1,0),"Check"),"") -> Airtel | F145: 45379 | H145: Wall Mount | I145: 1 | J145: 710 | K145: =IF(I145<>"",J145*I145,0) -> 710 | L145: 45141 | P145: =J145 -> 710 | Q145: =P145*I145 -> 710 | U145: =J145 -> 710 | V145: =I145 -> 1 | W145: =IF(V145<>"",V145*U145,0) -> 710 | X145: Mumbai | Y145: CE
A146: =A145+1 -> 144 | B146: 1GF140104 | C146: =IF($B146<>"",_xlfn.IFNA(VLOOKUP($B146,'Node Details'!$B:$U,C$1,0),"Check"),"") -> 00001GF14-1GF140107 | D146: =IF($B146<>"",_xlfn.IFNA(VLOOKUP($B146,'Node Details'!$B:$U,D$1,0),"Check"),"") -> 1GF | E146: =IF($B146<>"",_xlfn.IFNA(VLOOKUP($B146,'Node Details'!$B:$U,E$1,0),"Check"),"") -> Airtel | F146: 45379 | H146: Wall Mount | I146: 1 | J146: 710 | K146: =IF(I146<>"",J146*I146,0) -> 710 | L146: 45141 | P146: =J146 -> 710 | Q146: =P146*I146 -> 710 | U146: =J146 -> 710 | V146: =I146 -> 1 | W146: =IF(V146<>"",V146*U146,0) -> 710 | X146: Mumbai | Y146: CE
A147: =A146+1 -> 145 | B147: 1GF140105 | C147: =IF($B147<>"",_xlfn.IFNA(VLOOKUP($B147,'Node Details'!$B:$U,C$1,0),"Check"),"") -> 00001GF14-1GF140107 | D147: =IF($B147<>"",_xlfn.IFNA(VLOOKUP($B147,'Node Details'!$B:$U,D$1,0),"Check"),"") -> 1GF | E147: =IF($B147<>"",_xlfn.IFNA(VLOOKUP($B147,'Node Details'!$B:$U,E$1,0),"Check"),"") -> Airtel | F147: 45379 | H147: Wall Mount | I147: 1 | J147: 710 | K147: =IF(I147<>"",J147*I147,0) -> 710 | L147: 45141 | P147: =J147 -> 710 | Q147: =P147*I147 -> 710 | U147: =J147 -> 710 | V147: =I147 -> 1 | W147: =IF(V147<>"",V147*U147,0) -> 710 | X147: Mumbai | Y147: CE
A148: =A147+1 -> 146 | B148: 1GF140106 | C148: =IF($B148<>"",_xlfn.IFNA(VLOOKUP($B148,'Node Details'!$B:$U,C$1,0),"Check"),"") -> 00001GF14-1GF140107 | D148: =IF($B148<>"",_xlfn.IFNA(VLOOKUP($B148,'Node Details'!$B:$U,D$1,0),"Check"),"") -> 1GF | E148: =IF($B148<>"",_xlfn.IFNA(VLOOKUP($B148,'Node Details'!$B:$U,E$1,0),"Check"),"") -> Airtel | F148: 45379 | H148: Wall Mount | I148: 1 | J148: 710 | K148: =IF(I148<>"",J148*I148,0) -> 710 | L148: 45141 | P148: =J148 -> 710 | Q148: =P148*I148 -> 710 | U148: =J148 -> 710 | V148: =I148 -> 1 | W148: =IF(V148<>"",V148*U148,0) -> 710 | X148: Mumbai | Y148: CE
A149: =A148+1 -> 147 | B149: 1GF140107 | C149: =IF($B149<>"",_xlfn.IFNA(VLOOKUP($B149,'Node Details'!$B:$U,C$1,0),"Check"),"") -> 00001GF14-1GF140107 | D149: =IF($B149<>"",_xlfn.IFNA(VLOOKUP($B149,'Node Details'!$B:$U,D$1,0),"Check"),"") -> 1GF | E149: =IF($B149<>"",_xlfn.IFNA(VLOOKUP($B149,'Node Details'!$B:$U,E$1,0),"Check"),"") -> Airtel | F149: 45379 | H149: Wall Mount | I149: 1 | J149: 710 | K149: =IF(I149<>"",J149*I149,0) -> 710 | L149: 45141 | P149: =J149 -> 710 | Q149: =P149*I149 -> 710 | U149: =J149 -> 710 | V149: =I149 -> 1 | W149: =IF(V149<>"",V149*U149,0) -> 710 | X149: Mumbai | Y149: CE
A150: =A149+1 -> 148 | B150: 1GF15 | C150: =IF($B150<>"",_xlfn.IFNA(VLOOKUP($B150,'Node Details'!$B:$U,C$1,0),"Check"),"") -> 00001GF12-00001GF22 | D150: =IF($B150<>"",_xlfn.IFNA(VLOOKUP($B150,'Node Details'!$B:$U,D$1,0),"Check"),"") -> 1GF | E150: =IF($B150<>"",_xlfn.IFNA(VLOOKUP($B150,'Node Details'!$B:$U,E$1,0),"Check"),"") -> Airtel | F150: 45379 | H150: Wall Mount | I150: 1 | J150: 1500 | K150: =IF(I150<>"",J150*I150,0) -> 1500 | L150: 45141 | N150: ETIPL-PUR-ORD-23-12-00057 | O150: 45273 | P150: =J150 -> 1500 | Q150: =P150*I150 -> 1500 | S150: INVSR-535/23-24 | T150: 45273 | U150: =J150 -> 1500 | V150: =I150 -> 1 | W150: =IF(V150<>"",V150*U150,0) -> 1500 | X150: Mumbai | Y150: CCL
A151: =A150+1 -> 149 | B151: 1GF150101 | C151: =IF($B151<>"",_xlfn.IFNA(VLOOKUP($B151,'Node Details'!$B:$U,C$1,0),"Check"),"") -> 00001GF15-1GF150107 | D151: =IF($B151<>"",_xlfn.IFNA(VLOOKUP($B151,'Node Details'!$B:$U,D$1,0),"Check"),"") -> 1GF | E151: =IF($B151<>"",_xlfn.IFNA(VLOOKUP($B151,'Node Details'!$B:$U,E$1,0),"Check"),"") -> Airtel | F151: 45379 | H151: Wall Mount | I151: 1 | J151: 1500 | K151: =IF(I151<>"",J151*I151,0) -> 1500 | L151: 45141 | P151: =J151 -> 1500 | Q151: =P151*I151 -> 1500 | U151: =J151 -> 1500 | V151: =I151 -> 1 | W151: =IF(V151<>"",V151*U151,0) -> 1500 | X151: Mumbai | Y151: CE
A152: =A151+1 -> 150 | B152: 1GF150102 | C152: =IF($B152<>"",_xlfn.IFNA(VLOOKUP($B152,'Node Details'!$B:$U,C$1,0),"Check"),"") -> 00001GF15-1GF150107 | D152: =IF($B152<>"",_xlfn.IFNA(VLOOKUP($B152,'Node Details'!$B:$U,D$1,0),"Check"),"") -> 1GF | E152: =IF($B152<>"",_xlfn.IFNA(VLOOKUP($B152,'Node Details'!$B:$U,E$1,0),"Check"),"") -> Airtel | F152: 45379 | H152: Wall Mount | I152: 1 | J152: 710 | K152: =IF(I152<>"",J152*I152,0) -> 710 | L152: 45141 | P152: =J152 -> 710 | Q152: =P152*I152 -> 710 | U152: =J152 -> 710 | V152: =I152 -> 1 | W152: =IF(V152<>"",V152*U152,0) -> 710 | X152: Mumbai | Y152: CE
A153: =A152+1 -> 151 | B153: 1GF150103 | C153: =IF($B153<>"",_xlfn.IFNA(VLOOKUP($B153,'Node Details'!$B:$U,C$1,0),"Check"),"") -> 00001GF15-1GF150107 | D153: =IF($B153<>"",_xlfn.IFNA(VLOOKUP($B153,'Node Details'!$B:$U,D$1,0),"Check"),"") -> 1GF | E153: =IF($B153<>"",_xlfn.IFNA(VLOOKUP($B153,'Node Details'!$B:$U,E$1,0),"Check"),"") -> Airtel | F153: 45379 | H153: Wall Mount | I153: 1 | J153: 710 | K153: =IF(I153<>"",J153*I153,0) -> 710 | L153: 45141 | P153: =J153 -> 710 | Q153: =P153*I153 -> 710 | U153: =J153 -> 710 | V153: =I153 -> 1 | W153: =IF(V153<>"",V153*U153,0) -> 710 | X153: Mumbai | Y153: CE
A154: =A153+1 -> 152 | B154: 1GF150104 | C154: =IF($B154<>"",_xlfn.IFNA(VLOOKUP($B154,'Node Details'!$B:$U,C$1,0),"Check"),"") -> 00001GF15-1GF150107 | D154: =IF($B154<>"",_xlfn.IFNA(VLOOKUP($B154,'Node Details'!$B:$U,D$1,0),"Check"),"") -> 1GF | E154: =IF($B154<>"",_xlfn.IFNA(VLOOKUP($B154,'Node Details'!$B:$U,E$1,0),"Check"),"") -> Airtel | F154: 45379 | H154: Wall Mount | I154: 1 | J154: 710 | K154: =IF(I154<>"",J154*I154,0) -> 710 | L154: 45141 | P154: =J154 -> 710 | Q154: =P154*I154 -> 710 | U154: =J154 -> 710 | V154: =I154 -> 1 | W154: =IF(V154<>"",V154*U154,0) -> 710 | X154: Mumbai | Y154: CE
A155: =A154+1 -> 153 | B155: 1GF150105 | C155: =IF($B155<>"",_xlfn.IFNA(VLOOKUP($B155,'Node Details'!$B:$U,C$1,0),"Check"),"") -> 00001GF15-1GF150107 | D155: =IF($B155<>"",_xlfn.IFNA(VLOOKUP($B155,'Node Details'!$B:$U,D$1,0),"Check"),"") -> 1GF | E155: =IF($B155<>"",_xlfn.IFNA(VLOOKUP($B155,'Node Details'!$B:$U,E$1,0),"Check"),"") -> Airtel | F155: 45379 | H155: Wall Mount | I155: 1 | J155: 710 | K155: =IF(I155<>"",J155*I155,0) -> 710 | L155: 45141 | P155: =J155 -> 710 | Q155: =P155*I155 -> 710 | U155: =J155 -> 710 | V155: =I155 -> 1 | W155: =IF(V155<>"",V155*U155,0) -> 710 | X155: Mumbai | Y155: CE
A156: =A155+1 -> 154 | B156: 1GF150106 | C156: =IF($B156<>"",_xlfn.IFNA(VLOOKUP($B156,'Node Details'!$B:$U,C$1,0),"Check"),"") -> 00001GF15-1GF150107 | D156: =IF($B156<>"",_xlfn.IFNA(VLOOKUP($B156,'Node Details'!$B:$U,D$1,0),"Check"),"") -> 1GF | E156: =IF($B156<>"",_xlfn.IFNA(VLOOKUP($B156,'Node Details'!$B:$U,E$1,0),"Check"),"") -> Airtel | F156: 45379 | H156: Wall Mount | I156: 1 | J156: 710 | K156: =IF(I156<>"",J156*I156,0) -> 710 | L156: 45141 | P156: =J156 -> 710 | Q156: =P156*I156 -> 710 | U156: =J156 -> 710 | V156: =I156 -> 1 | W156: =IF(V156<>"",V156*U156,0) -> 710 | X156: Mumbai | Y156: CE
A157: =A156+1 -> 155 | B157: 1GF150107 | C157: =IF($B157<>"",_xlfn.IFNA(VLOOKUP($B157,'Node Details'!$B:$U,C$1,0),"Check"),"") -> 00001GF15-1GF150107 | D157: =IF($B157<>"",_xlfn.IFNA(VLOOKUP($B157,'Node Details'!$B:$U,D$1,0),"Check"),"") -> 1GF | E157: =IF($B157<>"",_xlfn.IFNA(VLOOKUP($B157,'Node Details'!$B:$U,E$1,0),"Check"),"") -> Airtel | F157: 45379 | H157: Wall Mount | I157: 1 | J157: 710 | K157: =IF(I157<>"",J157*I157,0) -> 710 | L157: 45141 | P157: =J157 -> 710 | Q157: =P157*I157 -> 710 | U157: =J157 -> 710 | V157: =I157 -> 1 | W157: =IF(V157<>"",V157*U157,0) -> 710 | X157: Mumbai | Y157: CE
A158: =A157+1 -> 156 | B158: 1GF16 | C158: =IF($B158<>"",_xlfn.IFNA(VLOOKUP($B158,'Node Details'!$B:$U,C$1,0),"Check"),"") -> 00001GF12-00001GF22 | D158: =IF($B158<>"",_xlfn.IFNA(VLOOKUP($B158,'Node Details'!$B:$U,D$1,0),"Check"),"") -> 1GF | E158: =IF($B158<>"",_xlfn.IFNA(VLOOKUP($B158,'Node Details'!$B:$U,E$1,0),"Check"),"") -> Airtel | F158: 45379 | H158: Wall Mount | I158: 1 | J158: 1500 | K158: =IF(I158<>"",J158*I158,0) -> 1500 | L158: 45141 | N158: ETIPL-PUR-ORD-23-12-00057 | O158: 45273 | P158: =J158 -> 1500 | Q158: =P158*I158 -> 1500 | S158: INVSR-535/23-24 | T158: 45273 | U158: =J158 -> 1500 | V158: =I158 -> 1 | W158: =IF(V158<>"",V158*U158,0) -> 1500 | X158: Mumbai | Y158: CCL
A159: =A158+1 -> 157 | B159: 1GF160101 | C159: =IF($B159<>"",_xlfn.IFNA(VLOOKUP($B159,'Node Details'!$B:$U,C$1,0),"Check"),"") -> 00001GF16-1GF160107 | D159: =IF($B159<>"",_xlfn.IFNA(VLOOKUP($B159,'Node Details'!$B:$U,D$1,0),"Check"),"") -> 1GF | E159: =IF($B159<>"",_xlfn.IFNA(VLOOKUP($B159,'Node Details'!$B:$U,E$1,0),"Check"),"") -> Airtel | F159: 45379 | H159: Wall Mount | I159: 1 | J159: 1500 | K159: =IF(I159<>"",J159*I159,0) -> 1500 | L159: 45141 | P159: =J159 -> 1500 | Q159: =P159*I159 -> 1500 | U159: =J159 -> 1500 | V159: =I159 -> 1 | W159: =IF(V159<>"",V159*U159,0) -> 1500 | X159: Mumbai | Y159: CE
A160: =A159+1 -> 158 | B160: 1GF160102 | C160: =IF($B160<>"",_xlfn.IFNA(VLOOKUP($B160,'Node Details'!$B:$U,C$1,0),"Check"),"") -> 00001GF16-1GF160107 | D160: =IF($B160<>"",_xlfn.IFNA(VLOOKUP($B160,'Node Details'!$B:$U,D$1,0),"Check"),"") -> 1GF | E160: =IF($B160<>"",_xlfn.IFNA(VLOOKUP($B160,'Node Details'!$B:$U,E$1,0),"Check"),"") -> Airtel | F160: 45379 | H160: Wall Mount | I160: 1 | J160: 710 | K160: =IF(I160<>"",J160*I160,0) -> 710 | L160: 45141 | P160: =J160 -> 710 | Q160: =P160*I160 -> 710 | U160: =J160 -> 710 | V160: =I160 -> 1 | W160: =IF(V160<>"",V160*U160,0) -> 710 | X160: Mumbai | Y160: CE
A161: =A160+1 -> 159 | B161: 1GF160103 | C161: =IF($B161<>"",_xlfn.IFNA(VLOOKUP($B161,'Node Details'!$B:$U,C$1,0),"Check"),"") -> 00001GF16-1GF160107 | D161: =IF($B161<>"",_xlfn.IFNA(VLOOKUP($B161,'Node Details'!$B:$U,D$1,0),"Check"),"") -> 1GF | E161: =IF($B161<>"",_xlfn.IFNA(VLOOKUP($B161,'Node Details'!$B:$U,E$1,0),"Check"),"") -> Airtel | F161: 45379 | H161: Wall Mount | I161: 1 | J161: 710 | K161: =IF(I161<>"",J161*I161,0) -> 710 | L161: 45141 | P161: =J161 -> 710 | Q161: =P161*I161 -> 710 | U161: =J161 -> 710 | V161: =I161 -> 1 | W161: =IF(V161<>"",V161*U161,0) -> 710 | X161: Mumbai | Y161: CE
A162: =A161+1 -> 160 | B162: 1GF160104 | C162: =IF($B162<>"",_xlfn.IFNA(VLOOKUP($B162,'Node Details'!$B:$U,C$1,0),"Check"),"") -> 00001GF16-1GF160107 | D162: =IF($B162<>"",_xlfn.IFNA(VLOOKUP($B162,'Node Details'!$B:$U,D$1,0),"Check"),"") -> 1GF | E162: =IF($B162<>"",_xlfn.IFNA(VLOOKUP($B162,'Node Details'!$B:$U,E$1,0),"Check"),"") -> Airtel | F162: 45379 | H162: Wall Mount | I162: 1 | J162: 710 | K162: =IF(I162<>"",J162*I162,0) -> 710 | L162: 45141 | P162: =J162 -> 710 | Q162: =P162*I162 -> 710 | U162: =J162 -> 710 | V162: =I162 -> 1 | W162: =IF(V162<>"",V162*U162,0) -> 710 | X162: Mumbai | Y162: CE
A163: =A162+1 -> 161 | B163: 1GF160105 | C163: =IF($B163<>"",_xlfn.IFNA(VLOOKUP($B163,'Node Details'!$B:$U,C$1,0),"Check"),"") -> 00001GF16-1GF160107 | D163: =IF($B163<>"",_xlfn.IFNA(VLOOKUP($B163,'Node Details'!$B:$U,D$1,0),"Check"),"") -> 1GF | E163: =IF($B163<>"",_xlfn.IFNA(VLOOKUP($B163,'Node Details'!$B:$U,E$1,0),"Check"),"") -> Airtel | F163: 45379 | H163: Wall Mount | I163: 1 | J163: 710 | K163: =IF(I163<>"",J163*I163,0) -> 710 | L163: 45141 | P163: =J163 -> 710 | Q163: =P163*I163 -> 710 | U163: =J163 -> 710 | V163: =I163 -> 1 | W163: =IF(V163<>"",V163*U163,0) -> 710 | X163: Mumbai | Y163: CE
A164: =A163+1 -> 162 | B164: 1GF160106 | C164: =IF($B164<>"",_xlfn.IFNA(VLOOKUP($B164,'Node Details'!$B:$U,C$1,0),"Check"),"") -> 00001GF16-1GF160107 | D164: =IF($B164<>"",_xlfn.IFNA(VLOOKUP($B164,'Node Details'!$B:$U,D$1,0),"Check"),"") -> 1GF | E164: =IF($B164<>"",_xlfn.IFNA(VLOOKUP($B164,'Node Details'!$B:$U,E$1,0),"Check"),"") -> Airtel | F164: 45379 | H164: Wall Mount | I164: 1 | J164: 710 | K164: =IF(I164<>"",J164*I164,0) -> 710 | L164: 45141 | P164: =J164 -> 710 | Q164: =P164*I164 -> 710 | U164: =J164 -> 710 | V164: =I164 -> 1 | W164: =IF(V164<>"",V164*U164,0) -> 710 | X164: Mumbai | Y164: CE
A165: =A164+1 -> 163 | B165: 1GF160107 | C165: =IF($B165<>"",_xlfn.IFNA(VLOOKUP($B165,'Node Details'!$B:$U,C$1,0),"Check"),"") -> 00001GF16-1GF160107 | D165: =IF($B165<>"",_xlfn.IFNA(VLOOKUP($B165,'Node Details'!$B:$U,D$1,0),"Check"),"") -> 1GF | E165: =IF($B165<>"",_xlfn.IFNA(VLOOKUP($B165,'Node Details'!$B:$U,E$1,0),"Check"),"") -> Airtel | F165: 45379 | H165: Wall Mount | I165: 1 | J165: 710 | K165: =IF(I165<>"",J165*I165,0) -> 710 | L165: 45141 | P165: =J165 -> 710 | Q165: =P165*I165 -> 710 | U165: =J165 -> 710 | V165: =I165 -> 1 | W165: =IF(V165<>"",V165*U165,0) -> 710 | X165: Mumbai | Y165: CE
A166: =A165+1 -> 164 | B166: 1GF17 | C166: =IF($B166<>"",_xlfn.IFNA(VLOOKUP($B166,'Node Details'!$B:$U,C$1,0),"Check"),"") -> 00001GF12-00001GF22 | D166: =IF($B166<>"",_xlfn.IFNA(VLOOKUP($B166,'Node Details'!$B:$U,D$1,0),"Check"),"") -> 1GF | E166: =IF($B166<>"",_xlfn.IFNA(VLOOKUP($B166,'Node Details'!$B:$U,E$1,0),"Check"),"") -> Airtel | F166: 45379 | H166: Wall Mount | I166: 1 | J166: 1500 | K166: =IF(I166<>"",J166*I166,0) -> 1500 | L166: 45141 | N166: ETIPL-PUR-ORD-23-12-00057 | O166: 45273 | P166: =J166 -> 1500 | Q166: =P166*I166 -> 1500 | S166: INVSR-535/23-24 | T166: 45273 | U166: =J166 -> 1500 | V166: =I166 -> 1 | W166: =IF(V166<>"",V166*U166,0) -> 1500 | X166: Mumbai | Y166: CCL
A167: =A166+1 -> 165 | B167: 1GF170101 | C167: =IF($B167<>"",_xlfn.IFNA(VLOOKUP($B167,'Node Details'!$B:$U,C$1,0),"Check"),"") -> 00001GF17-1GF170104 | D167: =IF($B167<>"",_xlfn.IFNA(VLOOKUP($B167,'Node Details'!$B:$U,D$1,0),"Check"),"") -> 1GF | E167: =IF($B167<>"",_xlfn.IFNA(VLOOKUP($B167,'Node Details'!$B:$U,E$1,0),"Check"),"") -> Airtel | F167: 45379 | H167: Wall Mount | I167: 1 | J167: 1500 | K167: =IF(I167<>"",J167*I167,0) -> 1500 | L167: 45141 | P167: =J167 -> 1500 | Q167: =P167*I167 -> 1500 | U167: =J167 -> 1500 | V167: =I167 -> 1 | W167: =IF(V167<>"",V167*U167,0) -> 1500 | X167: Mumbai | Y167: CE
...

Sheet Other Services
C1: =MATCH(C2,'Node Details'!$B$2:$U$2,0) -> 3 | D1: =MATCH(D2,'Node Details'!$B$2:$U$2,0) -> 9 | E1: =MATCH(E2,'Node Details'!$B$2:$U$2,0) -> 4 | I1: =SUBTOTAL(9,I3:I1048576) -> 364 | K1: =SUBTOTAL(9,K3:K1048576) -> 60770 | Q1: =SUBTOTAL(9,Q3:Q1048576) -> 60770 | V1: =SUBTOTAL(9,V3:V1048576) -> 364 | W1: =SUBTOTAL(9,W3:W1048576) -> 60770
A2: Sr. no. | B2: FDC/FAT Unique ID | C2: Route ID (Route on which FAT/FDC is connected) | D2: Cluster ID | E2: Customer | F2: HOTO Date | H2: Service Name | I2: Qty used | J2: Rate Per Unit | K2: Total Cost | L2: Installation Date | N2: Vendor PO No | O2: Vendor PO Date | P2: Vendor PO Rate | Q2: Vendor PO Cost | S2: Vendor Invoice No | T2: Vendor Invoice Date | U2: Vendor Invoice Rate | V2: Vendor Invoiced length | W2: Invoice Amt | X2: Vendor name | Y2: Circle
A3: 1 | B3: 1GF120101 | C3: =IF($B3<>"",_xlfn.IFNA(VLOOKUP($B3,'Node Details'!$B:$U,C$1,0),"Check"),"") -> 00001GF12-1GF120106 | D3: =IF($B3<>"",_xlfn.IFNA(VLOOKUP($B3,'Node Details'!$B:$U,D$1,0),"Check"),"") -> 1GF | E3: =IF($B3<>"",_xlfn.IFNA(VLOOKUP($B3,'Node Details'!$B:$U,E$1,0),"Check"),"") -> Airtel | F3: 45379 | H3: FAT Box Installation | I3: 1 | J3: 500 | K3: =IF(I3<>"",J3*I3,0) -> 500 | L3: 45141 | N3: ETIL-PUR-ORD-23-10-00058 | O3: 45211 | P3: =J3 -> 500 | Q3: =P3*I3 -> 500 | S3: SE/361 BG | T3: 45257 | U3: =J3 -> 500 | V3: =I3 -> 1 | W3: =IF(V3<>"",V3*U3,0) -> 500 | X3: Sudhist Enterprises | Y3: Mumbai
A4: =A3+1 -> 2 | B4: 1GF120102 | C4: =IF($B4<>"",_xlfn.IFNA(VLOOKUP($B4,'Node Details'!$B:$U,C$1,0),"Check"),"") -> 00001GF12-1GF120106 | D4: =IF($B4<>"",_xlfn.IFNA(VLOOKUP($B4,'Node Details'!$B:$U,D$1,0),"Check"),"") -> 1GF | E4: =IF($B4<>"",_xlfn.IFNA(VLOOKUP($B4,'Node Details'!$B:$U,E$1,0),"Check"),"") -> Airtel | F4: 45379 | H4: FAT Box Installation | I4: 1 | J4: 500 | K4: =IF(I4<>"",J4*I4,0) -> 500 | L4: 45141 | N4: ETIL-PUR-ORD-23-10-00058 | O4: 45211 | P4: =J4 -> 500 | Q4: =P4*I4 -> 500 | S4: SE/361 BG | T4: 45257 | U4: =J4 -> 500 | V4: =I4 -> 1 | W4: =IF(V4<>"",V4*U4,0) -> 500 | X4: Sudhist Enterprises | Y4: Mumbai
A5: =A4+1 -> 3 | B5: 1GF120103 | C5: =IF($B5<>"",_xlfn.IFNA(VLOOKUP($B5,'Node Details'!$B:$U,C$1,0),"Check"),"") -> 00001GF12-1GF120106 | D5: =IF($B5<>"",_xlfn.IFNA(VLOOKUP($B5,'Node Details'!$B:$U,D$1,0),"Check"),"") -> 1GF | E5: =IF($B5<>"",_xlfn.IFNA(VLOOKUP($B5,'Node Details'!$B:$U,E$1,0),"Check"),"") -> Airtel | F5: 45379 | H5: FAT Box Installation | I5: 1 | J5: 500 | K5: =IF(I5<>"",J5*I5,0) -> 500 | L5: 45141 | N5: ETIL-PUR-ORD-23-10-00058 | O5: 45211 | P5: =J5 -> 500 | Q5: =P5*I5 -> 500 | S5: SE/361 BG | T5: 45257 | U5: =J5 -> 500 | V5: =I5 -> 1 | W5: =IF(V5<>"",V5*U5,0) -> 500 | X5: Sudhist Enterprises | Y5: Mumbai
A6: =A5+1 -> 4 | B6: 1GF120104 | C6: =IF($B6<>"",_xlfn.IFNA(VLOOKUP($B6,'Node Details'!$B:$U,C$1,0),"Check"),"") -> 00001GF12-1GF120106 | D6: =IF($B6<>"",_xlfn.IFNA(VLOOKUP($B6,'Node Details'!$B:$U,D$1,0),"Check"),"") -> 1GF | E6: =IF($B6<>"",_xlfn.IFNA(VLOOKUP($B6,'Node Details'!$B:$U,E$1,0),"Check"),"") -> Airtel | F6: 45379 | H6: FAT Box Installation | I6: 2 | J6: 500 | K6: =IF(I6<>"",J6*I6,0) -> 1000 | L6: 45141 | N6: ETIL-PUR-ORD-23-10-00058 | O6: 45211 | P6: =J6 -> 500 | Q6: =P6*I6 -> 1000 | S6: SE/361 BG | T6: 45257 | U6: =J6 -> 500 | V6: =I6 -> 2 | W6: =IF(V6<>"",V6*U6,0) -> 1000 | X6: Sudhist Enterprises | Y6: Mumbai
A7: =A6+1 -> 5 | B7: 1GF120105 | C7: =IF($B7<>"",_xlfn.IFNA(VLOOKUP($B7,'Node Details'!$B:$U,C$1,0),"Check"),"") -> 00001GF12-1GF120106 | D7: =IF($B7<>"",_xlfn.IFNA(VLOOKUP($B7,'Node Details'!$B:$U,D$1,0),"Check"),"") -> 1GF | E7: =IF($B7<>"",_xlfn.IFNA(VLOOKUP($B7,'Node Details'!$B:$U,E$1,0),"Check"),"") -> Airtel | F7: 45379 | H7: FAT Box Installation | I7: 1 | J7: 500 | K7: =IF(I7<>"",J7*I7,0) -> 500 | L7: 45141 | N7: ETIL-PUR-ORD-23-10-00058 | O7: 45211 | P7: =J7 -> 500 | Q7: =P7*I7 -> 500 | S7: SE/361 BG | T7: 45257 | U7: =J7 -> 500 | V7: =I7 -> 1 | W7: =IF(V7<>"",V7*U7,0) -> 500 | X7: Sudhist Enterprises | Y7: Mumbai
A8: =A7+1 -> 6 | B8: 1GF120106 | C8: =IF($B8<>"",_xlfn.IFNA(VLOOKUP($B8,'Node Details'!$B:$U,C$1,0),"Check"),"") -> 00001GF12-1GF120106 | D8: =IF($B8<>"",_xlfn.IFNA(VLOOKUP($B8,'Node Details'!$B:$U,D$1,0),"Check"),"") -> 1GF | E8: =IF($B8<>"",_xlfn.IFNA(VLOOKUP($B8,'Node Details'!$B:$U,E$1,0),"Check"),"") -> Airtel | F8: 45379 | H8: FAT Box Installation | I8: 2 | J8: 500 | K8: =IF(I8<>"",J8*I8,0) -> 1000 | L8: 45141 | N8: ETIL-PUR-ORD-23-10-00058 | O8: 45211 | P8: =J8 -> 500 | Q8: =P8*I8 -> 1000 | S8: SE/361 BG | T8: 45257 | U8: =J8 -> 500 | V8: =I8 -> 2 | W8: =IF(V8<>"",V8*U8,0) -> 1000 | X8: Sudhist Enterprises | Y8: Mumbai
A9: =A8+1 -> 7 | B9: 1GF130101 | C9: =IF($B9<>"",_xlfn.IFNA(VLOOKUP($B9,'Node Details'!$B:$U,C$1,0),"Check"),"") -> 00001GF13-1GF130106 | D9: =IF($B9<>"",_xlfn.IFNA(VLOOKUP($B9,'Node Details'!$B:$U,D$1,0),"Check"),"") -> 1GF | E9: =IF($B9<>"",_xlfn.IFNA(VLOOKUP($B9,'Node Details'!$B:$U,E$1,0),"Check"),"") -> Airtel | F9: 45379 | H9: FAT Box Installation | I9: 1 | J9: 500 | K9: =IF(I9<>"",J9*I9,0) -> 500 | L9: 45141 | N9: ETIL-PUR-ORD-23-10-00058 | O9: 45211 | P9: =J9 -> 500 | Q9: =P9*I9 -> 500 | S9: SE/361 BG | T9: 45257 | U9: =J9 -> 500 | V9: =I9 -> 1 | W9: =IF(V9<>"",V9*U9,0) -> 500 | X9: Sudhist Enterprises | Y9: Mumbai
A10: =A9+1 -> 8 | B10: 1GF130102 | C10: =IF($B10<>"",_xlfn.IFNA(VLOOKUP($B10,'Node Details'!$B:$U,C$1,0),"Check"),"") -> 00001GF13-1GF130106 | D10: =IF($B10<>"",_xlfn.IFNA(VLOOKUP($B10,'Node Details'!$B:$U,D$1,0),"Check"),"") -> 1GF | E10: =IF($B10<>"",_xlfn.IFNA(VLOOKUP($B10,'Node Details'!$B:$U,E$1,0),"Check"),"") -> Airtel | F10: 45379 | H10: FAT Box Installation | I10: 1 | J10: 500 | K10: =IF(I10<>"",J10*I10,0) -> 500 | L10: 45141 | N10: ETIL-PUR-ORD-23-10-00058 | O10: 45211 | P10: =J10 -> 500 | Q10: =P10*I10 -> 500 | S10: SE/361 BG | T10: 45257 | U10: =J10 -> 500 | V10: =I10 -> 1 | W10: =IF(V10<>"",V10*U10,0) -> 500 | X10: Sudhist Enterprises | Y10: Mumbai
A11: =A10+1 -> 9 | B11: 1GF130103 | C11: =IF($B11<>"",_xlfn.IFNA(VLOOKUP($B11,'Node Details'!$B:$U,C$1,0),"Check"),"") -> 00001GF13-1GF130106 | D11: =IF($B11<>"",_xlfn.IFNA(VLOOKUP($B11,'Node Details'!$B:$U,D$1,0),"Check"),"") -> 1GF | E11: =IF($B11<>"",_xlfn.IFNA(VLOOKUP($B11,'Node Details'!$B:$U,E$1,0),"Check"),"") -> Airtel | F11: 45379 | H11: FAT Box Installation | I11: 1 | J11: 500 | K11: =IF(I11<>"",J11*I11,0) -> 500 | L11: 45141 | N11: ETIL-PUR-ORD-23-10-00058 | O11: 45211 | P11: =J11 -> 500 | Q11: =P11*I11 -> 500 | S11: SE/361 BG | T11: 45257 | U11: =J11 -> 500 | V11: =I11 -> 1 | W11: =IF(V11<>"",V11*U11,0) -> 500 | X11: Sudhist Enterprises | Y11: Mumbai
A12: =A11+1 -> 10 | B12: 1GF130104 | C12: =IF($B12<>"",_xlfn.IFNA(VLOOKUP($B12,'Node Details'!$B:$U,C$1,0),"Check"),"") -> 00001GF13-1GF130106 | D12: =IF($B12<>"",_xlfn.IFNA(VLOOKUP($B12,'Node Details'!$B:$U,D$1,0),"Check"),"") -> 1GF | E12: =IF($B12<>"",_xlfn.IFNA(VLOOKUP($B12,'Node Details'!$B:$U,E$1,0),"Check"),"") -> Airtel | F12: 45379 | H12: FAT Box Installation | I12: 1 | J12: 500 | K12: =IF(I12<>"",J12*I12,0) -> 500 | L12: 45141 | N12: ETIL-PUR-ORD-23-10-00058 | O12: 45211 | P12: =J12 -> 500 | Q12: =P12*I12 -> 500 | S12: SE/361 BG | T12: 45257 | U12: =J12 -> 500 | V12: =I12 -> 1 | W12: =IF(V12<>"",V12*U12,0) -> 500 | X12: Sudhist Enterprises | Y12: Mumbai
A13: =A12+1 -> 11 | B13: 1GF130105 | C13: =IF($B13<>"",_xlfn.IFNA(VLOOKUP($B13,'Node Details'!$B:$U,C$1,0),"Check"),"") -> 00001GF13-1GF130106 | D13: =IF($B13<>"",_xlfn.IFNA(VLOOKUP($B13,'Node Details'!$B:$U,D$1,0),"Check"),"") -> 1GF | E13: =IF($B13<>"",_xlfn.IFNA(VLOOKUP($B13,'Node Details'!$B:$U,E$1,0),"Check"),"") -> Airtel | F13: 45379 | H13: FAT Box Installation | I13: 1 | J13: 500 | K13: =IF(I13<>"",J13*I13,0) -> 500 | L13: 45141 | N13: ETIL-PUR-ORD-23-10-00058 | O13: 45211 | P13: =J13 -> 500 | Q13: =P13*I13 -> 500 | S13: SE/361 BG | T13: 45257 | U13: =J13 -> 500 | V13: =I13 -> 1 | W13: =IF(V13<>"",V13*U13,0) -> 500 | X13: Sudhist Enterprises | Y13: Mumbai
A14: =A13+1 -> 12 | B14: 1GF130106 | C14: =IF($B14<>"",_xlfn.IFNA(VLOOKUP($B14,'Node Details'!$B:$U,C$1,0),"Check"),"") -> 00001GF13-1GF130106 | D14: =IF($B14<>"",_xlfn.IFNA(VLOOKUP($B14,'Node Details'!$B:$U,D$1,0),"Check"),"") -> 1GF | E14: =IF($B14<>"",_xlfn.IFNA(VLOOKUP($B14,'Node Details'!$B:$U,E$1,0),"Check"),"") -> Airtel | F14: 45379 | H14: FAT Box Installation | I14: 1 | J14: 500 | K14: =IF(I14<>"",J14*I14,0) -> 500 | L14: 45141 | N14: ETIL-PUR-ORD-23-10-00058 | O14: 45211 | P14: =J14 -> 500 | Q14: =P14*I14 -> 500 | S14: SE/361 BG | T14: 45257 | U14: =J14 -> 500 | V14: =I14 -> 1 | W14: =IF(V14<>"",V14*U14,0) -> 500 | X14: Sudhist Enterprises | Y14: Mumbai
A15: =A14+1 -> 13 | B15: 1GF140101 | C15: =IF($B15<>"",_xlfn.IFNA(VLOOKUP($B15,'Node Details'!$B:$U,C$1,0),"Check"),"") -> 00001GF14-1GF140107 | D15: =IF($B15<>"",_xlfn.IFNA(VLOOKUP($B15,'Node Details'!$B:$U,D$1,0),"Check"),"") -> 1GF | E15: =IF($B15<>"",_xlfn.IFNA(VLOOKUP($B15,'Node Details'!$B:$U,E$1,0),"Check"),"") -> Airtel | F15: 45379 | H15: FAT Box Installation | I15: 1 | J15: 500 | K15: =IF(I15<>"",J15*I15,0) -> 500 | L15: 45141 | N15: ETIL-PUR-ORD-23-10-00058 | O15: 45211 | P15: =J15 -> 500 | Q15: =P15*I15 -> 500 | S15: SE/361 BG | T15: 45257 | U15: =J15 -> 500 | V15: =I15 -> 1 | W15: =IF(V15<>"",V15*U15,0) -> 500 | X15: Sudhist Enterprises | Y15: Mumbai
... A133: =A132+1 -> 131 | B133: 1GF13 | C133: =IF($B133<>"",_xlfn.IFNA(VLOOKUP($B133,'Node Details'!$B:$U,C$1,0),"Check"),"") -> 00001GF12-00001GF22 | D133: =IF($B133<>"",_xlfn.IFNA(VLOOKUP($B133,'Node Details'!$B:$U,D$1,0),"Check"),"") -> 1GF | E133: =IF($B133<>"",_xlfn.IFNA(VLOOKUP($B133,'Node Details'!$B:$U,E$1,0),"Check"),"") -> Airtel | F133: 45379 | H133: FAT -Labelling & AT clearance | I133: 1 | J133: 50 | K133: =IF(I133<>"",J133*I133,0) -> 50 | L133: 45141 | N133: ETIL-PUR-ORD-23-10-00058 | O133: 45211 | P133: =J133 -> 50 | Q133: =P133*I133 -> 50 | S133: SE/361 BG | T133: 45257 | U133: =J133 -> 50 | V133: =I133 -> 1 | W133: =IF(V133<>"",V133*U133,0) -> 50 | X133: Sudhist Enterprises | Y133: Mumbai
A134: =A133+1 -> 132 | B134: 1GF14 | C134: =IF($B134<>"",_xlfn.IFNA(VLOOKUP($B134,'Node Details'!$B:$U,C$1,0),"Check"),"") -> 00001GF12-00001GF22 | D134: =IF($B134<>"",_xlfn.IFNA(VLOOKUP($B134,'Node Details'!$B:$U,D$1,0),"Check"),"") -> 1GF | E134: =IF($B134<>"",_xlfn.IFNA(VLOOKUP($B134,'Node Details'!$B:$U,E$1,0),"Check"),"") -> Airtel | F134: 45379 | H134: FAT -Labelling & AT clearance | I134: 1 | J134: 50 | K134: =IF(I134<>"",J134*I134,0) -> 50 | P134: =J134 -> 50 | Q134: =P134*I134 -> 50 | S134: SE/361 BG | U134: =J134 -> 50 | V134: =I134 -> 1 | W134: =IF(V134<>"",V134*U134,0) -> 50 | X134: Sudhist Enterprises | Y134: Mumbai
A135: =A134+1 -> 133 | B135: 1GF15 | C135: =IF($B135<>"",_xlfn.IFNA(VLOOKUP($B135,'Node Details'!$B:$U,C$1,0),"Check"),"") -> 00001GF12-00001GF22 | D135: =IF($B135<>"",_xlfn.IFNA(VLOOKUP($B135,'Node Details'!$B:$U,D$1,0),"Check"),"") -> 1GF | E135: =IF($B135<>"",_xlfn.IFNA(VLOOKUP($B135,'Node Details'!$B:$U,E$1,0),"Check"),"") -> Airtel | F135: 45379 | H135: FAT -Labelling & AT clearance | I135: 1 | J135: 50 | K135: =IF(I135<>"",J135*I135,0) -> 50 | P135: =J135 -> 50 | Q135: =P135*I135 -> 50 | S135: SE/361 BG | U135: =J135 -> 50 | V135: =I135 -> 1 | W135: =IF(V135<>"",V135*U135,0) -> 50 | X135: Sudhist Enterprises | Y135: Mumbai
A136: =A135+1 -> 134 | B136: 1GF16 | C136: =IF($B136<>"",_xlfn.IFNA(VLOOKUP($B136,'Node Details'!$B:$U,C$1,0),"Check"),"") -> 00001GF12-00001GF22 | D136: =IF($B136<>"",_xlfn.IFNA(VLOOKUP($B136,'Node Details'!$B:$U,D$1,0),"Check"),"") -> 1GF | E136: =IF($B136<>"",_xlfn.IFNA(VLOOKUP($B136,'Node Details'!$B:$U,E$1,0),"Check"),"") -> Airtel | F136: 45379 | H136: FAT -Labelling & AT clearance | I136: 1 | J136: 50 | K136: =IF(I136<>"",J136*I136,0) -> 50 | P136: =J136 -> 50 | Q136: =P136*I136 -> 50 | S136: SE/361 BG | U136: =J136 -> 50 | V136: =I136 -> 1 | W136: =IF(V136<>"",V136*U136,0) -> 50 | X136: Sudhist Enterprises | Y136: Mumbai
A137: =A136+1 -> 135 | B137: 1GF17 | C137: =IF($B137<>"",_xlfn.IFNA(VLOOKUP($B137,'Node Details'!$B:$U,C$1,0),"Check"),"") -> 00001GF12-00001GF22 | D137: =IF($B137<>"",_xlfn.IFNA(VLOOKUP($B137,'Node Details'!$B:$U,D$1,0),"Check"),"") -> 1GF | E137: =IF($B137<>"",_xlfn.IFNA(VLOOKUP($B137,'Node Details'!$B:$U,E$1,0),"Check"),"") -> Airtel | F137: 45379 | H137: FAT -Labelling & AT clearance | I137: 1 | J137: 50 | K137: =IF(I137<>"",J137*I137,0) -> 50 | P137: =J137 -> 50 | Q137: =P137*I137 -> 50 | S137: SE/361 BG | U137: =J137 -> 50 | V137: =I137 -> 1 | W137: =IF(V137<>"",V137*U137,0) -> 50 | X137: Sudhist Enterprises | Y137: Mumbai
A138: =A137+1 -> 136 | B138: 1GF18 | C138: =IF($B138<>"",_xlfn.IFNA(VLOOKUP($B138,'Node Details'!$B:$U,C$1,0),"Check"),"") -> 00001GF12-00001GF22 | D138: =IF($B138<>"",_xlfn.IFNA(VLOOKUP($B138,'Node Details'!$B:$U,D$1,0),"Check"),"") -> 1GF | E138: =IF($B138<>"",_xlfn.IFNA(VLOOKUP($B138,'Node Details'!$B:$U,E$1,0),"Check"),"") -> Airtel | F138: 45379 | H138: FAT -Labelling & AT clearance | I138: 1 | J138: 50 | K138: =IF(I138<>"",J138*I138,0) -> 50 | P138: =J138 -> 50 | Q138: =P138*I138 -> 50 | S138: SE/361 BG | U138: =J138 -> 50 | V138: =I138 -> 1 | W138: =IF(V138<>"",V138*U138,0) -> 50 | X138: Sudhist Enterprises | Y138: Mumbai
A139: =A138+1 -> 137 | B139: 1GF19 | C139: =IF($B139<>"",_xlfn.IFNA(VLOOKUP($B139,'Node Details'!$B:$U,C$1,0),"Check"),"") -> 00001GF12-00001GF22 | D139: =IF($B139<>"",_xlfn.IFNA(VLOOKUP($B139,'Node Details'!$B:$U,D$1,0),"Check"),"") -> 1GF | E139: =IF($B139<>"",_xlfn.IFNA(VLOOKUP($B139,'Node Details'!$B:$U,E$1,0),"Check"),"") -> Airtel | F139: 45379 | H139: FAT -Labelling & AT clearance | I139: 2 | J139: 50 | K139: =IF(I139<>"",J139*I139,0) -> 100 | P139: =J139 -> 50 | Q139: =P139*I139 -> 100 | S139: SE/361 BG | U139: =J139 -> 50 | V139: =I139 -> 2 | W139: =IF(V139<>"",V139*U139,0) -> 100 | X139: Sudhist Enterprises | Y139: Mumbai
A140: =A139+1 -> 138 | B140: 1GF20 | C140: =IF($B140<>"",_xlfn.IFNA(VLOOKUP($B140,'Node Details'!$B:$U,C$1,0),"Check"),"") -> 00001GF12-00001GF22 | D140: =IF($B140<>"",_xlfn.IFNA(VLOOKUP($B140,'Node Details'!$B:$U,D$1,0),"Check"),"") -> 1GF | E140: =IF($B140<>"",_xlfn.IFNA(VLOOKUP($B140,'Node Details'!$B:$U,E$1,0),"Check"),"") -> Airtel | F140: 45379 | H140: FAT -Labelling & AT clearance | I140: 1 | J140: 50 | K140: =IF(I140<>"",J140*I140,0) -> 50 | P140: =J140 -> 50 | Q140: =P140*I140 -> 50 | S140: SE/361 BG | U140: =J140 -> 50 | V140: =I140 -> 1 | W140: =IF(V140<>"",V140*U140,0) -> 50 | X140: Sudhist Enterprises | Y140: Mumbai
A141: =A140+1 -> 139 | B141: 1GF21 | C141: =IF($B141<>"",_xlfn.IFNA(VLOOKUP($B141,'Node Details'!$B:$U,C$1,0),"Check"),"") -> 00001GF12-00001GF22 | D141: =IF($B141<>"",_xlfn.IFNA(VLOOKUP($B141,'Node Details'!$B:$U,D$1,0),"Check"),"") -> 1GF | E141: =IF($B141<>"",_xlfn.IFNA(VLOOKUP($B141,'Node Details'!$B:$U,E$1,0),"Check"),"") -> Airtel | F141: 45379 | H141: FAT -Labelling & AT clearance | I141: 2 | J141: 50 | K141: =IF(I141<>"",J141*I141,0) -> 100 | P141: =J141 -> 50 | Q141: =P141*I141 -> 100 | S141: SE/361 BG | U141: =J141 -> 50 | V141: =I141 -> 2 | W141: =IF(V141<>"",V141*U141,0) -> 100 | X141: Sudhist Enterprises | Y141: Mumbai
A142: =A141+1 -> 140 | B142: 1GF22 | C142: =IF($B142<>"",_xlfn.IFNA(VLOOKUP($B142,'Node Details'!$B:$U,C$1,0),"Check"),"") -> 00001GF12-00001GF22 | D142: =IF($B142<>"",_xlfn.IFNA(VLOOKUP($B142,'Node Details'!$B:$U,D$1,0),"Check"),"") -> 1GF | E142: =IF($B142<>"",_xlfn.IFNA(VLOOKUP($B142,'Node Details'!$B:$U,E$1,0),"Check"),"") -> Airtel | F142: 45379 | H142: FAT -Labelling & AT clearance | I142: 1 | J142: 50 | K142: =IF(I142<>"",J142*I142,0) -> 50 | P142: =J142 -> 50 | Q142: =P142*I142 -> 50 | S142: SE/361 BG | U142: =J142 -> 50 | V142: =I142 -> 1 | W142: =IF(V142<>"",V142*U142,0) -> 50 | X142: Sudhist Enterprises | Y142: Mumbai
A143: =A142+1 -> 141 | B143: 1GF | C143: =IF($B143<>"",_xlfn.IFNA(VLOOKUP($B143,'Node Details'!$B:$U,C$1,0),"Check"),"") -> 00001GF22-0000001GF | D143: =IF($B143<>"",_xlfn.IFNA(VLOOKUP($B143,'Node Details'!$B:$U,D$1,0),"Check"),"") -> 1GF | E143: =IF($B143<>"",_xlfn.IFNA(VLOOKUP($B143,'Node Details'!$B:$U,E$1,0),"Check"),"") -> Airtel | F143: 45379 | H143: Installation of 24F FMS | I143: 1 | J143: 2400 | K143: =IF(I143<>"",J143*I143,0) -> 2400 | P143: =J143 -> 2400 | Q143: =P143*I143 -> 2400 | U143: =J143 -> 2400 | V143: =I143 -> 1 | W143: =IF(V143<>"",V143*U143,0) -> 2400 | X143: Sudhist Enterprises | Y143: Mumbai
A144: =A143+1 -> 142 | B144: 1GF120101 | C144: =IF($B144<>"",_xlfn.IFNA(VLOOKUP($B144,'Node Details'!$B:$U,C$1,0),"Check"),"") -> 00001GF12-1GF120106 | D144: =IF($B144<>"",_xlfn.IFNA(VLOOKUP($B144,'Node Details'!$B:$U,D$1,0),"Check"),"") -> 1GF | E144: =IF($B144<>"",_xlfn.IFNA(VLOOKUP($B144,'Node Details'!$B:$U,E$1,0),"Check"),"") -> Airtel | F144: 45379 | H144: Extra Core Splicing | I144: 1 | J144: 70 | K144: =IF(I144<>"",J144*I144,0) -> 70 | P144: =J144 -> 70 | Q144: =P144*I144 -> 70 | S144: SE/361 BG | U144: =J144 -> 70 | V144: =I144 -> 1 | W144: =IF(V144<>"",V144*U144,0) -> 70 | X144: Sudhist Enterprises | Y144: Mumbai
A145: =A144+1 -> 143 | B145: 1GF120102 | C145: =IF($B145<>"",_xlfn.IFNA(VLOOKUP($B145,'Node Details'!$B:$U,C$1,0),"Check"),"") -> 00001GF12-1GF120106 | D145: =IF($B145<>"",_xlfn.IFNA(VLOOKUP($B145,'Node Details'!$B:$U,D$1,0),"Check"),"") -> 1GF | E145: =IF($B145<>"",_xlfn.IFNA(VLOOKUP($B145,'Node Details'!$B:$U,E$1,0),"Check"),"") -> Airtel | F145: 45379 | H145: Extra Core Splicing | I145: 1 | J145: 70 | K145: =IF(I145<>"",J145*I145,0) -> 70 | P145: =J145 -> 70 | Q145: =P145*I145 -> 70 | S145: SE/361 BG | U145: =J145 -> 70 | V145: =I145 -> 1 | W145: =IF(V145<>"",V145*U145,0) -> 70 | X145: Sudhist Enterprises | Y145: Mumbai
A146: =A145+1 -> 144 | B146: 1GF120103 | C146: =IF($B146<>"",_xlfn.IFNA(VLOOKUP($B146,'Node Details'!$B:$U,C$1,0),"Check"),"") -> 00001GF12-1GF120106 | D146: =IF($B146<>"",_xlfn.IFNA(VLOOKUP($B146,'Node Details'!$B:$U,D$1,0),"Check"),"") -> 1GF | E146: =IF($B146<>"",_xlfn.IFNA(VLOOKUP($B146,'Node Details'!$B:$U,E$1,0),"Check"),"") -> Airtel | F146: 45379 | H146: Extra Core Splicing | I146: 1 | J146: 70 | K146: =IF(I146<>"",J146*I146,0) -> 70 | P146: =J146 -> 70 | Q146: =P146*I146 -> 70 | S146: SE/361 BG | U146: =J146 -> 70 | V146: =I146 -> 1 | W146: =IF(V146<>"",V146*U146,0) -> 70 | X146: Sudhist Enterprises | Y146: Mumbai
A147: =A146+1 -> 145 | B147: 1GF120104 | C147: =IF($B147<>"",_xlfn.IFNA(VLOOKUP($B147,'Node Details'!$B:$U,C$1,0),"Check"),"") -> 00001GF12-1GF120106 | D147: =IF($B147<>"",_xlfn.IFNA(VLOOKUP($B147,'Node Details'!$B:$U,D$1,0),"Check"),"") -> 1GF | E147: =IF($B147<>"",_xlfn.IFNA(VLOOKUP($B147,'Node Details'!$B:$U,E$1,0),"Check"),"") -> Airtel | F147: 45379 | H147: Extra Core Splicing | I147: 1 | J147: 70 | K147: =IF(I147<>"",J147*I147,0) -> 70 | P147: =J147 -> 70 | Q147: =P147*I147 -> 70 | S147: SE/361 BG | U147: =J147 -> 70 | V147: =I147 -> 1 | W147: =IF(V147<>"",V147*U147,0) -> 70 | X147: Sudhist Enterprises | Y147: Mumbai
A148: =A147+1 -> 146 | B148: 1GF120105 | C148: =IF($B148<>"",_xlfn.IFNA(VLOOKUP($B148,'Node Details'!$B:$U,C$1,0),"Check"),"") -> 00001GF12-1GF120106 | D148: =IF($B148<>"",_xlfn.IFNA(VLOOKUP($B148,'Node Details'!$B:$U,D$1,0),"Check"),"") -> 1GF | E148: =IF($B148<>"",_xlfn.IFNA(VLOOKUP($B148,'Node Details'!$B:$U,E$1,0),"Check"),"") -> Airtel | F148: 45379 | H148: Extra Core Splicing | I148: 2 | J148: 70 | K148: =IF(I148<>"",J148*I148,0) -> 140 | P148: =J148 -> 70 | Q148: =P148*I148 -> 140 | S148: SE/361 BG | U148: =J148 -> 70 | V148: =I148 -> 2 | W148: =IF(V148<>"",V148*U148,0) -> 140 | X148: Sudhist Enterprises | Y148: Mumbai
A149: =A148+1 -> 147 | B149: 1GF120106 | C149: =IF($B149<>"",_xlfn.IFNA(VLOOKUP($B149,'Node Details'!$B:$U,C$1,0),"Check"),"") -> 00001GF12-1GF120106 | D149: =IF($B149<>"",_xlfn.IFNA(VLOOKUP($B149,'Node Details'!$B:$U,D$1,0),"Check"),"") -> 1GF | E149: =IF($B149<>"",_xlfn.IFNA(VLOOKUP($B149,'Node Details'!$B:$U,E$1,0),"Check"),"") -> Airtel | F149: 45379 | H149: Extra Core Splicing | I149: 1 | J149: 70 | K149: =IF(I149<>"",J149*I149,0) -> 70 | P149: =J149 -> 70 | Q149: =P149*I149 -> 70 | S149: SE/361 BG | U149: =J149 -> 70 | V149: =I149 -> 1 | W149: =IF(V149<>"",V149*U149,0) -> 70 | X149: Sudhist Enterprises | Y149: Mumbai
A150: =A149+1 -> 148 | B150: 1GF130101 | C150: =IF($B150<>"",_xlfn.IFNA(VLOOKUP($B150,'Node Details'!$B:$U,C$1,0),"Check"),"") -> 00001GF13-1GF130106 | D150: =IF($B150<>"",_xlfn.IFNA(VLOOKUP($B150,'Node Details'!$B:$U,D$1,0),"Check"),"") -> 1GF | E150: =IF($B150<>"",_xlfn.IFNA(VLOOKUP($B150,'Node Details'!$B:$U,E$1,0),"Check"),"") -> Airtel | F150: 45379 | H150: Extra Core Splicing | I150: 1 | J150: 70 | K150: =IF(I150<>"",J150*I150,0) -> 70 | P150: =J150 -> 70 | Q150: =P150*I150 -> 70 | S150: SE/361 BG | U150: =J150 -> 70 | V150: =I150 -> 1 | W150: =IF(V150<>"",V150*U150,0) -> 70 | X150: Sudhist Enterprises | Y150: Mumbai
A151: =A150+1 -> 149 | B151: 1GF130102 | C151: =IF($B151<>"",_xlfn.IFNA(VLOOKUP($B151,'Node Details'!$B:$U,C$1,0),"Check"),"") -> 00001GF13-1GF130106 | D151: =IF($B151<>"",_xlfn.IFNA(VLOOKUP($B151,'Node Details'!$B:$U,D$1,0),"Check"),"") -> 1GF | E151: =IF($B151<>"",_xlfn.IFNA(VLOOKUP($B151,'Node Details'!$B:$U,E$1,0),"Check"),"") -> Airtel | F151: 45379 | H151: Extra Core Splicing | I151: 2 | J151: 70 | K151: =IF(I151<>"",J151*I151,0) -> 140 | P151: =J151 -> 70 | Q151: =P151*I151 -> 140 | S151: SE/361 BG | U151: =J151 -> 70 | V151: =I151 -> 2 | W151: =IF(V151<>"",V151*U151,0) -> 140 | X151: Sudhist Enterprises | Y151: Mumbai
A152: =A151+1 -> 150 | B152: 1GF130103 | C152: =IF($B152<>"",_xlfn.IFNA(VLOOKUP($B152,'Node Details'!$B:$U,C$1,0),"Check"),"") -> 00001GF13-1GF130106 | D152: =IF($B152<>"",_xlfn.IFNA(VLOOKUP($B152,'Node Details'!$B:$U,D$1,0),"Check"),"") -> 1GF | E152: =IF($B152<>"",_xlfn.IFNA(VLOOKUP($B152,'Node Details'!$B:$U,E$1,0),"Check"),"") -> Airtel | F152: 45379 | H152: Extra Core Splicing | I152: 1 | J152: 70 | K152: =IF(I152<>"",J152*I152,0) -> 70 | P152: =J152 -> 70 | Q152: =P152*I152 -> 70 | S152: SE/361 BG | U152: =J152 -> 70 | V152: =I152 -> 1 | W152: =IF(V152<>"",V152*U152,0) -> 70 | X152: Sudhist Enterprises | Y152: Mumbai
A153: =A152+1 -> 151 | B153: 1GF130104 | C153: =IF($B153<>"",_xlfn.IFNA(VLOOKUP($B153,'Node Details'!$B:$U,C$1,0),"Check"),"") -> 00001GF13-1GF130106 | D153: =IF($B153<>"",_xlfn.IFNA(VLOOKUP($B153,'Node Details'!$B:$U,D$1,0),"Check"),"") -> 1GF | E153: =IF($B153<>"",_xlfn.IFNA(VLOOKUP($B153,'Node Details'!$B:$U,E$1,0),"Check"),"") -> Airtel | F153: 45379 | H153: Extra Core Splicing | I153: 1 | J153: 70 | K153: =IF(I153<>"",J153*I153,0) -> 70 | P153: =J153 -> 70 | Q153: =P153*I153 -> 70 | S153: SE/361 BG | U153: =J153 -> 70 | V153: =I153 -> 1 | W153: =IF(V153<>"",V153*U153,0) -> 70 | X153: Sudhist Enterprises | Y153: Mumbai
A154: =A153+1 -> 152 | B154: 1GF130105 | C154: =IF($B154<>"",_xlfn.IFNA(VLOOKUP($B154,'Node Details'!$B:$U,C$1,0),"Check"),"") -> 00001GF13-1GF130106 | D154: =IF($B154<>"",_xlfn.IFNA(VLOOKUP($B154,'Node Details'!$B:$U,D$1,0),"Check"),"") -> 1GF | E154: =IF($B154<>"",_xlfn.IFNA(VLOOKUP($B154,'Node Details'!$B:$U,E$1,0),"Check"),"") -> Airtel | F154: 45379 | H154: Extra Core Splicing | I154: 1 | J154: 70 | K154: =IF(I154<>"",J154*I154,0) -> 70 | P154: =J154 -> 70 | Q154: =P154*I154 -> 70 | S154: SE/361 BG | U154: =J154 -> 70 | V154: =I154 -> 1 | W154: =IF(V154<>"",V154*U154,0) -> 70 | X154: Sudhist Enterprises | Y154: Mumbai
A155: =A154+1 -> 153 | B155: 1GF130106 | C155: =IF($B155<>"",_xlfn.IFNA(VLOOKUP($B155,'Node Details'!$B:$U,C$1,0),"Check"),"") -> 00001GF13-1GF130106 | D155: =IF($B155<>"",_xlfn.IFNA(VLOOKUP($B155,'Node Details'!$B:$U,D$1,0),"Check"),"") -> 1GF | E155: =IF($B155<>"",_xlfn.IFNA(VLOOKUP($B155,'Node Details'!$B:$U,E$1,0),"Check"),"") -> Airtel | F155: 45379 | H155: Extra Core Splicing | I155: 2 | J155: 70 | K155: =IF(I155<>"",J155*I155,0) -> 140 | P155: =J155 -> 70 | Q155: =P155*I155 -> 140 | S155: SE/361 BG | U155: =J155 -> 70 | V155: =I155 -> 2 | W155: =IF(V155<>"",V155*U155,0) -> 140 | X155: Sudhist Enterprises | Y155: Mumbai
... A268: =A267+1 -> 266 | B268: 1GF220102 | C268: =IF($B268<>"",_xlfn.IFNA(VLOOKUP($B268,'Node Details'!$B:$U,C$1,0),"Check"),"") -> 00001GF22-1GF210102 | D268: =IF($B268<>"",_xlfn.IFNA(VLOOKUP($B268,'Node Details'!$B:$U,D$1,0),"Check"),"") -> 1GF | E268: =IF($B268<>"",_xlfn.IFNA(VLOOKUP($B268,'Node Details'!$B:$U,E$1,0),"Check"),"") -> Airtel | F268: 45379 | H268: Extra Core Splicing | I268: 1 | J268: 70 | K268: =IF(I268<>"",J268*I268,0) -> 70 | P268: =J268 -> 70 | Q268: =P268*I268 -> 70 | S268: SE/361 BG | U268: =J268 -> 70 | V268: =I268 -> 1 | W268: =IF(V268<>"",V268*U268,0) -> 70 | X268: Sudhist Enterprises | Y268: Mumbai
A269: =A268+1 -> 267 | B269: 1GF120107 | C269: =IF($B269<>"",_xlfn.IFNA(VLOOKUP($B269,'Node Details'!$B:$U,C$1,0),"Check"),"") -> 00001GF12-1GF120106 | D269: =IF($B269<>"",_xlfn.IFNA(VLOOKUP($B269,'Node Details'!$B:$U,D$1,0),"Check"),"") -> 1GF | E269: =IF($B269<>"",_xlfn.IFNA(VLOOKUP($B269,'Node Details'!$B:$U,E$1,0),"Check"),"") -> Airtel | F269: 45092 | H269: FAT Box Installation | I269: 1 | J269: 500 | K269: =IF(I269<>"",J269*I269,0) -> 500 | N269: ETIL-PUR-ORD-24-06-00029 | O269: 45461 | P269: =J269 -> 500 | Q269: =P269*I269 -> 500 | S269: SE/458BG | T269: 45461 | U269: =J269 -> 500 | V269: =I269 -> 1 | W269: =IF(V269<>"",V269*U269,0) -> 500 | X269: Sudhist Enterprises | Y269: Mumbai
A270: =A269+1 -> 268 | B270: 1GF120108 | C270: =IF($B270<>"",_xlfn.IFNA(VLOOKUP($B270,'Node Details'!$B:$U,C$1,0),"Check"),"") -> 00001GF12-1GF120106 | D270: =IF($B270<>"",_xlfn.IFNA(VLOOKUP($B270,'Node Details'!$B:$U,D$1,0),"Check"),"") -> 1GF | E270: =IF($B270<>"",_xlfn.IFNA(VLOOKUP($B270,'Node Details'!$B:$U,E$1,0),"Check"),"") -> Airtel | F270: 45092 | H270: FAT Box Installation | I270: 1 | J270: 500 | K270: =IF(I270<>"",J270*I270,0) -> 500 | N270: ETIL-PUR-ORD-24-06-00029 | O270: 45461 | P270: =J270 -> 500 | Q270: =P270*I270 -> 500 | S270: SE/458BG | T270: 45461 | U270: =J270 -> 500 | V270: =I270 -> 1 | W270: =IF(V270<>"",V270*U270,0) -> 500 | X270: Sudhist Enterprises | Y270: Mumbai
A271: =A270+1 -> 269 | B271: 1GF120107 | C271: =IF($B271<>"",_xlfn.IFNA(VLOOKUP($B271,'Node Details'!$B:$U,C$1,0),"Check"),"") -> 00001GF12-1GF120106 | D271: =IF($B271<>"",_xlfn.IFNA(VLOOKUP($B271,'Node Details'!$B:$U,D$1,0),"Check"),"") -> 1GF | E271: =IF($B271<>"",_xlfn.IFNA(VLOOKUP($B271,'Node Details'!$B:$U,E$1,0),"Check"),"") -> Airtel | F271: 45092 | H271: Extra Core Splicing | I271: 12 | J271: 70 | K271: =IF(I271<>"",J271*I271,0) -> 840 | N271: ETIL-PUR-ORD-24-06-00029 | O271: 45461 | P271: =J271 -> 70 | Q271: =P271*I271 -> 840 | S271: SE/458BG | T271: 45461 | U271: =J271 -> 70 | V271: =I271 -> 12 | W271: =IF(V271<>"",V271*U271,0) -> 840 | X271: Sudhist Enterprises | Y271: Mumbai
A272: =A271+1 -> 270 | B272: 1GF120108 | C272: =IF($B272<>"",_xlfn.IFNA(VLOOKUP($B272,'Node Details'!$B:$U,C$1,0),"Check"),"") -> 00001GF12-1GF120106 | D272: =IF($B272<>"",_xlfn.IFNA(VLOOKUP($B272,'Node Details'!$B:$U,D$1,0),"Check"),"") -> 1GF | E272: =IF($B272<>"",_xlfn.IFNA(VLOOKUP($B272,'Node Details'!$B:$U,E$1,0),"Check"),"") -> Airtel | F272: 45092 | H272: Extra Core Splicing | I272: 12 | J272: 70 | K272: =IF(I272<>"",J272*I272,0) -> 840 | N272: ETIL-PUR-ORD-24-06-00029 | O272: 45461 | P272: =J272 -> 70 | Q272: =P272*I272 -> 840 | S272: SE/458BG | T272: 45461 | U272: =J272 -> 70 | V272: =I272 -> 12 | W272: =IF(V272<>"",V272*U272,0) -> 840 | X272: Sudhist Enterprises | Y272: Mumbai
A273: =A272+1 -> 271 | B273: 1GF23 | C273: =IF($B273<>"",_xlfn.IFNA(VLOOKUP($B273,'Node Details'!$B:$U,C$1,0),"Check"),"") -> 00001GF12-1GF120106 | D273: =IF($B273<>"",_xlfn.IFNA(VLOOKUP($B273,'Node Details'!$B:$U,D$1,0),"Check"),"") -> 1GF | E273: =IF($B273<>"",_xlfn.IFNA(VLOOKUP($B273,'Node Details'!$B:$U,E$1,0),"Check"),"") -> Airtel | F273: 45092 | H273: FAT Box Installation | I273: 1 | J273: 500 | K273: =IF(I273<>"",J273*I273,0) -> 500 | N273: ETIL-PUR-ORD-24-06-00029 | O273: 45461 | P273: =J273 -> 500 | Q273: =P273*I273 -> 500 | S273: SE/458BG | T273: 45461 | U273: =J273 -> 500 | V273: =I273 -> 1 | W273: =IF(V273<>"",V273*U273,0) -> 500 | X273: Sudhist Enterprises | Y273: Mumbai
A274: =A273+1 -> 272 | B274: 1GF230101 | C274: =IF($B274<>"",_xlfn.IFNA(VLOOKUP($B274,'Node Details'!$B:$U,C$1,0),"Check"),"") -> 00001GF12-1GF120106 | D274: =IF($B274<>"",_xlfn.IFNA(VLOOKUP($B274,'Node Details'!$B:$U,D$1,0),"Check"),"") -> 1GF | E274: =IF($B274<>"",_xlfn.IFNA(VLOOKUP($B274,'Node Details'!$B:$U,E$1,0),"Check"),"") -> Airtel | F274: 45092 | H274: FAT Box Installation | I274: 1 | J274: 500 | K274: =IF(I274<>"",J274*I274,0) -> 500 | N274: ETIL-PUR-ORD-24-06-00029 | O274: 45461 | P274: =J274 -> 500 | Q274: =P274*I274 -> 500 | S274: SE/458BG | T274: 45461 | U274: =J274 -> 500 | V274: =I274 -> 1 | W274: =IF(V274<>"",V274*U274,0) -> 500 | X274: Sudhist Enterprises | Y274: Mumbai
A275: =A274+1 -> 273 | B275: 1GF230102 | C275: =IF($B275<>"",_xlfn.IFNA(VLOOKUP($B275,'Node Details'!$B:$U,C$1,0),"Check"),"") -> 00001GF12-1GF120106 | D275: =IF($B275<>"",_xlfn.IFNA(VLOOKUP($B275,'Node Details'!$B:$U,D$1,0),"Check"),"") -> 1GF | E275: =IF($B275<>"",_xlfn.IFNA(VLOOKUP($B275,'Node Details'!$B:$U,E$1,0),"Check"),"") -> Airtel | F275: 45092 | H275: FAT Box Installation | I275: 1 | J275: 500 | K275: =IF(I275<>"",J275*I275,0) -> 500 | N275: ETIL-PUR-ORD-24-06-00029 | O275: 45461 | P275: =J275 -> 500 | Q275: =P275*I275 -> 500 | S275: SE/458BG | T275: 45461 | U275: =J275 -> 500 | V275: =I275 -> 1 | W275: =IF(V275<>"",V275*U275,0) -> 500 | X275: Sudhist Enterprises | Y275: Mumbai
A276: =A275+1 -> 274 | B276: 1GF24 | C276: =IF($B276<>"",_xlfn.IFNA(VLOOKUP($B276,'Node Details'!$B:$U,C$1,0),"Check"),"") -> 00001GF12-1GF120106 | D276: =IF($B276<>"",_xlfn.IFNA(VLOOKUP($B276,'Node Details'!$B:$U,D$1,0),"Check"),"") -> 1GF | E276: =IF($B276<>"",_xlfn.IFNA(VLOOKUP($B276,'Node Details'!$B:$U,E$1,0),"Check"),"") -> Airtel | F276: 45092 | H276: FAT Box Installation | I276: 1 | J276: 500 | K276: =IF(I276<>"",J276*I276,0) -> 500 | N276: ETIL-PUR-ORD-24-06-00029 | O276: 45461 | P276: =J276 -> 500 | Q276: =P276*I276 -> 500 | S276: SE/458BG | T276: 45461 | U276: =J276 -> 500 | V276: =I276 -> 1 | W276: =IF(V276<>"",V276*U276,0) -> 500 | X276: Sudhist Enterprises | Y276: Mumbai
A277: =A276+1 -> 275 | B277: 1GF240101 | C277: =IF($B277<>"",_xlfn.IFNA(VLOOKUP($B277,'Node Details'!$B:$U,C$1,0),"Check"),"") -> 00001GF12-1GF120106 | D277: =IF($B277<>"",_xlfn.IFNA(VLOOKUP($B277,'Node Details'!$B:$U,D$1,0),"Check"),"") -> 1GF | E277: =IF($B277<>"",_xlfn.IFNA(VLOOKUP($B277,'Node Details'!$B:$U,E$1,0),"Check"),"") -> Airtel | F277: 45092 | H277: FAT Box Installation | I277: 1 | J277: 500 | K277: =IF(I277<>"",J277*I277,0) -> 500 | N277: ETIL-PUR-ORD-24-06-00029 | O277: 45461 | P277: =J277 -> 500 | Q277: =P277*I277 -> 500 | S277: SE/458BG | T277: 45461 | U277: =J277 -> 500 | V277: =I277 -> 1 | W277: =IF(V277<>"",V277*U277,0) -> 500 | X277: Sudhist Enterprises | Y277: Mumbai
A278: =A277+1 -> 276 | B278: 1GF240102 | C278: =IF($B278<>"",_xlfn.IFNA(VLOOKUP($B278,'Node Details'!$B:$U,C$1,0),"Check"),"") -> 00001GF12-1GF120106 | D278: =IF($B278<>"",_xlfn.IFNA(VLOOKUP($B278,'Node Details'!$B:$U,D$1,0),"Check"),"") -> 1GF | E278: =IF($B278<>"",_xlfn.IFNA(VLOOKUP($B278,'Node Details'!$B:$U,E$1,0),"Check"),"") -> Airtel | F278: 45092 | H278: FAT Box Installation | I278: 1 | J278: 500 | K278: =IF(I278<>"",J278*I278,0) -> 500 | N278: ETIL-PUR-ORD-24-06-00029 | O278: 45461 | P278: =J278 -> 500 | Q278: =P278*I278 -> 500 | S278: SE/458BG | T278: 45461 | U278: =J278 -> 500 | V278: =I278 -> 1 | W278: =IF(V278<>"",V278*U278,0) -> 500 | X278: Sudhist Enterprises | Y278: Mumbai
A279: =A278+1 -> 277 | B279: 1GF23 | C279: =IF($B279<>"",_xlfn.IFNA(VLOOKUP($B279,'Node Details'!$B:$U,C$1,0),"Check"),"") -> 00001GF12-1GF120106 | D279: =IF($B279<>"",_xlfn.IFNA(VLOOKUP($B279,'Node Details'!$B:$U,D$1,0),"Check"),"") -> 1GF | E279: =IF($B279<>"",_xlfn.IFNA(VLOOKUP($B279,'Node Details'!$B:$U,E$1,0),"Check"),"") -> Airtel | F279: 45092 | H279: Extra Core Splicing | I279: 8 | J279: 70 | K279: =IF(I279<>"",J279*I279,0) -> 560 | N279: ETIL-PUR-ORD-24-06-00029 | O279: 45461 | P279: =J279 -> 70 | Q279: =P279*I279 -> 560 | S279: SE/458BG | T279: 45461 | U279: =J279 -> 70 | V279: =I279 -> 8 | W279: =IF(V279<>"",V279*U279,0) -> 560 | X279: Sudhist Enterprises | Y279: Mumbai
A280: =A279+1 -> 278 | B280: 1GF230101 | C280: =IF($B280<>"",_xlfn.IFNA(VLOOKUP($B280,'Node Details'!$B:$U,C$1,0),"Check"),"") -> 00001GF12-1GF120106 | D280: =IF($B280<>"",_xlfn.IFNA(VLOOKUP($B280,'Node Details'!$B:$U,D$1,0),"Check"),"") -> 1GF | E280: =IF($B280<>"",_xlfn.IFNA(VLOOKUP($B280,'Node Details'!$B:$U,E$1,0),"Check"),"") -> Airtel | F280: 45092 | H280: Extra Core Splicing | I280: 8 | J280: 70 | K280: =IF(I280<>"",J280*I280,0) -> 560 | N280: ETIL-PUR-ORD-24-06-00029 | O280: 45461 | P280: =J280 -> 70 | Q280: =P280*I280 -> 560 | S280: SE/458BG | T280: 45461 | U280: =J280 -> 70 | V280: =I280 -> 8 | W280: =IF(V280<>"",V280*U280,0) -> 560 | X280: Sudhist Enterprises | Y280: Mumbai
... A284: =A283+1 -> 282 | B284: 1GF240102 | C284: =IF($B284<>"",_xlfn.IFNA(VLOOKUP($B284,'Node Details'!$B:$U,C$1,0),"Check"),"") -> 00001GF12-1GF120106 | D284: =IF($B284<>"",_xlfn.IFNA(VLOOKUP($B284,'Node Details'!$B:$U,D$1,0),"Check"),"") -> 1GF | E284: =IF($B284<>"",_xlfn.IFNA(VLOOKUP($B284,'Node Details'!$B:$U,E$1,0),"Check"),"") -> Airtel | F284: 45092 | H284: Extra Core Splicing | I284: 2 | J284: 70 | K284: =IF(I284<>"",J284*I284,0) -> 140 | N284: ETIL-PUR-ORD-24-06-00029 | O284: 45461 | P284: =J284 -> 70 | Q284: =P284*I284 -> 140 | S284: SE/458BG | T284: 45461 | U284: =J284 -> 70 | V284: =I284 -> 2 | W284: =IF(V284<>"",V284*U284,0) -> 140 | X284: Sudhist Enterprises | Y284: Mumbai

Sheet PO Details
A1: Sr No. | B1: PO No. | C1: PO Date | D1: PO Type (Fresh/Renewal) | E1: RSU | F1: RSU Name | G1: Lockin Period (Yrs) | H1: Fiber Type | I1: Fiber Rate (Yr 1) | J1: Fiber Rate (Yr 2) | K1: Fiber Rate (Yr 3) | L1: Fiber Rate (Yr 4) | M1: Fiber Rate (Yr 5) | N1: Fiber Length (Mtrs) | O1: Hoto Length (Mtrs) | P1: FAT Box (nos) | Q1: Fat Box Rate | R1: HP (nos) | S1: Pole (nos) | T1: Pole Rate | U1: Spiltter | V1: Spiltter Rate
A2: 1 | B2: 1 | C2: 45658 | H2: 6F | O2: =SUMIFS('Route-Details'!X:X,'Route-Details'!Z:Z,'PO Details'!B2,'Route-Details'!AA:AA,'PO Details'!C2,'Route-Details'!V:V,'PO Details'!H2) -> 0
A3: =A2+1 -> 2 | B3: 1 | C3: 45658 | H3: 12F | O3: =SUMIFS('Route-Details'!X:X,'Route-Details'!Z:Z,'PO Details'!B3,'Route-Details'!AA:AA,'PO Details'!C3,'Route-Details'!V:V,'PO Details'!H3) -> 0
A4: =A3+1 -> 3 | B4: 1 | C4: 45658 | H4: 24F | O4: =SUMIFS('Route-Details'!X:X,'Route-Details'!Z:Z,'PO Details'!B4,'Route-Details'!AA:AA,'PO Details'!C4,'Route-Details'!V:V,'PO Details'!H4) -> 0
A5: =A4+1 -> 4 | B5: 1 | C5: 45658 | H5: 48F | O5: =SUMIFS('Route-Details'!X:X,'Route-Details'!Z:Z,'PO Details'!B5,'Route-Details'!AA:AA,'PO Details'!C5,'Route-Details'!V:V,'PO Details'!H5) -> 0
A6: =A5+1 -> 5 | B6: 2 | C6: 45690 | H6: 6F | O6: =SUMIFS('Route-Details'!X:X,'Route-Details'!Z:Z,'PO Details'!B6,'Route-Details'!AA:AA,'PO Details'!C6,'Route-Details'!V:V,'PO Details'!H6) -> 0
A7: =A6+1 -> 6 | B7: 2 | C7: 45690 | H7: 12F | O7: =SUMIFS('Route-Details'!X:X,'Route-Details'!Z:Z,'PO Details'!B7,'Route-Details'!AA:AA,'PO Details'!C7,'Route-Details'!V:V,'PO Details'!H7) -> 0
A8: =A7+1 -> 7 | B8: 2 | C8: 45690 | H8: 24F | O8: =SUMIFS('Route-Details'!X:X,'Route-Details'!Z:Z,'PO Details'!B8,'Route-Details'!AA:AA,'PO Details'!C8,'Route-Details'!V:V,'PO Details'!H8) -> 0
A9: =A8+1 -> 8 | B9: 2 | C9: 45690 | H9: 48F | O9: =SUMIFS('Route-Details'!X:X,'Route-Details'!Z:Z,'PO Details'!B9,'Route-Details'!AA:AA,'PO Details'!C9,'Route-Details'!V:V,'PO Details'!H9) -> 0

Sheet Other Revenue
A1: Sr No. | B1: Circle | C1: RSU | D1: HOTO Date | E1: Lockin Period | F1: FAT Box | G1: FAT Box Rate | H1: Pole | I1: Pole Rate | J1: Spiltter | K1: Spiltter Rate
A2: 1
A3: =A2+1 -> 2
A4: =A3+1 -> 3
A5: =A4+1 -> 4
A6: =A5+1 -> 5
A7: =A6+1 -> 6
A8: =A7+1 -> 7
A9: =A8+1 -> 8

Sheet HP
C1: Original HOTO | R1: 1st Revised HOTO | AE1: 2nd Revised HOTO | AR1: 3rd Revised HOTO | BE1: 4th Revised HOTO | BR1: 5th Revised HOTO
A2: Sr No. | B2: Circle | C2: Cluster Name | D2: Fiber Capacity | E2: HOTO Date | F2: Fiber Length as per HOTO | G2: Planned FAT | H2: Actual Deployed FAT | I2: %Penetration FAT | J2: Planned HP | K2: Actual Home Pass | L2: %Penetration HP | M2: Max (HP/FAT) Penetration % | N2: Penetration Slab | O2: Cluster ID | P2: check Point | R2: Revised HOTO Signoff Received date | S2: Fiber Type | T2: Revised HOTO Date | U2: Fiber Length as per HOTO | V2: Planned FAT | W2: Actual Deployed FAT | X2: %Penetration FAT | Y2: Planned HP | Z2: Actual Home Pass | AA2: %Penetration HP | AB2: Max (HP/FAT) Penetration % | AC2: Penetration Slab | AE2: Revised HOTO Signoff date | AF2: Fiber Type | AG2: Revised HOTO Date | AH2: Fiber Length as per HOTO | AI2: Planned FAT | AJ2: Actual Deployed FAT | AK2: %Penetration FAT | AL2: Planned HP | AM2: Actual Home Pass | AN2: %Penetration HP | AO2: Max (HP/FAT) Penetration % | AP2: Penetration Slab | AR2: Revised HOTO Signoff date | AS2: Fiber Type | AT2: Revised HOTO Date | AU2: Fiber Length as per HOTO | AV2: Planned FAT | AW2: Actual Deployed FAT | AX2: %Penetration FAT | AY2: Planned HP | AZ2: Actual Home Pass | BA2: %Penetration HP | BB2: Max (HP/FAT) Penetration % | BC2: Penetration Slab | BE2: Revised HOTO Signoff date | BF2: Fiber Type | BG2: Revised HOTO Date | BH2: Fiber Length as per HOTO | BI2: Planned FAT | BJ2: Actual Deployed FAT | BK2: %Penetration FAT | BL2: Planned HP | BM2: Actual Home Pass | BN2: %Penetration HP | BO2: Max (HP/FAT) Penetration % | BP2: Penetration Slab | BR2: Revised HOTO Signoff date | BS2: Fiber Type | BT2: Revised HOTO Date | BU2: Fiber Length as per HOTO | BV2: Planned FAT | BW2: Actual Deployed FAT | BX2: %Penetration FAT | BY2: Planned HP | BZ2: Actual Home Pass | CA2: %Penetration HP | CB2: Max (HP/FAT) Penetration % | CC2: Penetration Slab
A3: 1 | I3: =IF(H3<>"",H3/G3,"") | L3: =IF(K3<>"",K3/J3,"") | M3: =IF(L3<>"",MAX(I3,L3),"") | N3: =IF($M3<>"",IF($M3<50%,0%,IF($M3<80%,$M3,100%)),"")
A4: =IF(C4<>"",A3+1,"") | I4: =IF(H4<>"",H4/G4,"") | L4: =IF(K4<>"",K4/J4,"") | M4: =IF(L4<>"",MAX(I4,L4),"") | N4: =IF($M4<>"",IF($M4<50%,0%,IF($M4<80%,$M4,100%)),"")
A5: =IF(C5<>"",A4+1,"") | I5: =IF(H5<>"",H5/G5,"") | L5: =IF(K5<>"",K5/J5,"") | M5: =IF(L5<>"",MAX(I5,L5),"") | N5: =IF($M5<>"",IF($M5<50%,0%,IF($M5<80%,$M5,100%)),"")
A6: =IF(C6<>"",A5+1,"") | I6: =IF(H6<>"",H6/G6,"") | L6: =IF(K6<>"",K6/J6,"") | M6: =IF(L6<>"",MAX(I6,L6),"") | N6: =IF($M6<>"",IF($M6<50%,0%,IF($M6<80%,$M6,100%)),"")
A7: =IF(C7<>"",A6+1,"") | I7: =IF(H7<>"",H7/G7,"") | L7: =IF(K7<>"",K7/J7,"") | M7: =IF(L7<>"",MAX(I7,L7),"") | N7: =IF($M7<>"",IF($M7<50%,0%,IF($M7<80%,$M7,100%)),"")
A8: =IF(C8<>"",A7+1,"") | I8: =IF(H8<>"",H8/G8,"") | L8: =IF(K8<>"",K8/J8,"") | M8: =IF(L8<>"",MAX(I8,L8),"") | N8: =IF($M8<>"",IF($M8<50%,0%,IF($M8<80%,$M8,100%)),"")
A9: =IF(C9<>"",A8+1,"") | I9: =IF(H9<>"",H9/G9,"") | L9: =IF(K9<>"",K9/J9,"") | M9: =IF(L9<>"",MAX(I9,L9),"") | N9: =IF($M9<>"",IF($M9<50%,0%,IF($M9<80%,$M9,100%)),"")
A10: =IF(C10<>"",A9+1,"") | I10: =IF(H10<>"",H10/G10,"") | L10: =IF(K10<>"",K10/J10,"") | M10: =IF(L10<>"",MAX(I10,L10),"") | N10: =IF($M10<>"",IF($M10<50%,0%,IF($M10<80%,$M10,100%)),"")
A11: =IF(C11<>"",A10+1,"") | I11: =IF(H11<>"",H11/G11,"") | L11: =IF(K11<>"",K11/J11,"") | M11: =IF(L11<>"",MAX(I11,L11),"") | N11: =IF($M11<>"",IF($M11<50%,0%,IF($M11<80%,$M11,100%)),"")
A12: =IF(C12<>"",A11+1,"") | I12: =IF(H12<>"",H12/G12,"") | L12: =IF(K12<>"",K12/J12,"") | M12: =IF(L12<>"",MAX(I12,L12),"") | N12: =IF($M12<>"",IF($M12<50%,0%,IF($M12<80%,$M12,100%)),"")
A13: =IF(C13<>"",A12+1,"") | I13: =IF(H13<>"",H13/G13,"") | L13: =IF(K13<>"",K13/J13,"") | M13: =IF(L13<>"",MAX(I13,L13),"") | N13: =IF($M13<>"",IF($M13<50%,0%,IF($M13<80%,$M13,100%)),"")
A14: =IF(C14<>"",A13+1,"") | I14: =IF(H14<>"",H14/G14,"") | L14: =IF(K14<>"",K14/J14,"") | M14: =IF(L14<>"",MAX(I14,L14),"") | N14: =IF($M14<>"",IF($M14<50%,0%,IF($M14<80%,$M14,100%)),"")
A15: =IF(C15<>"",A14+1,"") | I15: =IF(H15<>"",H15/G15,"") | L15: =IF(K15<>"",K15/J15,"") | M15: =IF(L15<>"",MAX(I15,L15),"") | N15: =IF($M15<>"",IF($M15<50%,0%,IF($M15<80%,$M15,100%)),"")
... A299: =IF(C299<>"",A298+1,"") | I299: =IF(H299<>"",H299/G299,"") | L299: =IF(K299<>"",K299/J299,"") | M299: =IF(L299<>"",MAX(I299,L299),"") | N299: =IF($M299<>"",IF($M299<50%,0%,IF($M299<80%,$M299,100%)),"")
